{"train": [{"accuracy": [0.6970134874759152, 0.7385597302504817, 0.7882947976878613, 0.8310452793834298, 0.8486271676300579, 0.8717485549132948, 0.888728323699422], "f1_score": [0.5743647649717011, 0.6588199693691013, 0.7237725023852177, 0.7938313773573875, 0.8176653468560969, 0.8400170478205139, 0.8669343341308641], "loss": [0.6183379888534546, 0.5269763469696045, 0.4584703743457794, 0.40305256843566895, 0.3623896539211273, 0.3306032419204712, 0.2869311273097992], "epochs": 7, "lr": 1e-06}, {"accuracy": [0.8312861271676301, 0.850553949903661, 0.8660886319845857], "f1_score": [0.7944696921575521, 0.8189970594594853, 0.8402496026773466], "loss": [0.3827483355998993, 0.35699573159217834, 0.33344322443008423], "epochs": 3, "lr": 6e-07}], "val": [{"accuracy": [0.6034090909090909, 0.6420454545454546, 0.6568181818181819, 0.6886363636363636, 0.6943181818181818, 0.6943181818181818, 0.6988636363636364], "f1_score": [0.5499474263110629, 0.5621405866860415, 0.5528329246511068, 0.5167970917970922, 0.5299976286339927, 0.4932489227943776, 0.500721046630138], "loss": [0.665058434009552, 0.628849446773529, 0.6446835994720459, 0.6090989112854004, 0.6155166029930115, 0.6126357316970825, 0.6326736807823181], "epochs": 7, "lr": 1e-06}, {"accuracy": [0.6772727272727272, 0.6875, 0.7011363636363637], "f1_score": [0.5387151232605781, 0.5180328257600989, 0.521881098699281], "loss": [0.6561587452888489, 0.632793664932251, 0.6172267198562622], "epochs": 3, "lr": 6e-07}]}