{"train": [{"accuracy": [0.6268674136321195, 0.6974789915966386, 0.7427637721755369, 0.7854808590102709, 0.8182773109243697, 0.8409197012138188, 0.8711484593837535, 0.8921568627450981, 0.9110644257703081], "f1_score": [0.48753380139934743, 0.6320828409063699, 0.6930862321618612, 0.7504338642994094, 0.7846570018838913, 0.8023986129028139, 0.8463722241033147, 0.8721949852201937, 0.8964273821416675], "loss": [0.6586288213729858, 0.603786051273346, 0.5214643478393555, 0.46500182151794434, 0.41888612508773804, 0.3756105303764343, 0.3268324136734009, 0.29143664240837097, 0.2436891794204712], "epochs": 9, "lr": 1e-06}, {"accuracy": [0.8529411764705882, 0.8702147525676938, 0.8865546218487395, 0.8907563025210085], "f1_score": [0.8241648796270629, 0.8420228697539599, 0.8609667487818734, 0.8692858806304168], "loss": [0.3479255437850952, 0.3225694000720978, 0.29137906432151794, 0.2774088382720947], "epochs": 4, "lr": 6e-07}], "val": [{"accuracy": [0.678030303030303, 0.7752525252525253, 0.803030303030303, 0.7828282828282829, 0.7790404040404041, 0.7853535353535354, 0.7752525252525253, 0.7563131313131313, 0.7563131313131313], "f1_score": [0.5755527861588468, 0.5972189987341505, 0.6345314618041894, 0.6030872606630185, 0.6043046179409821, 0.607266470902835, 0.5998158407249321, 0.5916805977412044, 0.589921414163839], "loss": [0.6536752581596375, 0.5785475373268127, 0.5161108374595642, 0.49998635053634644, 0.5019846558570862, 0.495608389377594, 0.5091527700424194, 0.5578653216362, 0.5995716452598572], "epochs": 9, "lr": 1e-06}, {"accuracy": [0.7866161616161617, 0.7638888888888888, 0.7752525252525253, 0.7790404040404041], "f1_score": [0.5985104121467761, 0.5896242926545963, 0.6045023438962839, 0.6036295354477177], "loss": [0.4938294291496277, 0.5471296906471252, 0.528592586517334, 0.5105340480804443], "epochs": 4, "lr": 6e-07}]}