{"train": [{"accuracy": [0.682843137254902, 0.7663602941176471, 0.7990196078431373, 0.8287377450980392, 0.8490808823529412], "f1_score": [0.6352935395214794, 0.7250904324433722, 0.7688231702937562, 0.8010238944062466, 0.8185106560106542], "loss": [0.5938705205917358, 0.4904235303401947, 0.43761146068573, 0.3965621590614319, 0.352518767118454], "epochs": 5, "lr": 1e-06}, {"accuracy": [0.7816789215686275, 0.803125, 0.8204044117647059], "f1_score": [0.7418323914647428, 0.7691257000080514, 0.7880111038199259], "loss": [0.46281570196151733, 0.4355306327342987, 0.41082242131233215], "epochs": 3, "lr": 6e-07}], "val": [{"accuracy": [0.537326388888889, 0.6440972222222222, 0.6493055555555556, 0.6128472222222222, 0.646701388888889], "f1_score": [0.38596733127983135, 0.467264275076775, 0.47129172910422895, 0.4280310545935546, 0.4799515877640877], "loss": [0.7276079654693604, 0.6788691282272339, 0.698428213596344, 0.7593616247177124, 0.7233743071556091], "epochs": 5, "lr": 1e-06}, {"accuracy": [0.646701388888889, 0.6493055555555556, 0.6675347222222222], "f1_score": [0.4688094891219891, 0.4633858618233617, 0.49282575063825057], "loss": [0.7026843428611755, 0.6995126008987427, 0.7038077116012573], "epochs": 3, "lr": 6e-07}]}