{"train": [{"accuracy": [0.6811507936507936, 0.7468253968253968, 0.7822420634920635, 0.815873015873016, 0.8346230158730159, 0.8633928571428572, 0.8714285714285714, 0.9116071428571428, 0.93125, 0.9432539682539683], "f1_score": [0.6051728430299854, 0.7054063529063515, 0.7465903805189495, 0.7855085522942645, 0.8102784913499183, 0.8363851756708877, 0.8511994354851475, 0.8989095956953085, 0.9172224865081989, 0.9329322529322516], "loss": [0.6170065999031067, 0.5147222876548767, 0.46206510066986084, 0.41400107741355896, 0.37112516164779663, 0.33439093828201294, 0.3006345331668854, 0.24686239659786224, 0.2076149582862854, 0.17273320257663727], "epochs": 10, "lr": 1e-06}, {"accuracy": [0.8961309523809524, 0.9007936507936507, 0.9273809523809524], "f1_score": [0.8748723895152446, 0.8794136154850419, 0.9162706076991779], "loss": [0.26461565494537354, 0.2523784041404724, 0.2158924788236618], "epochs": 3, "lr": 6e-07}], "val": [{"accuracy": [0.7916666666666666, 0.7395833333333334, 0.7777777777777778, 0.7951388888888888, 0.7291666666666666, 0.7152777777777778, 0.7986111111111112, 0.7118055555555556, 0.71875, 0.7395833333333334], "f1_score": [0.623564552731219, 0.5368318409985076, 0.553374711708045, 0.6232363315696648, 0.5040687707354373, 0.4954822954822954, 0.6072231780565114, 0.5033933658933658, 0.492567155067155, 0.5205874372541038], "loss": [0.5924032330513, 0.5252308249473572, 0.49416670203208923, 0.48668548464775085, 0.5262669920921326, 0.5709397792816162, 0.45970338582992554, 0.5725255608558655, 0.5696309208869934, 0.5588731169700623], "epochs": 10, "lr": 1e-06}, {"accuracy": [0.7430555555555556, 0.7847222222222222, 0.7395833333333334], "f1_score": [0.5134004884004884, 0.5729683896350561, 0.5253108003108002], "loss": [0.5281350612640381, 0.48155102133750916, 0.5555942058563232], "epochs": 3, "lr": 6e-07}]}