{"train": [{"accuracy": [0.6713583556747096, 0.7416219839142091, 0.775804289544236, 0.7979222520107239, 0.8183646112600537, 0.8359025915996426, 0.8562332439678284, 0.8773458445040214, 0.8930965147453083], "f1_score": [0.5523699118873381, 0.6782607770543417, 0.7292544512383639, 0.7564030547944737, 0.7771726932584819, 0.8024554533937894, 0.8298826731802585, 0.8477699095661545, 0.8745055212883618], "loss": [0.6258783936500549, 0.5365402698516846, 0.4764305055141449, 0.43462079763412476, 0.41594645380973816, 0.37211543321609497, 0.33427295088768005, 0.2945716679096222, 0.2597087621688843], "epochs": 9, "lr": 1e-06}, {"accuracy": [0.8462913315460233, 0.8609249329758714, 0.8783512064343163, 0.881367292225201, 0.8987935656836461], "f1_score": [0.8148542997068445, 0.8370595148075028, 0.8517950473714533, 0.8591000152662333, 0.8705142191737353], "loss": [0.34898072481155396, 0.3298304080963135, 0.2983872890472412, 0.2868499457836151, 0.25172656774520874], "epochs": 5, "lr": 6e-07}], "val": [{"accuracy": [0.6295180722891566, 0.6762048192771084, 0.7048192771084337, 0.7228915662650602, 0.7289156626506024, 0.7259036144578314, 0.733433734939759, 0.7304216867469879, 0.7454819277108434], "f1_score": [0.5733297492333638, 0.5594719871828305, 0.5517024474855802, 0.5885450560149356, 0.5921639271036863, 0.5545576244371426, 0.565984082851553, 0.5737268086665679, 0.6020555080796047], "loss": [0.6522560119628906, 0.5895466208457947, 0.5500286817550659, 0.5494477152824402, 0.5443302989006042, 0.5279210805892944, 0.5320119857788086, 0.5570600628852844, 0.5465574860572815], "epochs": 9, "lr": 1e-06}, {"accuracy": [0.7409638554216867, 0.7364457831325302, 0.7454819277108434, 0.7484939759036144, 0.7379518072289156], "f1_score": [0.5775379907910031, 0.5392029657089901, 0.5859706558501742, 0.5913612491925748, 0.5757000696759734], "loss": [0.5301547646522522, 0.5180786848068237, 0.5283426642417908, 0.5321578979492188, 0.5501474142074585], "epochs": 5, "lr": 6e-07}]}