{
    "train": [
        {
            "accuracy": [
                0.5503968253968253,
                0.5503968253968253,
                0.5503968253968253,
                0.5499007936507937,
                0.5499007936507937,
                0.5503968253968253,
                0.4496031746031746
            ],
            "f1_score": [
                0.3497379868808443,
                0.35459667316810184,
                0.3524551638837354,
                0.34651487401487424,
                0.3479196597053743,
                0.3546827775399205,
                0.3014392089392084
            ],
            "loss": [
                0.6897051334381104,
                0.691670835018158,
                0.6928857564926147,
                0.7018484473228455,
                0.6899835467338562,
                0.6897966265678406,
                0.6964864730834961
            ],
            "epochs": 7,
            "lr": 0.004
        },
        {
            "accuracy": [
                0.5508928571428572,
                0.549404761904762,
                0.4496031746031746
            ],
            "f1_score": [
                0.3502570445427588,
                0.35021676735962426,
                0.3004046350474916
            ],
            "loss": [
                0.694381058216095,
                0.6903576254844666,
                0.7260810732841492
            ],
            "epochs": 3,
            "lr": 0.0024
        },
        {
            "accuracy": [
                0.5503968253968253,
                0.5499007936507937,
                0.5499007936507937
            ],
            "f1_score": [
                0.3502421916707632,
                0.35621427514284665,
                0.34969592576735453
            ],
            "loss": [
                0.6897128224372864,
                0.6914579272270203,
                0.6898133158683777
            ],
            "epochs": 3,
            "lr": 0.0014399999999999999
        },
        {
            "accuracy": [
                0.5503968253968253,
                0.5499007936507937,
                0.5508928571428572
            ],
            "f1_score": [
                0.35136715136715135,
                0.34706506456506464,
                0.354357758643473
            ],
            "loss": [
                0.6908243298530579,
                0.6902858018875122,
                0.6899177432060242
            ],
            "epochs": 3,
            "lr": 0.0008639999999999999
        },
        {
            "accuracy": [
                0.5503968253968253,
                0.549404761904762,
                0.5499007936507937
            ],
            "f1_score": [
                0.35122010264867376,
                0.3499191813477528,
                0.3490930894502324
            ],
            "loss": [
                0.6902780532836914,
                0.6909833550453186,
                0.6898011565208435
            ],
            "epochs": 3,
            "lr": 0.0005183999999999999
        },
        {
            "accuracy": [
                0.4496031746031746,
                0.549404761904762,
                0.5499007936507937
            ],
            "f1_score": [
                0.3007851539994391,
                0.3495114937972078,
                0.3502867635010493
            ],
            "loss": [
                0.7188382744789124,
                0.6900211572647095,
                0.6905877590179443
            ],
            "epochs": 3,
            "lr": 0.00031103999999999995
        },
        {
            "accuracy": [
                0.5499007936507937,
                0.5503968253968253,
                0.5508928571428572
            ],
            "f1_score": [
                0.3500501218358364,
                0.35309098309098286,
                0.34891732606018333
            ],
            "loss": [
                0.6914433240890503,
                0.6912926435470581,
                0.6897022724151611
            ],
            "epochs": 3,
            "lr": 0.00018662399999999995
        },
        {
            "accuracy": [
                0.5503968253968253,
                0.5508928571428572,
                0.5508928571428572
            ],
            "f1_score": [
                0.35066652923795805,
                0.3526957169814315,
                0.3559613931042501
            ],
            "loss": [
                0.6898611783981323,
                0.6896400451660156,
                0.6895994544029236
            ],
            "epochs": 3,
            "lr": 0.00011197439999999997
        },
        {
            "accuracy": [
                0.5499007936507937,
                0.5499007936507937,
                0.5503968253968253
            ],
            "f1_score": [
                0.3502921549350121,
                0.34724869046297624,
                0.34746301317729894
            ],
            "loss": [
                0.6898100972175598,
                0.6898022294044495,
                0.68996661901474
            ],
            "epochs": 3,
            "lr": 6.718463999999998e-05
        }
    ],
    "val": [
        {
            "accuracy": [
                0.7743055555555556,
                0.7743055555555556,
                0.7743055555555556,
                0.7743055555555556,
                0.7743055555555556,
                0.7743055555555556,
                0.22569444444444445
            ],
            "f1_score": [
                0.7276260776260774,
                0.7276260776260774,
                0.7276260776260774,
                0.7276260776260774,
                0.7276260776260774,
                0.7276260776260774,
                0.17531172531172529
            ],
            "loss": [
                0.6414293646812439,
                0.6164467334747314,
                0.6817464232444763,
                0.5847943425178528,
                0.6520013213157654,
                0.6366510987281799,
                0.7017582058906555
            ],
            "epochs": 7,
            "lr": 0.004
        },
        {
            "accuracy": [
                0.7743055555555556,
                0.7743055555555556,
                0.22569444444444445
            ],
            "f1_score": [
                0.7276260776260774,
                0.7276260776260774,
                0.17531172531172529
            ],
            "loss": [
                0.6030389666557312,
                0.6577627658843994,
                0.7999629974365234
            ],
            "epochs": 3,
            "lr": 0.0024
        },
        {
            "accuracy": [
                0.7743055555555556,
                0.7743055555555556,
                0.7743055555555556
            ],
            "f1_score": [
                0.7276260776260774,
                0.7276260776260774,
                0.7276260776260774
            ],
            "loss": [
                0.640545666217804,
                0.6707581877708435,
                0.645439863204956
            ],
            "epochs": 3,
            "lr": 0.0014399999999999999
        },
        {
            "accuracy": [
                0.7743055555555556,
                0.7743055555555556,
                0.7743055555555556
            ],
            "f1_score": [
                0.7276260776260774,
                0.7276260776260774,
                0.7276260776260774
            ],
            "loss": [
                0.665164053440094,
                0.6296454668045044,
                0.6539290547370911
            ],
            "epochs": 3,
            "lr": 0.0008639999999999999
        },
        {
            "accuracy": [
                0.7743055555555556,
                0.7743055555555556,
                0.7743055555555556
            ],
            "f1_score": [
                0.7276260776260774,
                0.7276260776260774,
                0.7276260776260774
            ],