{"train": [{"accuracy_score": [0.6737185858299021, 0.7305125656680392, 0.7787874485304558, 0.8137157461309101, 0.826068436745705], "f1_score": [0.4580188679245283, 0.6234126984126984, 0.7241501416430596, 0.754766355140187, 0.7933884297520661], "loss": [0.6071135401725769, 0.5260334610939026, 0.462819367647171, 0.4043286144733429, 0.37179458141326904], "epochs": 5, "lr": 1e-06}, {"accuracy_score": [0.7590515405367031, 0.7820531023711487, 0.8060485588527616], "f1_score": [0.6846311094592084, 0.7086733725564623, 0.7423613730667672], "loss": [0.48746708035469055, 0.45224398374557495, 0.41939157247543335], "epochs": 3, "lr": 6e-07}], "val": [{"accuracy_score": [0.7771797631862217, 0.7761033369214209, 0.7728740581270183, 0.7707212055974165, 0.7588805166846071], "f1_score": [0.0, 0.06306306306306307, 0.1593625498007968, 0.1087866108786611, 0.23287671232876714], "loss": [0.5198302865028381, 0.5087855458259583, 0.5142810940742493, 0.5279478430747986, 0.5430116057395935], "epochs": 5, "lr": 1e-06}, {"accuracy_score": [0.7739504843918191, 0.7739504843918191, 0.7696447793326158], "f1_score": [0.10256410256410256, 0.10256410256410256, 0.13008130081300812], "loss": [0.5149635672569275, 0.5215592384338379, 0.5250855684280396], "epochs": 3, "lr": 6e-07}]}