{"train": [{"accuracy_score": [0.6623578881794113, 0.7160878367855474, 0.7570471889113846, 0.7875720292789286, 0.8128017442765925, 0.8311789440897056, 0.8400560660333282], "f1_score": [0.6470074286850295, 0.6756988498381401, 0.7365505255439282, 0.7594630182084554, 0.7977624017248011, 0.8169363908266782, 0.8267414269695197], "loss": [0.6248770952224731, 0.5627450346946716, 0.5074130892753601, 0.46506839990615845, 0.4216158390045166, 0.39241135120391846, 0.3683423399925232], "epochs": 7, "lr": 1e-06}, {"accuracy_score": [0.8028344494627006, 0.8145148730727301, 0.8261952966827597], "f1_score": [0.790517003585518, 0.8039584875760274, 0.812743065899434], "loss": [0.43762069940567017, 0.41905635595321655, 0.3977702856063843], "epochs": 3, "lr": 6e-07}], "val": [{"accuracy_score": [0.6047711154094133, 0.6363636363636364, 0.6279819471308833, 0.6524822695035462, 0.6312056737588653, 0.6344294003868471, 0.6389426176660219], "f1_score": [0.5811943297813342, 0.5834044514885284, 0.5950990776102291, 0.5863899730902566, 0.5971428571428572, 0.5991720149626186, 0.6005224814187946], "loss": [0.6580225229263306, 0.6214987635612488, 0.6218518614768982, 0.6038904786109924, 0.6266260147094727, 0.6282618641853333, 0.6348998546600342], "epochs": 7, "lr": 1e-06}, {"accuracy_score": [0.6247582205029013, 0.6183107672469375, 0.6370083816892328], "f1_score": [0.5967145001608349, 0.5946129230508402, 0.6019997256154396], "loss": [0.6311720013618469, 0.6461431384086609, 0.6335830688476562], "epochs": 3, "lr": 6e-07}]}