{"train": [{"accuracy_score": [0.6917925556766858, 0.7282354773399782, 0.7726210870580906, 0.7942688054820122], "f1_score": [0.4906048906048906, 0.6604397742751509, 0.7017973856209151, 0.7576591451109886], "loss": [0.5895622372627258, 0.5313778519630432, 0.47148099541664124, 0.438957542181015], "epochs": 4, "lr": 1e-06}, {"accuracy_score": [0.7107927114156674, 0.7349322535430618, 0.7618750973368634], "f1_score": [0.6027807486631016, 0.6530778638401956, 0.6769490809211917], "loss": [0.5528196096420288, 0.5215914249420166, 0.48717671632766724], "epochs": 3, "lr": 6e-07}], "val": [{"accuracy_score": [0.5950999355254675, 0.5377176015473888, 0.5589941972920697, 0.5460992907801419], "f1_score": [0.5124223602484472, 0.5406790518898142, 0.544, 0.5616438356164384], "loss": [0.6431251764297485, 0.6951980590820312, 0.6850659847259521, 0.7442286610603333], "epochs": 4, "lr": 1e-06}, {"accuracy_score": [0.5415860735009671, 0.5448098001289491, 0.5525467440361057], "f1_score": [0.5231388329979879, 0.538562091503268, 0.5469973890339426], "loss": [0.6772570013999939, 0.6923453211784363, 0.6970024704933167], "epochs": 3, "lr": 6e-07}]}