{"train": [{"accuracy_score": [0.7009557751498461, 0.7474485663372752, 0.787137534424105, 0.8167827636481452, 0.8394621739834764], "f1_score": [0.5807895285948845, 0.6853698577827806, 0.750300145103996, 0.784348132660285, 0.8186320773246774], "loss": [0.5830678343772888, 0.5132094621658325, 0.45241159200668335, 0.40019577741622925, 0.36106857657432556], "epochs": 5, "lr": 1e-06}, {"accuracy_score": [0.7667260651223068, 0.7890814838814191, 0.8039850963874939, 0.8193746962578973, 0.8334683298234246], "f1_score": [0.7190461922407352, 0.7644274328563991, 0.7716471616895346, 0.7891249563223419, 0.8079805789942414], "loss": [0.47807204723358154, 0.4544176459312439, 0.4157465696334839, 0.38762956857681274, 0.36404404044151306], "epochs": 5, "lr": 6e-07}], "val": [{"accuracy_score": [0.5152862701500833, 0.5503057254030017, 0.5780989438576987, 0.5803224013340745, 0.5964424680377988], "f1_score": [0.37555608629886156, 0.4610814651831812, 0.5165274727298028, 0.515507214893718, 0.5566438551468491], "loss": [0.6910509467124939, 0.684695303440094, 0.6897860765457153, 0.7110158205032349, 0.6968564987182617], "epochs": 5, "lr": 1e-06}, {"accuracy_score": [0.5647581989994441, 0.5969983324068927, 0.5864369093941079, 0.5769872151195108, 0.5931072818232351], "f1_score": [0.49270415386227695, 0.5647049478673872, 0.5360238939083846, 0.5199724684528512, 0.5509860883797054], "loss": [0.6917255520820618, 0.6606629490852356, 0.6932269334793091, 0.7183883190155029, 0.7084159255027771], "epochs": 5, "lr": 6e-07}]}