{"train": [{"accuracy_score": [0.6882487164860239, 0.7348830576155163, 0.7833713633770679, 0.8167427267541357], "f1_score": [0.5038583749432591, 0.591338755770499, 0.681618109411025, 0.7329037622115985], "loss": [0.5924487709999084, 0.5170270204544067, 0.451362282037735, 0.3982927203178406], "epochs": 4, "lr": 1e-06}, {"accuracy_score": [0.7052196235025671, 0.7440102681118084, 0.7698231602966343, 0.7997718197375927], "f1_score": [0.5910979228486648, 0.6135629709364908, 0.6782296650717703, 0.7264224473889322], "loss": [0.5529500246047974, 0.5097606182098389, 0.46971336007118225, 0.43310174345970154], "epochs": 4, "lr": 6e-07}], "val": [{"accuracy_score": [0.6833333333333333, 0.684375, 0.6822916666666666, 0.68125], "f1_score": [0.24752475247524755, 0.24438902743142144, 0.23940149625935164, 0.24257425742574257], "loss": [0.6098119616508484, 0.6090827584266663, 0.6314862966537476, 0.6452643871307373], "epochs": 4, "lr": 1e-06}, {"accuracy_score": [0.684375, 0.6770833333333334, 0.6822916666666666, 0.6791666666666667], "f1_score": [0.3160270880361174, 0.23645320197044337, 0.30523917995444194, 0.31555555555555553], "loss": [0.6032904982566833, 0.6123324632644653, 0.616710364818573, 0.6186063885688782], "epochs": 4, "lr": 6e-07}]}