{"train": [{"accuracy": [0.6708950969213227, 0.7123717217787914, 0.74615165336374, 0.7789338654503991, 0.7829247434435576, 0.7970353477765109], "f1_score": [0.565662014407735, 0.6513409939863742, 0.7004087322787418, 0.7237459677026378, 0.7431557040450999, 0.7588693202148162], "loss": [0.60626220703125, 0.5683956742286682, 0.5198829174041748, 0.4757806956768036, 0.44893574714660645, 0.42743226885795593], "epochs": 6, "lr": 1e-06}, {"accuracy": [0.7692417331812998, 0.7814994298745724, 0.7856328392246295], "f1_score": [0.719654360589366, 0.7302178120878232, 0.7467713712867634], "loss": [0.4890824556350708, 0.467002809047699, 0.45312610268592834], "epochs": 3, "lr": 6e-07}], "val": [{"accuracy": [0.6791666666666667, 0.6927083333333334, 0.6802083333333333, 0.6739583333333333, 0.675, 0.6458333333333334], "f1_score": [0.4769521682021685, 0.5239216801716805, 0.5326801901801905, 0.5037243312243315, 0.5521564084064087, 0.5416782291782294], "loss": [0.6091340780258179, 0.5973817706108093, 0.5851691365242004, 0.5888867378234863, 0.6037026643753052, 0.6226206421852112], "epochs": 6, "lr": 1e-06}, {"accuracy": [0.6729166666666667, 0.6739583333333333, 0.6520833333333333], "f1_score": [0.5126079938579942, 0.5058169145669149, 0.5299603637103639], "loss": [0.5904973149299622, 0.5947988629341125, 0.5996696949005127], "epochs": 3, "lr": 6e-07}]}