{"train": [{"accuracy_score": [0.6771262246201902, 0.7295186710208718, 0.7688485020587817, 0.8161294902740309, 0.836859292914951], "f1_score": [0.5094909404659189, 0.6040324256911245, 0.725925925925926, 0.7672119360057522, 0.7794202342100212], "loss": [0.608981192111969, 0.5289853811264038, 0.47248539328575134, 0.4046646058559418, 0.3568878471851349], "epochs": 5, "lr": 1e-06}, {"accuracy_score": [0.7587675706375124, 0.7794973732784325, 0.8015050404657106], "f1_score": [0.6642955937561746, 0.7194218608852755, 0.7307395993836672], "loss": [0.4850812256336212, 0.448330283164978, 0.41554969549179077], "epochs": 3, "lr": 6e-07}], "val": [{"accuracy_score": [0.7761033369214209, 0.7728740581270183, 0.7610333692142088, 0.7685683530678149, 0.7728740581270183], "f1_score": [0.04587155963302752, 0.0365296803652968, 0.18978102189781024, 0.1825095057034221, 0.145748987854251], "loss": [0.5308806300163269, 0.5189992785453796, 0.5246310234069824, 0.5281230211257935, 0.5391815304756165], "epochs": 5, "lr": 1e-06}, {"accuracy_score": [0.7739504843918191, 0.7717976318622174, 0.7707212055974165], "f1_score": [0.07079646017699115, 0.171875, 0.15139442231075695], "loss": [0.519965648651123, 0.5253170132637024, 0.5324738621711731], "epochs": 3, "lr": 6e-07}]}