{"train": [{"accuracy": [0.6595531088082902, 0.6859455958549222, 0.7365284974093265, 0.7726683937823834, 0.773380829015544, 0.7984132124352331, 0.8189443005181347, 0.8302137305699482, 0.8360103626943005], "f1_score": [0.4231070670837487, 0.4871339368748672, 0.609794091918441, 0.698354811567245, 0.6683654140908003, 0.7488400991639321, 0.7580237767413924, 0.7741810075359298, 0.7883095890867914], "loss": [0.6048332452774048, 0.571499764919281, 0.5299904942512512, 0.4859119653701782, 0.47258615493774414, 0.43416863679885864, 0.40367159247398376, 0.38364237546920776, 0.3707125782966614], "epochs": 9, "lr": 1e-06}, {"accuracy": [0.814928756476684, 0.8153173575129533, 0.8251295336787565], "f1_score": [0.7601196299382823, 0.755780086350034, 0.764173880236056], "loss": [0.4086620807647705, 0.3981558680534363, 0.3854658305644989], "epochs": 3, "lr": 6e-07}], "val": [{"accuracy": [0.5061111111111111, 0.523968253968254, 0.5689682539682539, 0.6101587301587301, 0.5711904761904761, 0.6279365079365079, 0.6211904761904762, 0.6223015873015872, 0.6173809523809524], "f1_score": [0.34274791874791916, 0.3652050048716719, 0.4121259604592943, 0.4700557467224139, 0.42351632318299026, 0.5013089626422963, 0.4881729011729014, 0.49207551707551733, 0.4956877443544115], "loss": [0.7120909094810486, 0.7126652002334595, 0.7053017020225525, 0.658219575881958, 0.7319199442863464, 0.6521552205085754, 0.6677167415618896, 0.6763244867324829, 0.6763202548027039], "epochs": 9, "lr": 1e-06}, {"accuracy": [0.6201587301587301, 0.6257142857142857, 0.6095238095238095], "f1_score": [0.4873217893217897, 0.4923131929798601, 0.4823956167289502], "loss": [0.6678451895713806, 0.6680348515510559, 0.6979791522026062], "epochs": 3, "lr": 6e-07}]}