{"train": [{"accuracy": [0.7857142857142857, 0.8392857142857143, 0.8392857142857143, 0.8392857142857143, 0.8392857142857143, 0.8392857142857143, 0.8392857142857143, 0.8392857142857143, 0.8125, 0.8392857142857143, 0.8392857142857143, 0.8125, 0.8392857142857143, 0.8392857142857143, 0.7857142857142857], "f1_score": [0.4730507587650445, 0.6318158032443747, 0.5261119832548404, 0.6322344322344323, 0.5610675039246469, 0.6308738880167452, 0.5605442176870749, 0.5964416535845108, 0.5515436944008373, 0.5964416535845106, 0.5610675039246468, 0.5165881737310309, 0.5619047619047619, 0.5265306122448979, 0.49508110936682376], "loss": [0.6970454454421997, 0.6165802478790283, 0.5618287324905396, 0.5191293358802795, 0.4902973771095276, 0.47527989745140076, 0.46768879890441895, 0.4618059992790222, 0.49308910965919495, 0.44774672389030457, 0.44923222064971924, 0.4931226074695587, 0.4372491240501404, 0.43817493319511414, 0.5367250442504883], "epochs": 15, "lr": 1e-06}, {"accuracy": [0.8392857142857143, 0.8392857142857143, 0.8125], "f1_score": [0.6304552590266876, 0.6318158032443747, 0.6209314495028782], "loss": [0.4466577172279358, 0.4336130917072296, 0.47822466492652893], "epochs": 3, "lr": 6e-07}], "val": [{"accuracy": [0.7582417582417583, 0.8031135531135531, 0.8031135531135531, 0.8031135531135531, 0.8031135531135531, 0.8031135531135531, 0.8031135531135531, 0.8031135531135531, 0.8031135531135531, 0.8031135531135531, 0.8031135531135531, 0.8031135531135531, 0.8031135531135531, 0.8031135531135531, 0.8031135531135531], "f1_score": [0.48157654311500464, 0.5311099157253002, 0.5311099157253002, 0.5311099157253002, 0.5311099157253002, 0.5311099157253002, 0.5311099157253002, 0.5311099157253002, 0.5311099157253002, 0.5311099157253002, 0.5311099157253002, 0.5311099157253002, 0.5311099157253002, 0.5311099157253002, 0.5311099157253002], "loss": [0.6684569716453552, 0.6141295433044434, 0.5722770690917969, 0.5430821180343628, 0.5229402184486389, 0.5109140872955322, 0.5071240067481995, 0.5054855942726135, 0.5036799311637878, 0.5035293698310852, 0.5030835270881653, 0.5024546384811401, 0.5025347471237183, 0.504997968673706, 0.5035259127616882], "epochs": 15, "lr": 1e-06}, {"accuracy": [0.8031135531135531, 0.8031135531135531, 0.8031135531135531], "f1_score": [0.5311099157253002, 0.5311099157253002, 0.5311099157253002], "loss": [0.5040344595909119, 0.5025092363357544, 0.5025361776351929], "epochs": 3, "lr": 6e-07}]}