{"train": [{"accuracy": [0.6708758986000757, 0.7217177449867576, 0.7572360953461975, 0.7964434354899734, 0.818955732122588], "f1_score": [0.5860801451039772, 0.6618593161158414, 0.7187391055154947, 0.7388086311468834, 0.7778769030187879], "loss": [0.6084943413734436, 0.5408076047897339, 0.48761311173439026, 0.4354930818080902, 0.389348566532135], "epochs": 5, "lr": 1e-06}, {"accuracy": [0.7450813469542187, 0.7658910329171397, 0.7862277714718123], "f1_score": [0.6955695269543156, 0.7142411693490011, 0.7357418026544017], "loss": [0.5045474767684937, 0.46941936016082764, 0.4457572400569916], "epochs": 3, "lr": 6e-07}], "val": [{"accuracy": [0.7649572649572649, 0.7574786324786325, 0.7510683760683761, 0.7628205128205128, 0.7585470085470085], "f1_score": [0.5140341140341145, 0.5254788895814542, 0.5527534668560313, 0.549617856028113, 0.5558799225465897], "loss": [0.5341967344284058, 0.5195518732070923, 0.5318973660469055, 0.5311623215675354, 0.5478863716125488], "epochs": 5, "lr": 1e-06}, {"accuracy": [0.7478632478632479, 0.7521367521367521, 0.7553418803418803], "f1_score": [0.5285313451980124, 0.5368946817664771, 0.5392740687612488], "loss": [0.522354781627655, 0.5298643708229065, 0.5355847477912903], "epochs": 3, "lr": 6e-07}]}