{"train": [{"accuracy": [0.6743284146802876, 0.7287646613696557, 0.7709988649262202, 0.7916193719258418], "f1_score": [0.5977322841113949, 0.6795152192995544, 0.7282744182290147, 0.7379564942561542], "loss": [0.6009659767150879, 0.5285851955413818, 0.46713125705718994, 0.43370941281318665], "epochs": 4, "lr": 1e-06}, {"accuracy": [0.7013810064320847, 0.7311293984108967, 0.7648978433598184, 0.7850454029511919], "f1_score": [0.6235228449189821, 0.6630026865554659, 0.7158374794583643, 0.7363099002145542], "loss": [0.5603784918785095, 0.5191497802734375, 0.4753348231315613, 0.44122767448425293], "epochs": 4, "lr": 6e-07}], "val": [{"accuracy": [0.7670940170940171, 0.7660256410256411, 0.7617521367521367, 0.7692307692307693], "f1_score": [0.5239033521084807, 0.5410142563988724, 0.546140042293889, 0.5453463915002382], "loss": [0.5295506715774536, 0.5297593474388123, 0.5375239849090576, 0.5661041736602783], "epochs": 4, "lr": 1e-06}, {"accuracy": [0.7692307692307693, 0.7702991452991453, 0.7681623931623932, 0.7670940170940171], "f1_score": [0.5192278282021876, 0.5280429447096119, 0.5498729665396338, 0.5611929855519604], "loss": [0.5269456505775452, 0.5416194200515747, 0.539768397808075, 0.5559645891189575], "epochs": 4, "lr": 6e-07}]}