{"train": [{"accuracy": [0.6320469163828982, 0.6859629209231933, 0.7226163450624291, 0.7536416950435112, 0.7809307604994324], "f1_score": [0.48873992069224304, 0.6000039183921094, 0.6825952014941793, 0.7135447979942864, 0.7369960031140512], "loss": [0.638521671295166, 0.5964255928993225, 0.5487481355667114, 0.5080418586730957, 0.47366583347320557], "epochs": 5, "lr": 1e-06}, {"accuracy": [0.7087116912599319, 0.7340143776012107, 0.7527430949678395], "f1_score": [0.6596634479154327, 0.6721176666693108, 0.6984641918807626], "loss": [0.5656020641326904, 0.5404250621795654, 0.5143852233886719], "epochs": 3, "lr": 6e-07}], "val": [{"accuracy": [0.7788461538461539, 0.7649572649572649, 0.7029914529914529, 0.717948717948718, 0.7243589743589743], "f1_score": [0.5273127632101995, 0.5320101550870786, 0.532133298799966, 0.5417609456070999, 0.5422334076180234], "loss": [0.5594125390052795, 0.529365599155426, 0.5581390261650085, 0.552349328994751, 0.5483076572418213], "epochs": 5, "lr": 1e-06}, {"accuracy": [0.7371794871794872, 0.75, 0.7371794871794872], "f1_score": [0.5262901391106523, 0.5410748321004735, 0.5467231249282534], "loss": [0.5414793491363525, 0.5319337248802185, 0.5390192270278931], "epochs": 3, "lr": 6e-07}]}