{"train": [{"accuracy_score": [0.6565197637437529, 0.6978646069968196, 0.7376949871270635, 0.7619263970922308, 0.7956989247311828, 0.8126609117068, 0.8281084355595941, 0.841890049977283, 0.8470392245948811], "f1_score": [0.46824437316937856, 0.6026702531852697, 0.688189974395165, 0.7116574662986519, 0.7648381663788782, 0.7915349719336096, 0.8077229124407355, 0.82232765643599, 0.8238223173244571], "loss": [0.612429141998291, 0.5795716643333435, 0.5366756319999695, 0.4994902014732361, 0.45467332005500793, 0.422536700963974, 0.391276478767395, 0.36920610070228577, 0.3509850800037384], "epochs": 9, "lr": 1e-06}, {"accuracy_score": [0.8205361199454794, 0.827048311373618, 0.839315462668484], "f1_score": [0.7851412775756648, 0.8073999185936315, 0.8187121836871467], "loss": [0.40967023372650146, 0.3847258388996124, 0.36856809258461], "epochs": 3, "lr": 6e-07}], "val": [{"accuracy_score": [0.5310445580715851, 0.5719503287070855, 0.6135865595325055, 0.5931336742147553, 0.6179693206720234, 0.620891161431702, 0.6135865595325055, 0.6165084002921841, 0.6179693206720234], "f1_score": [0.37196450008574855, 0.5013884952540064, 0.5949035785705297, 0.5643308382711796, 0.608029947931636, 0.6183366395988004, 0.611429494295662, 0.6117218432495597, 0.608029947931636], "loss": [0.6933416128158569, 0.6804646253585815, 0.6630922555923462, 0.6734730005264282, 0.6638829708099365, 0.6612035632133484, 0.6741523146629333, 0.6802284121513367, 0.70462965965271], "epochs": 9, "lr": 1e-06}, {"accuracy_score": [0.6128560993425858, 0.6150474799123448, 0.6150474799123448], "f1_score": [0.5915024952257413, 0.612982462351696, 0.6103698247141349], "loss": [0.6950424313545227, 0.6757867336273193, 0.6853879690170288], "epochs": 3, "lr": 6e-07}]}