{"train": [{"accuracy": [0.6550741163055872, 0.6755986316989738, 0.7090935005701254, 0.7448688711516533, 0.7710946408209807, 0.7874857468643102, 0.8055872291904219, 0.814139110604333], "f1_score": [0.5019897244526619, 0.5303507527566783, 0.6510860671065893, 0.6856243718273348, 0.7120320829556864, 0.7178742010555008, 0.7652039775756999, 0.7790283705905143], "loss": [0.6355164647102356, 0.6013855934143066, 0.5596277117729187, 0.5240712761878967, 0.4784233570098877, 0.4607710838317871, 0.4193930923938751, 0.4016678035259247], "epochs": 8, "lr": 1e-06}, {"accuracy": [0.7827822120866591, 0.7910490307867731, 0.8003135689851767], "f1_score": [0.7406340776922293, 0.7487395222286896, 0.7632361557105004], "loss": [0.4577767848968506, 0.44245341420173645, 0.428526908159256], "epochs": 3, "lr": 6e-07}], "val": [{"accuracy": [0.6625, 0.6927083333333334, 0.675, 0.6875, 0.6989583333333333, 0.690625, 0.6677083333333333, 0.6614583333333334], "f1_score": [0.4700017112517116, 0.4973915436415441, 0.5233129370629374, 0.5425522625522629, 0.560389147889148, 0.5191995966995969, 0.5519690957190959, 0.5588392625892629], "loss": [0.6243072748184204, 0.5983226299285889, 0.598739504814148, 0.5875324010848999, 0.5815786719322205, 0.6159384250640869, 0.6141151785850525, 0.6336190700531006], "epochs": 8, "lr": 1e-06}, {"accuracy": [0.6791666666666667, 0.6822916666666666, 0.6895833333333333], "f1_score": [0.555292762792763, 0.5619564694564698, 0.5742272079772083], "loss": [0.5933067202568054, 0.594126284122467, 0.6012815833091736], "epochs": 3, "lr": 6e-07}]}