{"train": [{"accuracy_score": [0.6609399403663212, 0.7160301008093142, 0.7721141558994746, 0.8069004685503337, 0.8357234133181882, 0.8510577878744853], "f1_score": [0.5829922296596356, 0.6863362308152051, 0.7566022677688021, 0.7972178789570383, 0.8254328445510707, 0.8402489425132642], "loss": [0.6157169342041016, 0.5514295697212219, 0.4761848449707031, 0.4165514409542084, 0.36678290367126465, 0.3292289972305298], "epochs": 6, "lr": 1e-06}, {"accuracy_score": [0.7888683799517251, 0.8104500922902172, 0.8255004969473236, 0.8382791424109044], "f1_score": [0.77411407322977, 0.8006708635351915, 0.815701575036303, 0.828522263173165], "loss": [0.438803106546402, 0.406011164188385, 0.3781089782714844, 0.35112306475639343], "epochs": 4, "lr": 6e-07}], "val": [{"accuracy_score": [0.7642626480086114, 0.7610333692142088, 0.7610333692142088, 0.7642626480086114, 0.7761033369214209, 0.767491926803014], "f1_score": [0.4742066619975655, 0.5219243750463616, 0.5489817876449903, 0.5749402997235924, 0.570205875549387, 0.592278933680104], "loss": [0.5587337613105774, 0.5258752107620239, 0.5100212693214417, 0.5123782753944397, 0.5118339657783508, 0.519692599773407], "epochs": 6, "lr": 1e-06}, {"accuracy_score": [0.767491926803014, 0.7631862217438106, 0.767491926803014, 0.7707212055974165], "f1_score": [0.5536753323012865, 0.5847285435630689, 0.5774711946634324, 0.5754996878626853], "loss": [0.5052436590194702, 0.5136086940765381, 0.5168159604072571, 0.5178466439247131], "epochs": 4, "lr": 6e-07}]}