{"train": [{"accuracy_score": [0.6896748431260696, 0.7514261266400456, 0.7999144324015972, 0.8241585852823731], "f1_score": [0.6292907615115573, 0.722639316321867, 0.7836055674785639, 0.8124643359854227], "loss": [0.5861687064170837, 0.5050964951515198, 0.44060415029525757, 0.38566020131111145], "epochs": 4, "lr": 1e-06}, {"accuracy_score": [0.7149172846548774, 0.7482886480319453, 0.780376497432972, 0.7966343411294923], "f1_score": [0.6916803488165713, 0.7273075344365627, 0.7616800285882974, 0.7845909384870651], "loss": [0.5447999238967896, 0.5029023885726929, 0.463748574256897, 0.43421027064323425], "epochs": 4, "lr": 6e-07}], "val": [{"accuracy_score": [0.675, 0.68125, 0.6854166666666667, 0.6791666666666667], "f1_score": [0.4777332170880557, 0.5095629874986644, 0.5317073170731708, 0.5322673517296364], "loss": [0.6048895716667175, 0.6080180406570435, 0.6192516088485718, 0.6386781930923462], "epochs": 4, "lr": 1e-06}, {"accuracy_score": [0.6833333333333333, 0.6854166666666667, 0.684375, 0.68125], "f1_score": [0.5319206266720559, 0.5350000962334238, 0.5259259259259259, 0.5517468688200395], "loss": [0.6022533178329468, 0.6097587943077087, 0.6276296973228455, 0.6211233139038086], "epochs": 4, "lr": 6e-07}]}