{"train": [{"accuracy": [0.6902525906735751, 0.71985103626943, 0.7761981865284975, 0.8005181347150259, 0.8167098445595855, 0.8284974093264249, 0.834261658031088, 0.852169689119171, 0.8588082901554405], "f1_score": [0.5343113852181176, 0.5730006500408029, 0.6907699525575162, 0.7340963656378153, 0.7527904450184243, 0.7801089454586857, 0.7660880138859405, 0.8049770609356095, 0.803695570405415], "loss": [0.5880231261253357, 0.5390980243682861, 0.47487297654151917, 0.423565149307251, 0.3924995958805084, 0.3696334660053253, 0.35728999972343445, 0.31884661316871643, 0.30646729469299316], "epochs": 9, "lr": 1e-06}, {"accuracy": [0.8394430051813471, 0.8441386010362694, 0.852169689119171], "f1_score": [0.7781847254645174, 0.7895243213896065, 0.8037871454969892], "loss": [0.3505527377128601, 0.3377363085746765, 0.3168731927871704], "epochs": 3, "lr": 6e-07}], "val": [{"accuracy": [0.53, 0.54, 0.5984126984126984, 0.5911904761904762, 0.6112698412698412, 0.6207142857142857, 0.6034920634920634, 0.6384920634920634, 0.6312698412698412], "f1_score": [0.3755783969117306, 0.38407580074246783, 0.4475666432333102, 0.4497887914554587, 0.4747571194237864, 0.4968188108188113, 0.4560164280164284, 0.5122994536327872, 0.5052156485489824], "loss": [0.6885749697685242, 0.7082809209823608, 0.6667072176933289, 0.7059933543205261, 0.6846269965171814, 0.6557083129882812, 0.7432844638824463, 0.6715848445892334, 0.6920014023780823], "epochs": 9, "lr": 1e-06}, {"accuracy": [0.6129365079365079, 0.604047619047619, 0.6379365079365079], "f1_score": [0.48356293089626473, 0.47531902665236037, 0.5112385885719224], "loss": [0.7184877991676331, 0.7273904085159302, 0.6878333687782288], "epochs": 3, "lr": 6e-07}]}