{"train": [{"accuracy_score": [0.6645067228252065, 0.7071116150980075, 0.7403207516604569, 0.7694799935201685, 0.7923213996436093, 0.8059290458448081, 0.8287704519682488, 0.8337923213996437], "f1_score": [0.4618726660811546, 0.607910709974641, 0.6732958022455724, 0.7137375445862449, 0.7565940378259526, 0.7597233485649528, 0.799225810541131, 0.8048005368133329], "loss": [0.6033615469932556, 0.5713012218475342, 0.5308424234390259, 0.4928569793701172, 0.45736613869667053, 0.4323154091835022, 0.401833176612854, 0.3835136890411377], "epochs": 8, "lr": 1e-06}, {"accuracy_score": [0.8064150332091365, 0.8101409363356553, 0.8213186457152114, 0.8294184351206869, 0.8337923213996437, 0.8380042118904909], "f1_score": [0.7721450208037495, 0.7831737126347904, 0.7963363497831474, 0.798922674260139, 0.8051992845627358, 0.812595250672447], "loss": [0.43862566351890564, 0.4245891571044922, 0.40913861989974976, 0.3936157524585724, 0.38065165281295776, 0.3696470856666565], "epochs": 6, "lr": 6e-07}], "val": [{"accuracy_score": [0.5141745414118954, 0.5636464702612562, 0.5730961645358532, 0.5858810450250139, 0.60366870483602, 0.58532518065592, 0.6008893829905503, 0.5992217898832685], "f1_score": [0.3689573741226634, 0.501766659787013, 0.5306510130039542, 0.5468463293252642, 0.5882617291385059, 0.552534115400209, 0.5869049903416867, 0.5836419448932156], "loss": [0.7037436366081238, 0.6864615678787231, 0.6776684522628784, 0.6818215847015381, 0.6668251156806946, 0.6947017908096313, 0.6716713905334473, 0.6818116307258606], "epochs": 8, "lr": 1e-06}, {"accuracy_score": [0.603112840466926, 0.6114508060033352, 0.6175653140633686, 0.6003335186214563, 0.6081156197887715, 0.6097832128960534], "f1_score": [0.5862678732938397, 0.6037995514037773, 0.6119188088214637, 0.583853805227851, 0.5965963578070507, 0.6017823178330164], "loss": [0.671622097492218, 0.660706639289856, 0.659336507320404, 0.6811846494674683, 0.6802237033843994, 0.6755868792533875], "epochs": 6, "lr": 6e-07}]}