{"train": [{"accuracy_score": [0.6893007319732128, 0.7283912163214452, 0.7749571717800966, 0.8029901884441676], "f1_score": [0.5641249726895345, 0.6523125996810207, 0.6981407979945686, 0.7370609020993557], "loss": [0.5962198972702026, 0.5350067019462585, 0.4715787470340729, 0.4179818630218506], "epochs": 4, "lr": 1e-06}, {"accuracy_score": [0.7086123656751285, 0.7357109484503971, 0.7547111041893786, 0.7765145615947672], "f1_score": [0.5561091340450772, 0.6056239832674878, 0.6754584792911601, 0.6877040261153428], "loss": [0.5636954307556152, 0.530655562877655, 0.4981892704963684, 0.46451279520988464], "epochs": 4, "lr": 6e-07}], "val": [{"accuracy_score": [0.5828497743391361, 0.5448098001289491, 0.5647969052224371, 0.562862669245648], "f1_score": [0.4972804972804973, 0.5242587601078168, 0.5417515274949084, 0.5521796565389696], "loss": [0.6564517617225647, 0.6703195571899414, 0.675248384475708, 0.6910079717636108], "epochs": 4, "lr": 1e-06}, {"accuracy_score": [0.5854287556415216, 0.5647969052224371, 0.5473887814313346, 0.571244358478401], "f1_score": [0.5087853323147441, 0.5216158752657689, 0.5405759162303665, 0.543582704186685], "loss": [0.6479282379150391, 0.659289538860321, 0.6906477212905884, 0.6734542846679688], "epochs": 4, "lr": 6e-07}]}