{"train": [{"accuracy_score": [0.6824170831440255, 0.724670604270786, 0.7722247463274269, 0.8016053309101924, 0.8361350901105558, 0.8565803422686658], "f1_score": [0.3708370837083709, 0.5185381355932204, 0.6651825467497773, 0.6616735537190084, 0.7450518378887842, 0.7909953652615316], "loss": [0.5955864191055298, 0.5394957065582275, 0.4784359931945801, 0.42240622639656067, 0.36803919076919556, 0.327121764421463], "epochs": 6, "lr": 1e-06}, {"accuracy_score": [0.7914584279872785, 0.8125094653945176, 0.8215962441314554], "f1_score": [0.7036797934151066, 0.7280316344463972, 0.7506350550381032], "loss": [0.44256511330604553, 0.4074164032936096, 0.3846204876899719], "epochs": 3, "lr": 6e-07}], "val": [{"accuracy_score": [0.5609934258582907, 0.6084733382030679, 0.618699780861943, 0.5785244704163623, 0.5850986121256392, 0.5829072315558802], "f1_score": [0.19328859060402684, 0.4563894523326572, 0.5305755395683452, 0.3624309392265193, 0.5077989601386482, 0.49780123131046616], "loss": [0.677233874797821, 0.6526291370391846, 0.645599365234375, 0.7002515196800232, 0.6848695278167725, 0.7145906090736389], "epochs": 6, "lr": 1e-06}, {"accuracy_score": [0.6033601168736303, 0.5924032140248356, 0.5938641344046749], "f1_score": [0.556734693877551, 0.5230769230769231, 0.564945226917058], "loss": [0.6476696133613586, 0.670253336429596, 0.6616222858428955], "epochs": 3, "lr": 6e-07}]}