{"train": [{"accuracy_score": [0.6445555050734515, 0.7066484931091928, 0.7537482962289869, 0.7857034681205513, 0.8009995456610631, 0.82189913675602], "f1_score": [0.03693065244152647, 0.519235542318193, 0.6072463768115942, 0.6566367386556661, 0.6587012987012987, 0.7062937062937064], "loss": [0.6156404614448547, 0.5766805410385132, 0.5205350518226624, 0.47459980845451355, 0.44469186663627625, 0.40975525975227356], "epochs": 6, "lr": 1e-06}, {"accuracy_score": [0.7682871422080872, 0.7891867333030441, 0.8017567772224746], "f1_score": [0.6013548723293382, 0.6699857752489331, 0.6970608655403842], "loss": [0.4919615387916565, 0.46502068638801575, 0.44228604435920715], "epochs": 3, "lr": 6e-07}], "val": [{"accuracy_score": [0.5507669831994156, 0.623082542001461, 0.6362308254200146, 0.6281957633308984, 0.6143170197224251, 0.6113951789627465], "f1_score": [0.14225941422594143, 0.5838709677419354, 0.6047619047619048, 0.5831285831285832, 0.5243243243243243, 0.537391304347826], "loss": [0.6876859664916992, 0.6544671654701233, 0.6391255855560303, 0.640960156917572, 0.6522189974784851, 0.6557208895683289], "epochs": 6, "lr": 1e-06}, {"accuracy_score": [0.6201607012417824, 0.6201607012417824, 0.6245434623813002], "f1_score": [0.5430579964850614, 0.5833333333333334, 0.5939968404423381], "loss": [0.6449885368347168, 0.6425312161445618, 0.6429138779640198], "epochs": 3, "lr": 6e-07}]}