{"train": [{"accuracy_score": [0.6543069024529378, 0.7211922418710781, 0.7622646891043925, 0.7923559612093554, 0.8083285795778665, 0.8245864232743868], "f1_score": [0.27119663259170174, 0.5743522752013934, 0.6604196374006926, 0.67816091954023, 0.739231664726426, 0.7608864696734059], "loss": [0.615629255771637, 0.5641399025917053, 0.5063204765319824, 0.46284928917884827, 0.421195924282074, 0.39285510778427124], "epochs": 6, "lr": 1e-06}, {"accuracy_score": [0.771534512264689, 0.7930690245293782, 0.804905875641757], "f1_score": [0.6936902485659656, 0.7082244118238489, 0.7155925155925156], "loss": [0.48125600814819336, 0.4545811712741852, 0.43338683247566223], "epochs": 3, "lr": 6e-07}], "val": [{"accuracy_score": [0.6833333333333333, 0.6927083333333334, 0.68125, 0.6791666666666667, 0.6739583333333333, 0.659375], "f1_score": [0.22051282051282053, 0.3991853360488798, 0.41379310344827586, 0.33043478260869563, 0.44991212653778556, 0.43523316062176165], "loss": [0.6068094372749329, 0.594772458076477, 0.5889638066291809, 0.597621738910675, 0.6012510061264038, 0.6101539731025696], "epochs": 6, "lr": 1e-06}, {"accuracy_score": [0.6770833333333334, 0.6822916666666666, 0.6791666666666667], "f1_score": [0.45993031358885017, 0.4424131627056673, 0.39607843137254906], "loss": [0.5932038426399231, 0.5957220792770386, 0.6008865237236023], "epochs": 3, "lr": 6e-07}]}