{"train": [{"accuracy": [0.8040293040293041, 0.8040293040293041, 0.8040293040293041, 0.8040293040293041, 0.8040293040293041, 0.8040293040293041, 0.8031135531135531, 0.8044871794871795, 0.8040293040293041, 0.8044871794871795, 0.8044871794871795, 0.8040293040293041, 0.8035714285714286, 0.8035714285714286, 0.8044871794871795, 0.8136446886446886, 0.8108974358974359, 0.8255494505494505, 0.8461538461538461, 0.8397435897435898, 0.8461538461538461, 0.8452380952380952], "f1_score": [0.5315300084530852, 0.4944491406029866, 0.5447543909082366, 0.5571522494599415, 0.5429237429237428, 0.5055559824790593, 0.507079245540784, 0.5071287686672301, 0.5328449328449325, 0.5194890579505963, 0.5436324359401282, 0.4944491406029866, 0.5071240725086879, 0.5189959613036536, 0.5443599135906827, 0.5450976374053295, 0.5430449891988351, 0.5904881443342981, 0.6936260320875703, 0.6280454588146895, 0.6469103546026621, 0.6949302833918217], "loss": [0.5425806045532227, 0.5038424730300903, 0.4983035624027252, 0.49473556876182556, 0.49163493514060974, 0.4913586676120758, 0.4875466227531433, 0.47846829891204834, 0.4751672148704529, 0.4677214026451111, 0.4650234878063202, 0.4532533884048462, 0.44681790471076965, 0.4388785660266876, 0.42691829800605774, 0.41871222853660583, 0.4029092788696289, 0.3964298963546753, 0.38628584146499634, 0.37151145935058594, 0.36111801862716675, 0.3538033664226532], "epochs": 22, "lr": 1e-06}, {"accuracy": [0.8461538461538461, 0.8456959706959706, 0.8461538461538461, 0.8484432234432234, 0.842032967032967, 0.8489010989010988, 0.8456959706959706, 0.8456959706959706, 0.8489010989010988, 0.8553113553113553, 0.8521062271062271, 0.8553113553113553, 0.8543956043956044, 0.8557692307692307, 0.8585164835164835, 0.8585164835164835, 0.8521062271062271, 0.8553113553113553, 0.8452380952380952, 0.8456959706959706, 0.8452380952380952, 0.8456959706959706, 0.8489010989010988, 0.8484432234432234, 0.8461538461538461], "f1_score": [0.6423849654618885, 0.6322942015249706, 0.6263343494112723, 0.6324824747901668, 0.6347724924648003, 0.6797937105629411, 0.6629683706606782, 0.6526968757737989, 0.672937319091165, 0.67318721164875, 0.6785573400958015, 0.7115602346371575, 0.709744955898802, 0.7308048077278847, 0.7000230538692074, 0.7007095468633928, 0.6998944075867153, 0.6844562844562843, 0.7108875455029299, 0.7137594599133059, 0.7173755019908865, 0.7189354804739421, 0.7127389704312783, 0.7413343067189222, 0.7037321652706267], "loss": [0.37985607981681824, 0.37163200974464417, 0.3653191924095154, 0.3691031038761139, 0.363049179315567, 0.3546026945114136, 0.3536050319671631, 0.3588760793209076, 0.34230342507362366, 0.34545212984085083, 0.3397606313228607, 0.3358393609523773, 0.33105430006980896, 0.3397265076637268, 0.3243575990200043, 0.32403209805488586, 0.31762975454330444, 0.30792689323425293, 0.31180423498153687, 0.30528444051742554, 0.30022624135017395, 0.319539874792099, 0.29679080843925476, 0.3068261444568634, 0.28926289081573486], "epochs": 25, "lr": 6e-07}], "val": [{"accuracy": [0.8392857142857143, 0.8392857142857143, 0.8392857142857143, 0.8392857142857143, 0.8392857142857143, 0.8392857142857143, 0.8392857142857143, 0.8392857142857143, 0.8392857142857143, 0.8392857142857143, 0.8392857142857143, 0.8392857142857143, 0.8392857142857143, 0.8392857142857143, 0.8392857142857143, 0.8392857142857143, 0.8392857142857143, 0.8392857142857143, 0.8392857142857143, 0.8392857142857143, 0.8392857142857143, 0.8392857142857143], "f1_score": [0.5950811093668237, 0.5950811093668237, 0.5950811093668237, 0.5950811093668237, 0.5950811093668237, 0.5950811093668237, 0.5950811093668237, 0.5950811093668237, 0.5950811093668237, 0.5950811093668237, 0.5950811093668237, 0.5950811093668237, 0.5950811093668237, 0.5950811093668237, 0.5950811093668237, 0.5950811093668237, 0.5950811093668237, 0.5950811093668237, 0.5950811093668237, 0.5950811093668237, 0.5950811093668237, 0.5950811093668237], "loss": [0.5451624989509583, 0.4853905737400055, 0.4758641719818115, 0.4748220145702362, 0.4693906605243683, 0.464037150144577, 0.4628147482872009, 0.4684435725212097, 0.46164247393608093, 0.46085768938064575, 0.45568540692329407, 0.4548179805278778, 0.45310190320014954, 0.45358574390411377, 0.445894330739975, 0.44320252537727356, 0.4389221966266632, 0.43508201837539673, 0.4311690926551819, 0.4304225742816925, 0.4307175874710083, 0.4418022334575653], "epochs": 22, "lr": 1e-06}, {"accuracy": [0.8392857142857143, 0.8392857142857143, 0.8392857142857143, 0.8392857142857143, 0.8392857142857143, 0.8392857142857143, 0.8392857142857143, 0.8392857142857143, 0.8392857142857143, 0.8392857142857143, 0.8392857142857143, 0.8392857142857143, 0.8392857142857143, 0.8392857142857143, 0.8392857142857143, 0.8482142857142857, 0.8392857142857143, 0.8392857142857143, 0.8482142857142857, 0.8482142857142857, 0.8482142857142857, 0.8571428571428571, 0.8571428571428571, 0.8571428571428571, 0.8571428571428571], "f1_score": [0.5950811093668237, 0.5950811093668237, 0.5950811093668237, 0.5950811093668237, 0.5950811093668237, 0.5950811093668237, 0.5950811093668237, 0.5950811093668237, 0.5950811093668237, 0.5950811093668237, 0.5950811093668237, 0.5950811093668237, 0.5950811093668237, 0.5950811093668237, 0.5950811093668237, 0.6152276295133439, 0.5950811093668237, 0.5950811093668237, 0.6152276295133439, 0.6152276295133439, 0.6152276295133439, 0.6286475429332573, 0.6286475429332573, 0.6286475429332573, 0.6286475429332573], "loss": [0.4296264350414276, 0.4299617409706116, 0.4296327829360962, 0.42707058787345886, 0.4257301688194275, 0.42531418800354004, 0.42645132541656494, 0.4244232773780823, 0.4279380440711975, 0.4229702353477478, 0.41950690746307373, 0.4185197353363037, 0.4177636504173279, 0.42498162388801575, 0.42623162269592285, 0.4162939190864563, 0.41676533222198486, 0.41989004611968994, 0.414030522108078, 0.4151533246040344, 0.4148457646369934, 0.411457359790802, 0.4145604074001312, 0.4114040434360504, 0.41731134057044983], "epochs": 25, "lr": 6e-07}]}