{"train": [{"accuracy_score": [0.65426664773534, 0.7041033650433054, 0.7533721425528894, 0.7810592077239813, 0.8152775805764589], "f1_score": [0.5573153883715671, 0.6819957794754243, 0.7396665668845595, 0.7720656865515493, 0.802884270877978], "loss": [0.6302036046981812, 0.5787091851234436, 0.5149471759796143, 0.4645136296749115, 0.42146480083465576], "epochs": 5, "lr": 1e-06}, {"accuracy_score": [0.7262530171801789, 0.7540820673008661, 0.7766576742865257, 0.7935538832883714, 0.8110180320885986], "f1_score": [0.7117654690425562, 0.7320159348293809, 0.7611241678828082, 0.7700197898662948, 0.7962523359271646], "loss": [0.543876051902771, 0.5093895196914673, 0.47795140743255615, 0.4573456048965454, 0.42834559082984924], "epochs": 5, "lr": 6e-07}], "val": [{"accuracy_score": [0.7728740581270183, 0.7427341227125942, 0.71259418729817, 0.6781485468245425, 0.6953713670613563], "f1_score": [0.47844677346828546, 0.5361220622554274, 0.5642841709747628, 0.549822130383696, 0.557929233568235], "loss": [0.5518493056297302, 0.5457878708839417, 0.5490949749946594, 0.5748140811920166, 0.5676552653312683], "epochs": 5, "lr": 1e-06}, {"accuracy_score": [0.7222820236813778, 0.7201291711517761, 0.71259418729817, 0.7265877287405813, 0.6878363832077503], "f1_score": [0.5574164623157147, 0.5403440663774073, 0.5626153886846351, 0.5448818836889938, 0.5477816272542937], "loss": [0.5506084561347961, 0.5417314767837524, 0.5515152812004089, 0.5422754287719727, 0.564724326133728], "epochs": 5, "lr": 6e-07}]}