{"train": [{"accuracy": [0.6567681347150259, 0.7174546632124352, 0.7244494818652849, 0.7630181347150259, 0.7816062176165803, 0.8031088082901554, 0.8043069948186528, 0.8275582901554405], "f1_score": [0.4137734171412904, 0.5984218861161842, 0.5777960741043604, 0.6687950937950917, 0.7219075469723139, 0.7347501951128884, 0.7336190148366303, 0.769019027892084], "loss": [0.6082300543785095, 0.5630428194999695, 0.53406822681427, 0.4908845126628876, 0.46148714423179626, 0.43257075548171997, 0.4179692268371582, 0.38972723484039307], "epochs": 8, "lr": 1e-06}, {"accuracy": [0.7972797927461139, 0.803821243523316, 0.811690414507772], "f1_score": [0.7329136465146822, 0.7341136195410793, 0.7466719017884813], "loss": [0.4415856599807739, 0.42632877826690674, 0.4117825925350189], "epochs": 3, "lr": 6e-07}], "val": [{"accuracy": [0.505, 0.5695238095238095, 0.5411904761904762, 0.5806349206349206, 0.6273015873015872, 0.5973015873015873, 0.5844444444444444, 0.618968253968254], "f1_score": [0.33921712855046215, 0.41802499969166684, 0.38785368952035676, 0.4408925518925525, 0.5031434368101038, 0.46501351734685104, 0.4589975703309041, 0.49589586956253634], "loss": [0.743415892124176, 0.6834920644760132, 0.7317507863044739, 0.6781646013259888, 0.6500875949859619, 0.6911481618881226, 0.7177543044090271, 0.6710192561149597], "epochs": 8, "lr": 1e-06}, {"accuracy": [0.6156349206349206, 0.6078571428571429, 0.6039682539682539], "f1_score": [0.48898870265536964, 0.4788581418581419, 0.47399636166302855], "loss": [0.6695395112037659, 0.679284393787384, 0.6846091151237488], "epochs": 3, "lr": 6e-07}]}