{"train": [{"accuracy": [0.6912832929782082, 0.7387510088781276, 0.7546912832929782, 0.7963075060532687, 0.8162328490718321], "f1_score": [0.5606407044663673, 0.6655396728641269, 0.6476052062008453, 0.7378249810453189, 0.7630229737977922], "loss": [0.5815991759300232, 0.5218765139579773, 0.48953479528427124, 0.42494329810142517, 0.3880773186683655], "epochs": 5, "lr": 1e-06}, {"accuracy": [0.7573648103309121, 0.7721953188054883, 0.7943906376109765], "f1_score": [0.6722582771008911, 0.6933851324892464, 0.741114004370662], "loss": [0.49265342950820923, 0.46925732493400574, 0.43425703048706055], "epochs": 3, "lr": 6e-07}], "val": [{"accuracy": [0.5574127906976745, 0.623546511627907, 0.5625, 0.5886627906976745, 0.6024709302325582], "f1_score": [0.3864607937282363, 0.49584478828664913, 0.40345484618740496, 0.464392745497397, 0.48330113039415395], "loss": [0.685228168964386, 0.646917998790741, 0.7407708764076233, 0.7076610922813416, 0.6973817944526672], "epochs": 5, "lr": 1e-06}, {"accuracy": [0.596656976744186, 0.5719476744186046, 0.5886627906976745], "f1_score": [0.4488243991150973, 0.4217493101214037, 0.46950562357539144], "loss": [0.6848443746566772, 0.7437129616737366, 0.702570915222168], "epochs": 3, "lr": 6e-07}]}