{"train": [{"accuracy": [0.6785180572851806, 0.6983499377334994, 0.7446139476961394, 0.765535491905355], "f1_score": [0.59518476196558, 0.6400491648934954, 0.6939900627945442, 0.7223876027113884], "loss": [0.6056200861930847, 0.5686478018760681, 0.5163681507110596, 0.48449066281318665], "epochs": 4, "lr": 1e-06}, {"accuracy": [0.7013387297633873, 0.7233499377334994, 0.7439912826899128, 0.7615815691158156, 0.7710149439601495], "f1_score": [0.6319688060659381, 0.6673898883736972, 0.6947164016279811, 0.7176386986474141, 0.7210190390763228], "loss": [0.5746816992759705, 0.5446887016296387, 0.5159306526184082, 0.4901842772960663, 0.46751660108566284], "epochs": 5, "lr": 6e-07}], "val": [{"accuracy": [0.64120029455081, 0.6284977908689249, 0.6201215022091311, 0.6216863033873343], "f1_score": [0.4815780582533165, 0.4818208423878531, 0.4919740053760676, 0.4934702468207626], "loss": [0.6374239921569824, 0.6482492685317993, 0.6364774107933044, 0.6474900841712952], "epochs": 4, "lr": 1e-06}, {"accuracy": [0.6400036818851252, 0.634941089837997, 0.6194771723122239, 0.6272091310751104, 0.6284977908689249], "f1_score": [0.4897407289159873, 0.5019828396117059, 0.49614040026411194, 0.5044025562066803, 0.5038252698046517], "loss": [0.6369457244873047, 0.6336730122566223, 0.6402111053466797, 0.6371816992759705, 0.6419687271118164], "epochs": 5, "lr": 6e-07}]}