{"train": [{"accuracy_score": [0.6839462173983476, 0.7283330633403532, 0.7719099303418111, 0.8067390247853555, 0.8289324477563583, 0.8462659970840758], "f1_score": [0.28717573986116185, 0.4478103391504775, 0.6657169990503323, 0.6921290322580644, 0.7402852926709298, 0.7563543003851091], "loss": [0.5971760153770447, 0.5237324237823486, 0.46220892667770386, 0.4149663746356964, 0.3719768524169922, 0.33239346742630005], "epochs": 6, "lr": 1e-06}, {"accuracy_score": [0.797991252227442, 0.8104649279118743, 0.8222906204438685], "f1_score": [0.683261366522733, 0.7055863110216406, 0.7223487724626676], "loss": [0.4286685883998871, 0.40252986550331116, 0.37713852524757385], "epochs": 3, "lr": 6e-07}], "val": [{"accuracy_score": [0.5419677598665925, 0.546414674819344, 0.5981100611450806, 0.5986659255141745, 0.6103390772651474, 0.5953307392996109], "f1_score": [0.19531250000000003, 0.21839080459770116, 0.46877296105804556, 0.462797619047619, 0.48794740686632576, 0.4356589147286822], "loss": [0.6749001741409302, 0.6907411217689514, 0.6540466547012329, 0.6672126054763794, 0.6754008531570435, 0.7162431478500366], "epochs": 6, "lr": 1e-06}, {"accuracy_score": [0.5786548082267927, 0.5803224013340745, 0.5730961645358532], "f1_score": [0.38071895424836605, 0.390637610976594, 0.3715220949263502], "loss": [0.6910268664360046, 0.7015179991722107, 0.7267858386039734], "epochs": 3, "lr": 6e-07}]}