{"train": [{"accuracy": [0.6928974979822438, 0.7191283292978208, 0.7534806295399515, 0.787278046811945, 0.8082627118644068, 0.8244552058111381, 0.8376715092816788], "f1_score": [0.5934227596455164, 0.6226621374321099, 0.6573854246372389, 0.7339343734016838, 0.7431413622696916, 0.7704994561532105, 0.7849549361050576], "loss": [0.5843941569328308, 0.5538299679756165, 0.49383172392845154, 0.4427723288536072, 0.4109070599079132, 0.38051995635032654, 0.3491361737251282], "epochs": 7, "lr": 1e-06}, {"accuracy": [0.802411218724778, 0.8146186440677966, 0.8228914447134786], "f1_score": [0.7361676862282185, 0.7614337706952714, 0.7756838735652289], "loss": [0.42175719141960144, 0.3982095718383789, 0.37778693437576294], "epochs": 3, "lr": 6e-07}], "val": [{"accuracy": [0.6126453488372093, 0.6177325581395349, 0.6119186046511628, 0.6446220930232558, 0.6286337209302325, 0.6206395348837209, 0.6140988372093024], "f1_score": [0.45103291411430996, 0.47117107698503097, 0.46926416606649235, 0.5400567778474762, 0.5073907681465827, 0.5024226419575262, 0.4846120287980758], "loss": [0.666367769241333, 0.6593946814537048, 0.6657593846321106, 0.6258125305175781, 0.6607002019882202, 0.668761134147644, 0.6899465322494507], "epochs": 7, "lr": 1e-06}, {"accuracy": [0.6140988372093024, 0.6322674418604651, 0.6395348837209303], "f1_score": [0.48374032298450964, 0.5105899268689972, 0.5322722819815849], "loss": [0.6641454100608826, 0.6427225470542908, 0.65660560131073], "epochs": 3, "lr": 6e-07}]}