{"train": [{"accuracy_score": [0.6903879064460924, 0.7447233314318311, 0.7845122646891044, 0.8181688533941814, 0.8445521962350256], "f1_score": [0.4957026713124274, 0.5866050808314088, 0.7206507672397856, 0.7644559394051358, 0.7813001605136438], "loss": [0.5828036665916443, 0.5138031244277954, 0.45289576053619385, 0.3979203701019287, 0.35214653611183167], "epochs": 5, "lr": 1e-06}, {"accuracy_score": [0.7698231602966343, 0.7917855105533371, 0.8124643468339988], "f1_score": [0.6596372838464782, 0.7224334600760455, 0.7438145334112605], "loss": [0.4731244444847107, 0.4400610327720642, 0.40737730264663696], "epochs": 3, "lr": 6e-07}], "val": [{"accuracy_score": [0.6864583333333333, 0.6895833333333333, 0.6822916666666666, 0.6677083333333333, 0.6802083333333333], "f1_score": [0.33259423503325947, 0.33183856502242154, 0.494195688225539, 0.46921797004991683, 0.45470692717584366], "loss": [0.6007869839668274, 0.5890586972236633, 0.5950888991355896, 0.6022629141807556, 0.610139012336731], "epochs": 5, "lr": 1e-06}, {"accuracy_score": [0.6854166666666667, 0.6822916666666666, 0.684375], "f1_score": [0.40079365079365076, 0.4658493870402802, 0.48381601362862015], "loss": [0.5881889462471008, 0.5921933650970459, 0.6000985503196716], "epochs": 3, "lr": 6e-07}]}