{"train": [{"accuracy": [0.8076923076923077, 0.8031135531135531, 0.8040293040293041, 0.8044871794871795], "f1_score": [0.5506630122014736, 0.45609774840544065, 0.5319057011364701, 0.5318869165023009], "loss": [0.5892758369445801, 0.5179459452629089, 0.4944900870323181, 0.4868951737880707], "epochs": 4, "lr": 1e-06}, {"accuracy": [0.8040293040293041, 0.8035714285714286, 0.8040293040293041], "f1_score": [0.5182919644458104, 0.4947262139569831, 0.5306522537291765], "loss": [0.535137951374054, 0.5107744932174683, 0.49999693036079407], "epochs": 3, "lr": 6e-07}], "val": [{"accuracy": [0.5809859154929577, 0.5862676056338029, 0.5862676056338029, 0.5862676056338029], "f1_score": [0.3830191717515657, 0.38908259189949285, 0.38908259189949285, 0.38908259189949285], "loss": [0.6900562047958374, 0.7178254723548889, 0.7548536658287048, 0.7857516407966614], "epochs": 4, "lr": 1e-06}, {"accuracy": [0.5862676056338029, 0.5862676056338029, 0.5862676056338029], "f1_score": [0.38908259189949285, 0.38908259189949285, 0.38908259189949285], "loss": [0.7045589089393616, 0.7273625731468201, 0.7455688118934631], "epochs": 3, "lr": 6e-07}]}