{"train": [{"accuracy": [0.6700399087799316, 0.730188141391106, 0.7733751425313569, 0.794612314709236, 0.8169897377423033, 0.8256841505131128, 0.8469213226909921], "f1_score": [0.6159639992593207, 0.6536284126363924, 0.7217824364916724, 0.756917009254524, 0.778470977900853, 0.7901633017938604, 0.817628431368455], "loss": [0.597673773765564, 0.530303418636322, 0.4711323082447052, 0.42637866735458374, 0.38605937361717224, 0.3621301054954529, 0.33166778087615967], "epochs": 7, "lr": 1e-06}, {"accuracy": [0.8107183580387686, 0.8155644241733181, 0.8292474344355758], "f1_score": [0.7693250307275408, 0.7772956044335754, 0.7970492386113829], "loss": [0.3949976861476898, 0.38437607884407043, 0.3602670729160309], "epochs": 3, "lr": 6e-07}], "val": [{"accuracy": [0.6791666666666667, 0.6875, 0.690625, 0.690625, 0.6760416666666667, 0.6760416666666667, 0.6760416666666667], "f1_score": [0.508833758833759, 0.4868198930698934, 0.5141776279276283, 0.5397027047027049, 0.5378307803307806, 0.5265046065046068, 0.539540135790136], "loss": [0.6097579598426819, 0.6112437844276428, 0.6058390736579895, 0.6005728244781494, 0.6225720643997192, 0.6474129557609558, 0.6470105051994324], "epochs": 7, "lr": 1e-06}, {"accuracy": [0.6833333333333333, 0.6854166666666667, 0.6791666666666667], "f1_score": [0.5425620213120215, 0.5501566951566954, 0.5477534040034043], "loss": [0.6155930161476135, 0.608599066734314, 0.6377109289169312], "epochs": 3, "lr": 6e-07}]}