{"train": [{"accuracy_score": [0.6802968347720733, 0.7396637891867333, 0.7819173103134939, 0.8094805391488717, 0.8364379827351204, 0.8573375738300772, 0.8721793124337422], "f1_score": [0.3262049154165337, 0.5627066904095649, 0.6657381615598886, 0.7248468941382327, 0.7788697788697789, 0.788409703504043, 0.8176318063958512], "loss": [0.5848786234855652, 0.5166143178939819, 0.451522558927536, 0.4053637385368347, 0.3603511154651642, 0.3144008219242096, 0.28463828563690186], "epochs": 7, "lr": 1e-06}, {"accuracy_score": [0.8290171134332879, 0.8440102983492352, 0.8574890201423595], "f1_score": [0.7628649443394244, 0.774617067833698, 0.7967163534240657], "loss": [0.36844876408576965, 0.3403974175453186, 0.31828394532203674], "epochs": 3, "lr": 6e-07}], "val": [{"accuracy_score": [0.5493060628195763, 0.5777940102264426, 0.5829072315558802, 0.591672753834916, 0.5850986121256392, 0.5675675675675675, 0.5748721694667641], "f1_score": [0.15825375170532058, 0.2985436893203884, 0.38403451995685, 0.45356793743890517, 0.4641509433962264, 0.37815126050420167, 0.4156626506024096], "loss": [0.678790271282196, 0.6730701327323914, 0.6768072843551636, 0.6710490584373474, 0.6985240578651428, 0.776609480381012, 0.7769501209259033], "epochs": 7, "lr": 1e-06}, {"accuracy_score": [0.5880204528853178, 0.5836376917457998, 0.5836376917457998], "f1_score": [0.46691871455576556, 0.42771084337349397, 0.43452380952380953], "loss": [0.6958637833595276, 0.730817437171936, 0.7490633726119995], "epochs": 3, "lr": 6e-07}]}