{"train": [{"accuracy_score": [0.6942298955020445, 0.7296683325761018, 0.7755565651976375, 0.7994850825382402, 0.8303801302438286], "f1_score": [0.6100429154545216, 0.6882805067222508, 0.738452693665868, 0.7623885893973396, 0.8073498887138321], "loss": [0.589532196521759, 0.5306265950202942, 0.4657854735851288, 0.41939473152160645, 0.3691989779472351], "epochs": 5, "lr": 1e-06}, {"accuracy_score": [0.7532939572921399, 0.7746478873239436, 0.7946388005452067], "f1_score": [0.7121647270817213, 0.7397146469666458, 0.765858313556684], "loss": [0.49296465516090393, 0.46031978726387024, 0.4296068847179413], "epochs": 3, "lr": 6e-07}], "val": [{"accuracy_score": [0.5712198685171658, 0.6055514974433893, 0.589481373265157, 0.5529583637691746, 0.5799853907962016], "f1_score": [0.4782059598318785, 0.5617049432254759, 0.5300050336226445, 0.4603960140969889, 0.53770778704049], "loss": [0.6753258109092712, 0.6616553068161011, 0.6896536350250244, 0.7731584906578064, 0.7342529892921448], "epochs": 5, "lr": 1e-06}, {"accuracy_score": [0.5785244704163623, 0.5668371073776479, 0.5682980277574872], "f1_score": [0.5130477506184666, 0.5001622376106802, 0.5060462219888704], "loss": [0.6946880221366882, 0.7191851139068604, 0.7353373765945435], "epochs": 3, "lr": 6e-07}]}