{"train": [{"accuracy": [0.6412933817594835, 0.6646993543179983, 0.726089588377724, 0.760139225181598, 0.7654358353510896, 0.8020581113801453, 0.8044289749798225], "f1_score": [0.4034980959315068, 0.4806985253111128, 0.635319892644345, 0.6900859901465216, 0.7213530013166799, 0.7433094750286023, 0.7665661282489372], "loss": [0.6164222955703735, 0.6091479659080505, 0.5451086759567261, 0.5079649686813354, 0.4799461364746094, 0.43635621666908264, 0.4187157452106476], "epochs": 7, "lr": 1e-06}, {"accuracy": [0.7731537530266344, 0.7814265536723164, 0.7938861985472155], "f1_score": [0.7076977434725613, 0.7202167485460452, 0.7306917725803915], "loss": [0.48224762082099915, 0.46299031376838684, 0.4462476968765259], "epochs": 3, "lr": 6e-07}], "val": [{"accuracy": [0.5276162790697675, 0.5443313953488372, 0.6191860465116279, 0.623546511627907, 0.6191860465116279, 0.627906976744186, 0.6257267441860465], "f1_score": [0.34358961451984765, 0.3896085180968908, 0.4934884237209824, 0.5080298900066348, 0.5208306551329814, 0.5242199660804318, 0.5226232101232108], "loss": [0.7055920362472534, 0.6887434124946594, 0.6589166522026062, 0.6476017236709595, 0.6588066816329956, 0.6616514325141907, 0.6735997796058655], "epochs": 7, "lr": 1e-06}, {"accuracy": [0.6257267441860465, 0.6308139534883721, 0.6213662790697675], "f1_score": [0.5103143303724704, 0.5279043953462564, 0.5127971511692446], "loss": [0.6507068276405334, 0.6535300016403198, 0.6622634530067444], "epochs": 3, "lr": 6e-07}]}