{"train": [{"accuracy_score": [0.6597103254944713, 0.727768260395577, 0.7691948294658153, 0.7967606291854852], "f1_score": [0.3380793698879127, 0.6266552755232807, 0.6877370417193426, 0.7402985074626864], "loss": [0.6165247559547424, 0.5500005483627319, 0.49410152435302734, 0.4503037631511688], "epochs": 4, "lr": 1e-06}, {"accuracy_score": [0.7037844572496496, 0.7344650365986607, 0.7581373617816539, 0.7779162124279707, 0.7936458495561439], "f1_score": [0.5423484119345524, 0.6120591581342436, 0.6675230143438237, 0.696207925010652, 0.702314086722085], "loss": [0.5798435211181641, 0.543716311454773, 0.5117932558059692, 0.4818819463253021, 0.45712998509407043], "epochs": 5, "lr": 6e-07}], "val": [{"accuracy_score": [0.6595744680851063, 0.6234687298517085, 0.6170212765957447, 0.6034816247582205], "f1_score": [0.22352941176470592, 0.48318584070796455, 0.4780316344463972, 0.5122918318794607], "loss": [0.6342765688896179, 0.6381779313087463, 0.635847270488739, 0.6563382744789124], "epochs": 4, "lr": 1e-06}, {"accuracy_score": [0.6395873629916183, 0.6331399097356544, 0.6254029658284977, 0.6189555125725339, 0.6402321083172147], "f1_score": [0.4084656084656084, 0.44379276637341153, 0.47798742138364775, 0.47652790079716567, 0.4475247524752475], "loss": [0.6299640536308289, 0.6278724074363708, 0.6336628198623657, 0.6354948282241821, 0.628008246421814], "epochs": 5, "lr": 6e-07}]}