{"train": [{"accuracy_score": [0.6609428154867973, 0.7028997246071602, 0.7581402883525028, 0.7860035639073384, 0.8081969868783412, 0.8232625951725255, 0.833630325611534], "f1_score": [0.04298125285779607, 0.35056657223796034, 0.6000535762121618, 0.6610212984346934, 0.6716583471991127, 0.7123648826786185, 0.7390088945362137], "loss": [0.6003416776657104, 0.5604674220085144, 0.5117886662483215, 0.46834129095077515, 0.43212971091270447, 0.40165647864341736, 0.3796539306640625], "epochs": 7, "lr": 1e-06}, {"accuracy_score": [0.803661104811275, 0.8069010205734651, 0.8180787299530212], "f1_score": [0.6754151044456347, 0.6642253521126761, 0.7116816431322208], "loss": [0.44532689452171326, 0.42893922328948975, 0.4097529649734497], "epochs": 3, "lr": 6e-07}], "val": [{"accuracy_score": [0.5063924402445803, 0.548082267926626, 0.5981100611450806, 0.6025569760978321, 0.5969983324068927, 0.6070038910505836, 0.6075597554196775], "f1_score": [0.004484304932735426, 0.22200956937799043, 0.47797833935018047, 0.5099383139136394, 0.4625648628613788, 0.5154215215901302, 0.5274431057563588], "loss": [0.70463627576828, 0.6983234286308289, 0.6582984924316406, 0.6536997556686401, 0.6705980896949768, 0.6582981944084167, 0.6583859324455261], "epochs": 7, "lr": 1e-06}, {"accuracy_score": [0.60366870483602, 0.5925514174541412, 0.6070038910505836], "f1_score": [0.4888888888888888, 0.44343204252088086, 0.5270903010033444], "loss": [0.6607247591018677, 0.6801174879074097, 0.6573792695999146], "epochs": 3, "lr": 6e-07}]}