{"train": [{"accuracy_score": [0.6503104649401787, 0.7184613054672119, 0.7605633802816901, 0.7961532636680296, 0.817810086324398, 0.8317431470543692, 0.8362865364228381], "f1_score": [0.07529034841810173, 0.4687053443841097, 0.578062449959968, 0.7109106529209621, 0.7044952100221076, 0.758215451577802, 0.7702444208289054], "loss": [0.612196683883667, 0.5601456165313721, 0.5010834336280823, 0.456733375787735, 0.4153698682785034, 0.38727298378944397, 0.3707035183906555], "epochs": 7, "lr": 1e-06}, {"accuracy_score": [0.8128123580190822, 0.8214447978191731, 0.8268968650613358], "f1_score": [0.7183226982680035, 0.7243394902969371, 0.7178474450752901], "loss": [0.42818939685821533, 0.40807291865348816, 0.3943909704685211], "epochs": 3, "lr": 6e-07}], "val": [{"accuracy_score": [0.5288531775018261, 0.6048210372534697, 0.6340394448502557, 0.6420745069393718, 0.6289262235208181, 0.6501095690284879, 0.6413440467494521], "f1_score": [0.038748137108792845, 0.44284243048403704, 0.527803958529689, 0.642857142857143, 0.563573883161512, 0.6495976591075348, 0.6510305614783226], "loss": [0.6880180835723877, 0.6566767692565918, 0.642338752746582, 0.6301859617233276, 0.6425364017486572, 0.6442602276802063, 0.6556710600852966], "epochs": 7, "lr": 1e-06}, {"accuracy_score": [0.6457268078889701, 0.6435354273192111, 0.6238130021913806], "f1_score": [0.6260601387818042, 0.6108452950558214, 0.5525629887054735], "loss": [0.6325496435165405, 0.6360263228416443, 0.6511475443840027], "epochs": 3, "lr": 6e-07}]}