{"train": [{"accuracy": [0.7009391191709845, 0.7528821243523316, 0.780181347150259, 0.7929080310880829, 0.8202720207253886, 0.8276230569948186, 0.8472150259067357, 0.8592940414507773, 0.8616904145077721], "f1_score": [0.5468547715957013, 0.6568904397272243, 0.7208569783699298, 0.751395689802425, 0.7487456340435603, 0.786234986947421, 0.7952566000493463, 0.8190364111996227, 0.8281606023510167], "loss": [0.5737428069114685, 0.5023595690727234, 0.4536074697971344, 0.42439115047454834, 0.38142329454421997, 0.36013180017471313, 0.3304809629917145, 0.3078298270702362, 0.29520949721336365], "epochs": 9, "lr": 1e-06}, {"accuracy": [0.8507772020725388, 0.8584844559585493, 0.865738341968912], "f1_score": [0.8019270812664591, 0.810858851856261, 0.8190142111774243], "loss": [0.3282351791858673, 0.3101596534252167, 0.29825785756111145], "epochs": 3, "lr": 6e-07}], "val": [{"accuracy": [0.5327777777777778, 0.5984126984126984, 0.6407142857142857, 0.6457142857142857, 0.6196031746031746, 0.6551587301587302, 0.5928571428571429, 0.6268253968253968, 0.6457142857142857], "f1_score": [0.3751235431235437, 0.449646538646539, 0.49437091303758, 0.5223066563066568, 0.4789286022619359, 0.5342365289031958, 0.46556703790037146, 0.5031738138404809, 0.5480003453336791], "loss": [0.6856674551963806, 0.6601808667182922, 0.6331069469451904, 0.6198672652244568, 0.698918879032135, 0.6183681488037109, 0.7685726284980774, 0.7176005840301514, 0.6548526287078857], "epochs": 9, "lr": 1e-06}, {"accuracy": [0.6407142857142857, 0.6579365079365079, 0.6462698412698412], "f1_score": [0.5116064922731595, 0.5284839604839608, 0.5217491397491402], "loss": [0.6660078763961792, 0.647932231426239, 0.675734281539917], "epochs": 3, "lr": 6e-07}]}