{"train": [{"accuracy": [0.6590496368038741, 0.6825564971751412, 0.7444007263922519, 0.7746670702179177, 0.7943906376109765, 0.8083131557707829, 0.8184019370460048], "f1_score": [0.4513506872465682, 0.5034833071152655, 0.6653099053220106, 0.7052411537883665, 0.7375249515080018, 0.7556155103975928, 0.7587955224759099], "loss": [0.6090317964553833, 0.586710512638092, 0.5252589583396912, 0.4852452576160431, 0.4490647315979004, 0.42242246866226196, 0.40171530842781067], "epochs": 7, "lr": 1e-06}, {"accuracy": [0.7830407586763518, 0.7969128329297821, 0.8095238095238094], "f1_score": [0.7213866709024083, 0.7286996699829621, 0.7527534746663072], "loss": [0.4640359580516815, 0.4449033737182617, 0.42546167969703674], "epochs": 3, "lr": 6e-07}], "val": [{"accuracy": [0.5428779069767442, 0.5537790697674418, 0.627906976744186, 0.6322674418604651, 0.627906976744186, 0.627906976744186, 0.6257267441860465], "f1_score": [0.3668328441584262, 0.38662116307465194, 0.5163606419420377, 0.51932770072305, 0.5243501008035896, 0.527326517152099, 0.5198802812174911], "loss": [0.6962993144989014, 0.703587532043457, 0.6520403027534485, 0.6458274722099304, 0.6492319703102112, 0.6536847352981567, 0.6716134548187256], "epochs": 7, "lr": 1e-06}, {"accuracy": [0.6373546511627907, 0.6315406976744186, 0.6286337209302325], "f1_score": [0.5357221267104992, 0.5233578759741555, 0.524199895711524], "loss": [0.6498815417289734, 0.6565283536911011, 0.6587942838668823], "epochs": 3, "lr": 6e-07}]}