{"train": [{"accuracy": [0.6633419689119171, 0.70625, 0.7284326424870466, 0.7639572538860103, 0.7966321243523317, 0.8004209844559584, 0.81360103626943, 0.8311204663212435, 0.8260038860103627, 0.8430051813471502], "f1_score": [0.4339181651681624, 0.5467662123426335, 0.5880422290720191, 0.6605233928420424, 0.729599250778006, 0.7234494923614078, 0.7627968354328453, 0.7747685820224668, 0.7533232886859809, 0.7936571704058752], "loss": [0.6050882339477539, 0.5633969306945801, 0.5313711166381836, 0.4886327385902405, 0.4463927745819092, 0.4302546977996826, 0.40286126732826233, 0.3807297945022583, 0.38118141889572144, 0.3541093170642853], "epochs": 10, "lr": 1e-06}, {"accuracy": [0.8253562176165803, 0.8343264248704664, 0.8370142487046631], "f1_score": [0.7659570136254069, 0.7788530769748375, 0.7852595662828823], "loss": [0.384991317987442, 0.374040812253952, 0.36584335565567017], "epochs": 3, "lr": 6e-07}], "val": [{"accuracy": [0.5111111111111111, 0.5384126984126983, 0.5584126984126984, 0.5661904761904761, 0.6223015873015872, 0.6056349206349206, 0.6362698412698412, 0.6277777777777778, 0.6022222222222222, 0.6177777777777778], "f1_score": [0.3509977923311261, 0.38634638201304905, 0.4084362427695766, 0.43378622611955964, 0.4757802321135658, 0.483254954921622, 0.50225177291844, 0.5000412427079096, 0.477430668097335, 0.4914899914899918], "loss": [0.6957589387893677, 0.6981815695762634, 0.7158165574073792, 0.6916401386260986, 0.6545282602310181, 0.6774448752403259, 0.6491936445236206, 0.6642568707466125, 0.7151978611946106, 0.69184410572052], "epochs": 10, "lr": 1e-06}, {"accuracy": [0.6383333333333333, 0.6233333333333333, 0.6177777777777778], "f1_score": [0.5008581295247967, 0.4940586327252997, 0.49743483676817046], "loss": [0.6590005159378052, 0.6763107776641846, 0.6925476789474487], "epochs": 3, "lr": 6e-07}]}