{"train": [{"accuracy": [0.7004047322540473, 0.746637608966376, 0.7660958904109588, 0.7875155666251556, 0.8286737235367372], "f1_score": [0.6130391747452738, 0.676926131845184, 0.7299330667948343, 0.7567497121668967, 0.7961866485527753], "loss": [0.5749327540397644, 0.5034719705581665, 0.4607831537723541, 0.4268605709075928, 0.36684268712997437], "epochs": 5, "lr": 1e-06}, {"accuracy": [0.7706102117061021, 0.7903486924034869, 0.7985367372353674], "f1_score": [0.7279237781728422, 0.7455891209938525, 0.763679236219708], "loss": [0.4677489995956421, 0.4376254975795746, 0.417606920003891], "epochs": 3, "lr": 6e-07}], "val": [{"accuracy": [0.646539027982327, 0.6176362297496318, 0.5456553755522828, 0.5502577319587629, 0.6010677466863034], "f1_score": [0.48835111051605934, 0.47834579509837294, 0.4560978540359986, 0.45954675336118656, 0.5026116781271424], "loss": [0.6247134804725647, 0.61993807554245, 0.712375819683075, 0.734592080116272, 0.7019619941711426], "epochs": 5, "lr": 1e-06}, {"accuracy": [0.5681148748159057, 0.5887334315169367, 0.570139911634757], "f1_score": [0.4679375321127902, 0.4860608749784011, 0.47809060927617664], "loss": [0.6721574664115906, 0.6702806949615479, 0.7107217907905579], "epochs": 3, "lr": 6e-07}]}