{"train": [{"accuracy": [0.6662883087400681, 0.7106980703745743, 0.7394059780552402, 0.7811199394627317, 0.789727582292849], "f1_score": [0.5714028498931972, 0.6333298559178221, 0.7012377961299627, 0.7417419760212035, 0.7598191693537888], "loss": [0.6240189671516418, 0.5683568120002747, 0.5200343132019043, 0.4688027799129486, 0.44120416045188904], "epochs": 5, "lr": 1e-06}, {"accuracy": [0.7367101778282255, 0.7528849791903139, 0.7685868331441543], "f1_score": [0.6762803724211196, 0.7122771414485369, 0.7340363256367797], "loss": [0.5321135520935059, 0.5068684220314026, 0.483030766248703], "epochs": 3, "lr": 6e-07}], "val": [{"accuracy": [0.7660256410256411, 0.7649572649572649, 0.6912393162393162, 0.7094017094017094, 0.6794871794871795], "f1_score": [0.5271908528318788, 0.532529673555315, 0.5343885933629526, 0.5457939970760487, 0.5338257184411034], "loss": [0.5537626147270203, 0.5291861891746521, 0.5777789354324341, 0.5726299285888672, 0.5986260175704956], "epochs": 5, "lr": 1e-06}, {"accuracy": [0.7457264957264957, 0.7083333333333334, 0.6912393162393162], "f1_score": [0.5477981657468841, 0.5311610516738726, 0.5235073568406905], "loss": [0.5386533737182617, 0.565236508846283, 0.5726661682128906], "epochs": 3, "lr": 6e-07}]}