{"train": [{"accuracy": [0.8035714285714286, 0.8040293040293041, 0.8044871794871795, 0.8040293040293041], "f1_score": [0.5315440969287121, 0.5428007889546348, 0.5572461726307878, 0.5316290547059777], "loss": [0.546373724937439, 0.5124530792236328, 0.5005166530609131, 0.4960477650165558], "epochs": 4, "lr": 1e-06}, {"accuracy": [0.8044871794871795, 0.8040293040293041, 0.8035714285714286], "f1_score": [0.5316102700718084, 0.5193575655114115, 0.5196722081337465], "loss": [0.5172668695449829, 0.5058391690254211, 0.5012100338935852], "epochs": 3, "lr": 6e-07}], "val": [{"accuracy": [0.6228813559322034, 0.6228813559322034, 0.6228813559322034, 0.6228813559322034], "f1_score": [0.41114742131691256, 0.41114742131691256, 0.41114742131691256, 0.41114742131691256], "loss": [0.676849901676178, 0.7025775909423828, 0.7275376915931702, 0.7395903468132019], "epochs": 4, "lr": 1e-06}, {"accuracy": [0.6228813559322034, 0.6228813559322034, 0.6228813559322034], "f1_score": [0.41114742131691256, 0.41114742131691256, 0.41114742131691256], "loss": [0.6945479512214661, 0.7169035077095032, 0.7342409491539001], "epochs": 3, "lr": 6e-07}]}