{"train": [{"accuracy_score": [0.6583508828770452, 0.6962578972946704, 0.7416167179653329, 0.7644581240887737, 0.7892434796695286, 0.8098169447594362, 0.8115988984286409, 0.8315243803661104, 0.8401101571359144], "f1_score": [0.033898305084745756, 0.3233489714904367, 0.5200120373156786, 0.6132978723404254, 0.6379070414695241, 0.7027848101265822, 0.6687553403588722, 0.7315436241610738, 0.7588565844124116], "loss": [0.6122738718986511, 0.5747700929641724, 0.5299665927886963, 0.5045832395553589, 0.45979610085487366, 0.4311961829662323, 0.4166683554649353, 0.3864254355430603, 0.37240180373191833], "epochs": 9, "lr": 1e-06}, {"accuracy_score": [0.8190507046816783, 0.823748582536854, 0.830714401425563], "f1_score": [0.7187106522286577, 0.7101758124667021, 0.7408876766674932], "loss": [0.4137948453426361, 0.39995765686035156, 0.39008116722106934], "epochs": 3, "lr": 6e-07}], "val": [{"accuracy_score": [0.5063924402445803, 0.5519733185102835, 0.5886603668704836, 0.613118399110617, 0.6008893829905503, 0.6247915508615898, 0.5986659255141745, 0.6114508060033352, 0.6292384658143413], "f1_score": [0.006711409395973155, 0.24953445065176907, 0.4209702660406886, 0.5186721991701244, 0.48419540229885055, 0.5681381957773513, 0.47529069767441867, 0.533689126084056, 0.5979505726341169], "loss": [0.6972450017929077, 0.6867867708206177, 0.6684527397155762, 0.6505708694458008, 0.6692450046539307, 0.6449618935585022, 0.681748628616333, 0.6629842519760132, 0.6471300721168518], "epochs": 9, "lr": 1e-06}, {"accuracy_score": [0.6125625347415231, 0.613674263479711, 0.6209005002779322], "f1_score": [0.5500322788896062, 0.5319865319865319, 0.5831295843520783], "loss": [0.6535604596138, 0.6642910242080688, 0.6474619507789612], "epochs": 3, "lr": 6e-07}]}