{"train": [{"accuracy": [0.8044871794871795, 0.8035714285714286, 0.8040293040293041, 0.8044871794871795], "f1_score": [0.530534422842115, 0.519484361792054, 0.4815628815628814, 0.5439329900868362], "loss": [0.552706241607666, 0.5100486874580383, 0.4943144619464874, 0.4895504415035248], "epochs": 4, "lr": 1e-06}, {"accuracy": [0.8035714285714286, 0.8035714285714286, 0.8035714285714286], "f1_score": [0.5199727622804544, 0.49427538273692123, 0.49461350615196764], "loss": [0.513261079788208, 0.4980649948120117, 0.4951779246330261], "epochs": 3, "lr": 6e-07}], "val": [{"accuracy": [0.3958333333333333, 0.3958333333333333, 0.3958333333333333, 0.3958333333333333], "f1_score": [0.24525474525474525, 0.24525474525474525, 0.24525474525474525, 0.24525474525474525], "loss": [0.8602645397186279, 0.9565162658691406, 1.0339405536651611, 1.1047749519348145], "epochs": 4, "lr": 1e-06}, {"accuracy": [0.3958333333333333, 0.3958333333333333, 0.3958333333333333], "f1_score": [0.24525474525474525, 0.24525474525474525, 0.24525474525474525], "loss": [0.9459096789360046, 1.0301302671432495, 1.0481886863708496], "epochs": 3, "lr": 6e-07}]}