{"train": [{"accuracy": [0.6660024906600248, 0.7151307596513076, 0.7407845579078456, 0.7756849315068494, 0.7908468244084682], "f1_score": [0.5309683121638252, 0.6402434842036309, 0.7020534398492038, 0.7303293565435524, 0.7466993916558047], "loss": [0.6141999959945679, 0.5564403533935547, 0.5140641927719116, 0.4678775370121002, 0.4373551607131958], "epochs": 5, "lr": 1e-06}, {"accuracy": [0.7355541718555417, 0.7520859277708593, 0.7716998754669987], "f1_score": [0.6833858475826078, 0.7018330154693769, 0.7200128638484792], "loss": [0.5277224779129028, 0.5009751915931702, 0.47927647829055786], "epochs": 3, "lr": 6e-07}], "val": [{"accuracy": [0.6597938144329897, 0.6464469808541974, 0.5956369661266568, 0.6246318114874816, 0.6221465390279823], "f1_score": [0.4745029598122388, 0.491784733021847, 0.4763534003224728, 0.4920736766097592, 0.49896541030561675], "loss": [0.622543215751648, 0.620050847530365, 0.6550155878067017, 0.6376142501831055, 0.6465337872505188], "epochs": 5, "lr": 1e-06}, {"accuracy": [0.6246318114874816, 0.6426730486008837, 0.646539027982327], "f1_score": [0.49176424949620856, 0.5111016703800212, 0.5118270332187861], "loss": [0.6281057000160217, 0.625212550163269, 0.6218297481536865], "epochs": 3, "lr": 6e-07}]}