{"train": [{"accuracy": [0.6660490307867731, 0.7179304446978335, 0.7338939566704675, 0.7832098061573546, 0.798175598631699], "f1_score": [0.5263354471450212, 0.6488506678928561, 0.6977890157479654, 0.738621450765122, 0.7518269706981221], "loss": [0.6087661385536194, 0.54811030626297, 0.5208101272583008, 0.4610292315483093, 0.4330425560474396], "epochs": 5, "lr": 1e-06}, {"accuracy": [0.7397377423033067, 0.7589794754846066, 0.7789338654503991, 0.7877708095781072], "f1_score": [0.6903306562941668, 0.704818240166016, 0.7264183301811571, 0.7434897169218707], "loss": [0.5199637413024902, 0.49511605501174927, 0.4699852168560028, 0.4518198072910309], "epochs": 4, "lr": 6e-07}], "val": [{"accuracy": [0.6791666666666667, 0.6822916666666666, 0.6385416666666667, 0.6635416666666667, 0.659375], "f1_score": [0.4698222610722614, 0.5012640137640142, 0.5342535242535243, 0.5336616161616163, 0.519618390868391], "loss": [0.6045138835906982, 0.5969475507736206, 0.6055168509483337, 0.5965762138366699, 0.6070933938026428], "epochs": 5, "lr": 1e-06}, {"accuracy": [0.678125, 0.675, 0.6729166666666667, 0.68125], "f1_score": [0.5358172383172385, 0.5271864246864251, 0.5287743275243278, 0.5483486420986421], "loss": [0.5933753848075867, 0.6005727648735046, 0.6029608845710754, 0.601216197013855], "epochs": 4, "lr": 6e-07}]}