{"train": [{"accuracy": [0.6911319612590799, 0.7238700564971751, 0.7568099273607748, 0.7922215496368039, 0.811188458434221, 0.8220338983050848, 0.828591606133979], "f1_score": [0.5623445561702185, 0.6171970012769014, 0.6817415903977639, 0.7173096139803158, 0.7456121965201863, 0.7796379971924765, 0.7663575931735735], "loss": [0.5911982655525208, 0.5449205040931702, 0.4892706871032715, 0.44244495034217834, 0.40332525968551636, 0.3788593113422394, 0.37086355686187744], "epochs": 7, "lr": 1e-06}, {"accuracy": [0.7949455205811138, 0.8209745762711864, 0.8252623083131557], "f1_score": [0.7083229858653577, 0.7666851913219954, 0.7813466732352936], "loss": [0.4362832307815552, 0.39291873574256897, 0.3794934153556824], "epochs": 3, "lr": 6e-07}], "val": [{"accuracy": [0.595203488372093, 0.6097383720930233, 0.6119186046511628, 0.6257267441860465, 0.622093023255814, 0.6082848837209303, 0.6409883720930233], "f1_score": [0.435648395532117, 0.5002324226161439, 0.5123543446217869, 0.5116596259038123, 0.5132343431762041, 0.520612172065661, 0.5247733532617258], "loss": [0.6808383464813232, 0.6585670113563538, 0.6481079459190369, 0.6420493721961975, 0.6447531580924988, 0.6929045915603638, 0.6529389023780823], "epochs": 7, "lr": 1e-06}, {"accuracy": [0.6315406976744186, 0.6257267441860465, 0.6119186046511628], "f1_score": [0.5218829619992416, 0.5165644110411557, 0.5119531631159544], "loss": [0.6523187160491943, 0.6550297737121582, 0.6767064929008484], "epochs": 3, "lr": 6e-07}]}