{"train": [{"accuracy": [0.8035714285714286, 0.8040293040293041, 0.8040293040293041, 0.8040293040293041], "f1_score": [0.5443927867004789, 0.532055978209824, 0.5320184089414857, 0.5440269132576824], "loss": [0.5435332655906677, 0.50246661901474, 0.4967256784439087, 0.4930441975593567], "epochs": 4, "lr": 1e-06}, {"accuracy": [0.8040293040293041, 0.8035714285714286, 0.8040293040293041], "f1_score": [0.518042641119564, 0.5071616417770263, 0.5573025265332954], "loss": [0.5060598254203796, 0.5002686381340027, 0.49684980511665344], "epochs": 3, "lr": 6e-07}], "val": [{"accuracy": [0.5862676056338029, 0.5862676056338029, 0.5862676056338029, 0.5862676056338029], "f1_score": [0.38908259189949285, 0.38908259189949285, 0.38908259189949285, 0.38908259189949285], "loss": [0.7029170393943787, 0.7573575973510742, 0.7757206559181213, 0.7908419370651245], "epochs": 4, "lr": 1e-06}, {"accuracy": [0.5862676056338029, 0.5862676056338029, 0.5862676056338029], "f1_score": [0.38908259189949285, 0.38908259189949285, 0.38908259189949285], "loss": [0.7476712465286255, 0.7845602631568909, 0.7758490443229675], "epochs": 3, "lr": 6e-07}]}