{"train": [{"accuracy_score": [0.6233139287235553, 0.7109186426238818, 0.7511003833593639, 0.7938378531875622, 0.8032088598608548], "f1_score": [0.1839434020301446, 0.5638389031705227, 0.6939060590186834, 0.7156286721504114, 0.7091900965169954], "loss": [0.631009578704834, 0.5693603157997131, 0.5116053819656372, 0.4581229090690613, 0.43468329310417175], "epochs": 5, "lr": 1e-06}, {"accuracy_score": [0.7373278432486157, 0.7624591793269914, 0.7814851625727672], "f1_score": [0.6606749816581071, 0.6794405058440315, 0.6889023650697392], "loss": [0.535093367099762, 0.5012626647949219, 0.47837257385253906], "epochs": 3, "lr": 6e-07}], "val": [{"accuracy_score": [0.7685683530678149, 0.7556512378902045, 0.6792249730893434, 0.7018299246501615, 0.728740581270183], "f1_score": [0.0182648401826484, 0.1302681992337165, 0.2696078431372549, 0.24523160762942778, 0.21739130434782608], "loss": [0.5526606440544128, 0.5375767946243286, 0.5684625506401062, 0.5519479513168335, 0.5448181629180908], "epochs": 5, "lr": 1e-06}, {"accuracy_score": [0.7050592034445641, 0.7061356297093649, 0.7222820236813778], "f1_score": [0.2594594594594595, 0.2601626016260163, 0.2275449101796407], "loss": [0.5583707094192505, 0.5520454049110413, 0.5466800928115845], "epochs": 3, "lr": 6e-07}]}