{"train": [{"accuracy": [0.6505864547862277, 0.7293321982595535, 0.7800321604237609, 0.7849035187287173, 0.8099224366250473], "f1_score": [0.6105290156935977, 0.6899314016794144, 0.7327335295553216, 0.7520710214240285, 0.7794928302873825], "loss": [0.61081463098526, 0.5292431116104126, 0.45935723185539246, 0.43002474308013916, 0.3927244544029236], "epochs": 5, "lr": 1e-06}, {"accuracy": [0.7591278849791903, 0.7765323496027242, 0.7827752553916004], "f1_score": [0.7155955974911699, 0.7307215611982921, 0.7505116525547852], "loss": [0.4853455722332001, 0.4535236656665802, 0.4400356709957123], "epochs": 3, "lr": 6e-07}], "val": [{"accuracy": [0.7414529914529915, 0.7596153846153846, 0.7702991452991453, 0.7361111111111112, 0.717948717948718], "f1_score": [0.5305795344256887, 0.5535519561160591, 0.5520580559042102, 0.5490888029349572, 0.5365802763238665], "loss": [0.5622885823249817, 0.5340428948402405, 0.5453970432281494, 0.5591802000999451, 0.5708500146865845], "epochs": 5, "lr": 1e-06}, {"accuracy": [0.7638888888888888, 0.7628205128205128, 0.7286324786324786], "f1_score": [0.5582921826511577, 0.5539304475201916, 0.5359148448892043], "loss": [0.535592794418335, 0.5449828505516052, 0.5629908442497253], "epochs": 3, "lr": 6e-07}]}