{"train": [{"accuracy": [0.6739305891848264, 0.6933010492332525, 0.7463680387409201, 0.7809221146085552, 0.7994854721549637, 0.8114406779661016, 0.8151230831315577], "f1_score": [0.5174190821285213, 0.5381823919959481, 0.6546414172322148, 0.7140138782390596, 0.7361164192277985, 0.7539111077246666, 0.7668543455468397], "loss": [0.6027246713638306, 0.5694704651832581, 0.5197411179542542, 0.4769226610660553, 0.4461857080459595, 0.4206387400627136, 0.39645087718963623], "epochs": 7, "lr": 1e-06}, {"accuracy": [0.7904055690072639, 0.8039245359160613, 0.8072538337368845], "f1_score": [0.731246752977987, 0.7472346123072504, 0.752126189656455], "loss": [0.453454852104187, 0.4334002435207367, 0.4191305637359619], "epochs": 3, "lr": 6e-07}], "val": [{"accuracy": [0.561046511627907, 0.5683139534883721, 0.6133720930232558, 0.6206395348837209, 0.6271802325581395, 0.6329941860465116, 0.6380813953488372], "f1_score": [0.39932409321944273, 0.40230105811501204, 0.48162502871805246, 0.5155073931236728, 0.5229099711657855, 0.5331669299692561, 0.5403258885817029], "loss": [0.6880941390991211, 0.6942377686500549, 0.6641107201576233, 0.6546467542648315, 0.6539630889892578, 0.6548766493797302, 0.6727938055992126], "epochs": 7, "lr": 1e-06}, {"accuracy": [0.625, 0.6293604651162791, 0.6271802325581395], "f1_score": [0.5286746199536903, 0.5353979676654098, 0.5337121534795958], "loss": [0.6563511490821838, 0.6604124903678894, 0.6652027368545532], "epochs": 3, "lr": 6e-07}]}