{"train": [{"accuracy_score": [0.6473188819167142, 0.7036508841985168, 0.7461494580718768, 0.7779520821448944, 0.7895037079292642, 0.8123217341699943, 0.8314318311466058], "f1_score": [0.26682478505781204, 0.5270823850705507, 0.6067167476800708, 0.6751512622574588, 0.6741721854304636, 0.7523522770041399, 0.7573891625615763], "loss": [0.6222615838050842, 0.5799492597579956, 0.52488774061203, 0.4790401756763458, 0.45728799700737, 0.42001157999038696, 0.3883155882358551], "epochs": 7, "lr": 1e-06}, {"accuracy_score": [0.7917855105533371, 0.8063320022818026, 0.8118938961779806], "f1_score": [0.7011870650839132, 0.7186075424782429, 0.7491918615706409], "loss": [0.4567924439907074, 0.43611449003219604, 0.4199119210243225], "epochs": 3, "lr": 6e-07}], "val": [{"accuracy_score": [0.675, 0.6864583333333333, 0.6802083333333333, 0.6822916666666666, 0.6822916666666666, 0.6447916666666667, 0.6708333333333333], "f1_score": [0.16129032258064518, 0.3143507972665148, 0.3481953290870488, 0.41005802707930367, 0.34408602150537637, 0.44189852700491, 0.41044776119402987], "loss": [0.6127435564994812, 0.59919273853302, 0.5928703546524048, 0.5881770849227905, 0.6032955050468445, 0.6102007031440735, 0.6085523366928101], "epochs": 7, "lr": 1e-06}, {"accuracy_score": [0.671875, 0.6770833333333334, 0.659375], "f1_score": [0.3762376237623763, 0.38247011952191234, 0.459504132231405], "loss": [0.5949753522872925, 0.6024941205978394, 0.6068724989891052], "epochs": 3, "lr": 6e-07}]}