{"train": [{"accuracy": [0.8031135531135531, 0.8031135531135531, 0.8044871794871795, 0.8040293040293041], "f1_score": [0.5193131654670113, 0.5063141986218909, 0.569367384752, 0.5419469419469417], "loss": [0.5597618222236633, 0.5140846371650696, 0.49948596954345703, 0.4963183104991913], "epochs": 4, "lr": 1e-06}, {"accuracy": [0.8031135531135531, 0.8035714285714286, 0.8040293040293041], "f1_score": [0.5185003031156875, 0.5197849159387621, 0.49456184840800216], "loss": [0.520555317401886, 0.5033072829246521, 0.49816107749938965], "epochs": 3, "lr": 6e-07}], "val": [{"accuracy": [0.6228813559322034, 0.6228813559322034, 0.6228813559322034, 0.6228813559322034], "f1_score": [0.41114742131691256, 0.41114742131691256, 0.41114742131691256, 0.41114742131691256], "loss": [0.6713058948516846, 0.6935857534408569, 0.7189746499061584, 0.7196301221847534], "epochs": 4, "lr": 1e-06}, {"accuracy": [0.6228813559322034, 0.6228813559322034, 0.6228813559322034], "f1_score": [0.41114742131691256, 0.41114742131691256, 0.41114742131691256], "loss": [0.6869627237319946, 0.7134392857551575, 0.7231295704841614], "epochs": 3, "lr": 6e-07}]}