{"train": [{"accuracy_score": [0.6343248715153403, 0.7078336707677931, 0.7584488397445881, 0.7872605513159944, 0.8073508799252452, 0.829465815293568, 0.8430151066812023], "f1_score": [0.15962777380100215, 0.588957055214724, 0.6512255453114458, 0.6939964157706093, 0.7539287845633579, 0.7633455802896044, 0.7841541755888651], "loss": [0.62978196144104, 0.5777074694633484, 0.5196920037269592, 0.4716317653656006, 0.4350503385066986, 0.39763328433036804, 0.3722728490829468], "epochs": 7, "lr": 1e-06}, {"accuracy_score": [0.7998754088148263, 0.8138919171468618, 0.8258838187198255], "f1_score": [0.7295306251315512, 0.7490023104389834, 0.7556818181818182], "loss": [0.4458742141723633, 0.42346593737602234, 0.4038780927658081], "epochs": 3, "lr": 6e-07}], "val": [{"accuracy_score": [0.6679561573178594, 0.6125080593165699, 0.6228239845261122, 0.6305609284332688, 0.6034816247582205, 0.632495164410058, 0.6228239845261122], "f1_score": [0.11053540587219343, 0.4551223934723481, 0.4281524926686217, 0.42179616548940463, 0.4913151364764269, 0.4411764705882352, 0.44338725023786874], "loss": [0.6367886066436768, 0.6419116258621216, 0.6285258531570435, 0.6252870559692383, 0.6651756167411804, 0.6461543440818787, 0.6499904990196228], "epochs": 7, "lr": 1e-06}, {"accuracy_score": [0.6137975499677627, 0.6150870406189555, 0.632495164410058], "f1_score": [0.45889792231255644, 0.4577656675749319, 0.4400785854616896], "loss": [0.6453822255134583, 0.6466618776321411, 0.6430755853652954], "epochs": 3, "lr": 6e-07}]}