{"train": [{"accuracy_score": [0.62906446092413, 0.6852538505419281, 0.7134911580148318, 0.7465772960638904, 0.7686822589845979, 0.7883628066172276, 0.8066172276098118, 0.8044780376497433], "f1_score": [0.4415764153131451, 0.6296495565326758, 0.6652877762925817, 0.7185428987859372, 0.7464113983348071, 0.7654409682963027, 0.7929750437988523, 0.7818797640654902], "loss": [0.6353203058242798, 0.6080288290977478, 0.5733688473701477, 0.5344720482826233, 0.4963691532611847, 0.46051025390625, 0.42975953221321106, 0.42802488803863525], "epochs": 8, "lr": 1e-06}, {"accuracy_score": [0.7823730747290359, 0.7933542498573873, 0.8007701083856247], "f1_score": [0.7575418157929847, 0.7702180441195716, 0.783107497467626], "loss": [0.47502294182777405, 0.45429176092147827, 0.432316392660141], "epochs": 3, "lr": 6e-07}], "val": [{"accuracy_score": [0.6697916666666667, 0.6489583333333333, 0.6708333333333333, 0.6729166666666667, 0.675, 0.6708333333333333, 0.6541666666666667, 0.6552083333333333], "f1_score": [0.4474132906255277, 0.5865405874466914, 0.5882177277046288, 0.5981892925124366, 0.6083600075315383, 0.593828158891168, 0.6052299109686433, 0.5946726805866123], "loss": [0.6275480389595032, 0.6250491738319397, 0.6071688532829285, 0.5980722308158875, 0.5955126881599426, 0.604412317276001, 0.6165371537208557, 0.6297709941864014], "epochs": 8, "lr": 1e-06}, {"accuracy_score": [0.6708333333333333, 0.6708333333333333, 0.6604166666666667], "f1_score": [0.5852927666834358, 0.5982710399186372, 0.6062722679603051], "loss": [0.6011220216751099, 0.604619562625885, 0.612076461315155], "epochs": 3, "lr": 6e-07}]}