{"train": [{"accuracy": [0.6256148316307226, 0.6943340900491866, 0.7421963677639046, 0.7711880438895194], "f1_score": [0.45059631376316583, 0.6422611314779285, 0.6943968315704956, 0.7276346115733171], "loss": [0.636248767375946, 0.579760730266571, 0.5288165807723999, 0.4790317714214325], "epochs": 4, "lr": 1e-06}, {"accuracy": [0.6722474460839954, 0.7032727960650776, 0.7322171774498676], "f1_score": [0.574790003791135, 0.6423487535292285, 0.6783518978184114], "loss": [0.6073399186134338, 0.5714819431304932, 0.5359318852424622], "epochs": 3, "lr": 6e-07}], "val": [{"accuracy": [0.7702991452991453, 0.75, 0.7222222222222222, 0.7158119658119658], "f1_score": [0.5119250170532227, 0.5372457551944735, 0.545800543236441, 0.5355328432251512], "loss": [0.5367403626441956, 0.546372652053833, 0.554504930973053, 0.5670180320739746], "epochs": 4, "lr": 1e-06}, {"accuracy": [0.7745726495726496, 0.7596153846153846, 0.7521367521367521], "f1_score": [0.5279747792568309, 0.5476002629848787, 0.5492560620765753], "loss": [0.5367982387542725, 0.540762722492218, 0.5418438911437988], "epochs": 3, "lr": 6e-07}]}