{"train": [{"accuracy_score": [0.6924155116025541, 0.7554897990967139, 0.7663915277994082, 0.8157607849244666, 0.8352281576078493, 0.8565643980688367], "f1_score": [0.665928633954294, 0.7317272759206883, 0.7277520741891499, 0.8031366814853248, 0.8273573810153089, 0.846710310779814], "loss": [0.5823969841003418, 0.5119856595993042, 0.4704779386520386, 0.40014052391052246, 0.3641485869884491, 0.3237743675708771], "epochs": 6, "lr": 1e-06}, {"accuracy_score": [0.8028344494627006, 0.8180968696464725, 0.8338265067746456], "f1_score": [0.7901780874615846, 0.8020726228746051, 0.8203275070170728], "loss": [0.4188631474971771, 0.39258381724357605, 0.3673696517944336], "epochs": 3, "lr": 6e-07}], "val": [{"accuracy_score": [0.571244358478401, 0.5802707930367504, 0.627337201805287, 0.5834945196647324, 0.5770470664087686, 0.597678916827853], "f1_score": [0.5627642865772624, 0.5760916249105226, 0.6121412921960825, 0.5807715223918566, 0.5758903561424569, 0.5944214425800829], "loss": [0.6534468531608582, 0.6451252698898315, 0.6144318580627441, 0.6666498780250549, 0.6948758363723755, 0.6887599229812622], "epochs": 6, "lr": 1e-06}, {"accuracy_score": [0.5705996131528046, 0.5925209542230819, 0.591231463571889], "f1_score": [0.5693060637698175, 0.5888274792868433, 0.5881109636688984], "loss": [0.6781781315803528, 0.6684790253639221, 0.6772121787071228], "epochs": 3, "lr": 6e-07}]}