{"train": [{"accuracy": [0.6759339975093399, 0.711706102117061, 0.7449252801992527, 0.748505603985056, 0.8010585305105853, 0.8202677459526774], "f1_score": [0.6083415546678281, 0.631894209291466, 0.6626603713154113, 0.7165888352687834, 0.7588206383349598, 0.7835431069553114], "loss": [0.6088055968284607, 0.5567778944969177, 0.5118812918663025, 0.48914119601249695, 0.4274177551269531, 0.3920559883117676], "epochs": 6, "lr": 1e-06}, {"accuracy": [0.7629514321295143, 0.7767123287671234, 0.797011207970112], "f1_score": [0.7007434657496907, 0.7354798446330183, 0.750497620547433], "loss": [0.4793007969856262, 0.4528544545173645, 0.4301765263080597], "epochs": 3, "lr": 6e-07}], "val": [{"accuracy": [0.6006075110456554, 0.6045655375552283, 0.6148748159057438, 0.541881443298969, 0.6041053019145802, 0.6005154639175257], "f1_score": [0.4617106118394783, 0.4694044214662777, 0.47793721170009895, 0.45713009785174785, 0.49717464665918315, 0.496975904965596], "loss": [0.6551705598831177, 0.6423361301422119, 0.634103000164032, 0.7276409268379211, 0.6647858023643494, 0.6919615864753723], "epochs": 6, "lr": 1e-06}, {"accuracy": [0.6218703976435935, 0.5984904270986745, 0.6081553755522828], "f1_score": [0.4883662299899418, 0.49588006495223014, 0.4996859097374566], "loss": [0.6440853476524353, 0.6997991800308228, 0.6868099570274353], "epochs": 3, "lr": 6e-07}]}