{"train": [{"accuracy_score": [0.6888060910416329, 0.7498785031589179, 0.7853555807549004, 0.8133808520978455, 0.8378422161023813, 0.8519358496679086], "f1_score": [0.25686653771760154, 0.5477445811364967, 0.6815669310261956, 0.6908212560386473, 0.7456162642947903, 0.7700050327126321], "loss": [0.58333420753479, 0.5059010982513428, 0.4512585997581482, 0.39618608355522156, 0.35833144187927246, 0.31932634115219116], "epochs": 6, "lr": 1e-06}, {"accuracy_score": [0.8059290458448081, 0.8174307468005831, 0.8352502834926292], "f1_score": [0.7052165354330708, 0.7055134570159395, 0.7523739956172388], "loss": [0.41348594427108765, 0.3867393434047699, 0.3629423975944519], "epochs": 3, "lr": 6e-07}], "val": [{"accuracy_score": [0.5141745414118954, 0.5447470817120622, 0.5919955530850473, 0.5697609783212896, 0.5958866036687048, 0.5719844357976653], "f1_score": [0.04585152838427948, 0.20408163265306123, 0.41091492776886035, 0.29250457038391225, 0.4216388225934765, 0.3441226575809199], "loss": [0.694380521774292, 0.6945938467979431, 0.6635401844978333, 0.736986517906189, 0.7004737854003906, 0.7692347764968872], "epochs": 6, "lr": 1e-06}, {"accuracy_score": [0.5864369093941079, 0.5736520289049472, 0.5919955530850473], "f1_score": [0.3810316139767055, 0.3194321206743567, 0.4183835182250396], "loss": [0.6917883157730103, 0.7344473004341125, 0.7043883800506592], "epochs": 3, "lr": 6e-07}]}