{"train": [{"accuracy": [0.6815849486887116, 0.7277651083238312, 0.7743728620296465, 0.8005986316989738], "f1_score": [0.5828665633112573, 0.6428919553777005, 0.7197834915622825, 0.7621725101200589], "loss": [0.5926477313041687, 0.5278806090354919, 0.4623596966266632, 0.4179241359233856], "epochs": 4, "lr": 1e-06}, {"accuracy": [0.7068129988597491, 0.7297605473204105, 0.7599771949828963, 0.7893386545039909], "f1_score": [0.6349067947129502, 0.6552524062786306, 0.7107016763801252, 0.7333640893504063], "loss": [0.5592020750045776, 0.5234951972961426, 0.48428627848625183, 0.44969794154167175], "epochs": 4, "lr": 6e-07}], "val": [{"accuracy": [0.675, 0.6791666666666667, 0.684375, 0.6864583333333333], "f1_score": [0.47971990971990996, 0.48545486920486947, 0.5193645706145709, 0.5345387020387022], "loss": [0.6088244318962097, 0.6180420517921448, 0.6196942329406738, 0.6122637987136841], "epochs": 4, "lr": 1e-06}, {"accuracy": [0.678125, 0.6802083333333333, 0.66875, 0.678125], "f1_score": [0.48962588337588364, 0.48637926887926913, 0.5165176952676956, 0.5162933362933366], "loss": [0.6034176349639893, 0.6119753122329712, 0.607373833656311, 0.6157338619232178], "epochs": 4, "lr": 6e-07}]}