{"train": [{"accuracy": [0.8035714285714286, 0.8040293040293041, 0.8035714285714286, 0.8044871794871795, 0.8031135531135531, 0.8040293040293041, 0.8031135531135531, 0.8031135531135531, 0.8035714285714286, 0.8035714285714286, 0.8044871794871795, 0.8035714285714286, 0.8040293040293041, 0.8040293040293041, 0.8044871794871795, 0.8076923076923077, 0.8108974358974359, 0.8141025641025641], "f1_score": [0.5444918329533713, 0.5068094298863528, 0.5079130271437964, 0.5071287686672301, 0.5322882245959166, 0.555898802052648, 0.5688294611371533, 0.5182748875056565, 0.5439658631966321, 0.49381088996473604, 0.5819530896453973, 0.5446933408471871, 0.5323941016248707, 0.5193575655114114, 0.518635210942903, 0.5460505306659151, 0.5967622121468275, 0.5929233160002391], "loss": [0.5243732333183289, 0.5042758584022522, 0.5007510185241699, 0.49541789293289185, 0.4938102960586548, 0.4889151453971863, 0.48714181780815125, 0.4832274913787842, 0.4779513478279114, 0.47327157855033875, 0.4660210907459259, 0.4614984095096588, 0.4557633101940155, 0.4486738443374634, 0.44304847717285156, 0.43243181705474854, 0.4252805709838867, 0.41913336515426636], "epochs": 18, "lr": 1e-06}, {"accuracy": [0.8040293040293041, 0.8044871794871795, 0.8076923076923077, 0.8072344322344323, 0.8104395604395604, 0.809981684981685], "f1_score": [0.49411101718794015, 0.531511223818916, 0.5292194984502675, 0.579543533389687, 0.5087322933476779, 0.5757255564947871], "loss": [0.43992459774017334, 0.43491774797439575, 0.429982453584671, 0.4265827536582947, 0.42252790927886963, 0.4197940230369568], "epochs": 6, "lr": 6e-07}], "val": [{"accuracy": [0.8392857142857143, 0.8392857142857143, 0.8392857142857143, 0.8392857142857143, 0.8392857142857143, 0.8392857142857143, 0.8392857142857143, 0.8392857142857143, 0.8392857142857143, 0.8392857142857143, 0.8392857142857143, 0.8392857142857143, 0.8392857142857143, 0.8392857142857143, 0.8392857142857143, 0.8392857142857143, 0.8392857142857143, 0.8392857142857143], "f1_score": [0.5950811093668237, 0.5950811093668237, 0.5950811093668237, 0.5950811093668237, 0.5950811093668237, 0.5950811093668237, 0.5950811093668237, 0.5950811093668237, 0.5950811093668237, 0.5950811093668237, 0.5950811093668237, 0.5950811093668237, 0.5950811093668237, 0.5950811093668237, 0.5950811093668237, 0.5950811093668237, 0.5950811093668237, 0.5950811093668237], "loss": [0.5176206231117249, 0.47651296854019165, 0.4715021848678589, 0.47245657444000244, 0.4706417918205261, 0.4675958454608917, 0.4664357006549835, 0.46460646390914917, 0.4647422730922699, 0.46208515763282776, 0.4633336663246155, 0.460078626871109, 0.4582488238811493, 0.4564392566680908, 0.4522138833999634, 0.45297977328300476, 0.45318013429641724, 0.4515106976032257], "epochs": 18, "lr": 1e-06}, {"accuracy": [0.8392857142857143, 0.8392857142857143, 0.8392857142857143, 0.8392857142857143, 0.8392857142857143, 0.8392857142857143], "f1_score": [0.5950811093668237, 0.5950811093668237, 0.5950811093668237, 0.5950811093668237, 0.5950811093668237, 0.5950811093668237], "loss": [0.4514307677745819, 0.4511726200580597, 0.4500110149383545, 0.4493566155433655, 0.4502796232700348, 0.45020443201065063], "epochs": 6, "lr": 6e-07}]}