{"train": [{"accuracy": [0.7063823163138232, 0.7539227895392279, 0.783343711083437, 0.8052615193026152], "f1_score": [0.6214818666873436, 0.6965147001884213, 0.7356684135015383, 0.7706130454573785], "loss": [0.5746994614601135, 0.4969716966152191, 0.44483432173728943, 0.40744635462760925], "epochs": 4, "lr": 1e-06}, {"accuracy": [0.7327210460772104, 0.7553237858032378, 0.7766189290161893], "f1_score": [0.6599781289694086, 0.6931750413693101, 0.7306353394771817], "loss": [0.526772141456604, 0.49278706312179565, 0.46029481291770935], "epochs": 3, "lr": 6e-07}], "val": [{"accuracy": [0.6207658321060383, 0.5848674521354933, 0.6035530191458026, 0.5880891016200295], "f1_score": [0.47881245329698985, 0.4605529350374716, 0.48897030804247343, 0.4905989199803637], "loss": [0.6387035846710205, 0.6468237042427063, 0.6564566493034363, 0.6917133927345276], "epochs": 4, "lr": 1e-06}, {"accuracy": [0.5873527245949927, 0.5887334315169367, 0.5913107511045655], "f1_score": [0.44785575249492837, 0.47214927111834376, 0.48779857027279744], "loss": [0.6475659608840942, 0.654519259929657, 0.6685208082199097], "epochs": 3, "lr": 6e-07}]}