{"train": [{"accuracy": [0.6726338729763387, 0.7052303860523038, 0.7452988792029889, 0.7546077210460773, 0.7841220423412204, 0.8034557907845579], "f1_score": [0.5788015360867133, 0.6631041436769907, 0.6839072163480607, 0.7147202596766716, 0.7443135251354421, 0.7549775739688565], "loss": [0.6149182319641113, 0.572150707244873, 0.5203200578689575, 0.4918592572212219, 0.458329439163208, 0.433475524187088], "epochs": 6, "lr": 1e-06}, {"accuracy": [0.7574408468244085, 0.7728518057285181, 0.7869551681195516, 0.7967621419676214, 0.7911581569115815], "f1_score": [0.7067823867014387, 0.7140212838220299, 0.7389211452723274, 0.7546747288963964, 0.7517091598038039], "loss": [0.49525490403175354, 0.47894540429115295, 0.45784154534339905, 0.4367985427379608, 0.4325639307498932], "epochs": 5, "lr": 6e-07}], "val": [{"accuracy": [0.6547312223858616, 0.6052098674521356, 0.6264727540500736, 0.6194771723122239, 0.6194771723122239, 0.6405559646539027], "f1_score": [0.48249486767528055, 0.4769018209739863, 0.4731977930431543, 0.49691917475422653, 0.49386941809622253, 0.4964679793288047], "loss": [0.6308963298797607, 0.6548879742622375, 0.6198014616966248, 0.6534599661827087, 0.6452333927154541, 0.629477858543396], "epochs": 6, "lr": 1e-06}, {"accuracy": [0.6330081001472754, 0.6431332842415316, 0.6438696612665685, 0.6381627393225332, 0.6124815905743741], "f1_score": [0.4870370465731296, 0.4935549130136764, 0.49756540710149005, 0.5079740133863849, 0.4988521787490862], "loss": [0.6254883408546448, 0.6147221922874451, 0.6186550259590149, 0.6406950950622559, 0.6816028356552124], "epochs": 5, "lr": 6e-07}]}