{"train": [{"accuracy_score": [0.6402101377254011, 0.6866392162430782, 0.7316484452648019, 0.7711202612523073, 0.796251597330683, 0.8132897912821241, 0.8230867528042027], "f1_score": [0.31290672451193063, 0.5642645607107603, 0.6412300683371297, 0.6840454723637789, 0.737131342736765, 0.7583164859400845, 0.7732071350564251], "loss": [0.6364225149154663, 0.5996389985084534, 0.5477259755134583, 0.49345558881759644, 0.45363542437553406, 0.420978844165802, 0.3974257707595825], "epochs": 7, "lr": 1e-06}, {"accuracy_score": [0.7814851625727672, 0.7952577026835156, 0.8043447394576175], "f1_score": [0.7042091101287719, 0.7266868840030325, 0.7146997929606625], "loss": [0.4688044488430023, 0.45375707745552063, 0.4370924234390259], "epochs": 3, "lr": 6e-07}], "val": [{"accuracy_score": [0.7868675995694295, 0.7793326157158235, 0.7491926803013994, 0.7438105489773951, 0.7222820236813778, 0.7158234660925726, 0.7072120559741658], "f1_score": [0.20161290322580644, 0.30976430976430974, 0.3086053412462908, 0.2874251497005988, 0.32460732984293195, 0.3432835820895523, 0.3523809523809524], "loss": [0.56231290102005, 0.5471023917198181, 0.5406138300895691, 0.539314866065979, 0.5595661401748657, 0.57017982006073, 0.5823708176612854], "epochs": 7, "lr": 1e-06}, {"accuracy_score": [0.7330462863293864, 0.7373519913885899, 0.7545748116254036], "f1_score": [0.28323699421965315, 0.30681818181818177, 0.2919254658385093], "loss": [0.5491829514503479, 0.5518654584884644, 0.5466237664222717], "epochs": 3, "lr": 6e-07}]}