{"train": [{"accuracy": [0.685005701254276, 0.7395952109464082, 0.7765108323831242, 0.7991733181299886, 0.8252565564424174, 0.8128563283922463], "f1_score": [0.6140301862080623, 0.6696286799479483, 0.7316908797524525, 0.7464857769874877, 0.7858451063696219, 0.7480632632286012], "loss": [0.5836960673332214, 0.516111433506012, 0.4607585668563843, 0.42081013321876526, 0.38258102536201477, 0.3995995819568634], "epochs": 6, "lr": 1e-06}, {"accuracy": [0.7960376282782212, 0.80672748004561, 0.8211231470923603], "f1_score": [0.7522196921284718, 0.7615444355467164, 0.768778744377377], "loss": [0.43049362301826477, 0.40600621700286865, 0.38758528232574463], "epochs": 3, "lr": 6e-07}], "val": [{"accuracy": [0.6885416666666667, 0.6875, 0.6916666666666667, 0.6916666666666667, 0.6802083333333333, 0.6791666666666667], "f1_score": [0.508076830576831, 0.49492632367632405, 0.5280371480371484, 0.5000268250268254, 0.5400560088060089, 0.47969794094794127], "loss": [0.5964959859848022, 0.6061280965805054, 0.5927228331565857, 0.6294710040092468, 0.6017569899559021, 0.7107675075531006], "epochs": 6, "lr": 1e-06}, {"accuracy": [0.6875, 0.69375, 0.6802083333333333], "f1_score": [0.5202937340437342, 0.5364557202057204, 0.5271981259481262], "loss": [0.6141940355300903, 0.6048247814178467, 0.6289488077163696], "epochs": 3, "lr": 6e-07}]}