{"train": [{"accuracy": [0.8125, 0.8125, 0.8392857142857143, 0.8392857142857143, 0.8125, 0.8125, 0.8392857142857143, 0.8392857142857143, 0.8392857142857143, 0.8392857142857143, 0.8392857142857143], "f1_score": [0.5515436944008373, 0.5156462585034014, 0.5610675039246469, 0.5964416535845107, 0.5165881737310308, 0.516588173731031, 0.5964416535845106, 0.5261119832548404, 0.6299319727891157, 0.5606488749345894, 0.5960230245944533], "loss": [0.6525368094444275, 0.6149157881736755, 0.557255208492279, 0.5316521525382996, 0.5373760461807251, 0.5275877118110657, 0.4836547374725342, 0.469834566116333, 0.46550801396369934, 0.461420476436615, 0.4585932791233063], "epochs": 11, "lr": 1e-06}, {"accuracy": [0.8125, 0.8392857142857143, 0.8392857142857143], "f1_score": [0.5161695447409733, 0.5256933542647829, 0.5610675039246469], "loss": [0.5030489563941956, 0.4653576612472534, 0.4594423472881317], "epochs": 3, "lr": 6e-07}], "val": [{"accuracy": [0.8031135531135531, 0.8031135531135531, 0.8031135531135531, 0.8031135531135531, 0.8031135531135531, 0.8031135531135531, 0.8031135531135531, 0.8031135531135531, 0.8031135531135531, 0.8031135531135531, 0.8031135531135531], "f1_score": [0.5311099157253002, 0.5311099157253002, 0.5311099157253002, 0.5311099157253002, 0.5311099157253002, 0.5311099157253002, 0.5311099157253002, 0.5311099157253002, 0.5311099157253002, 0.5311099157253002, 0.5311099157253002], "loss": [0.6094656586647034, 0.5797266364097595, 0.5535725355148315, 0.5350448489189148, 0.521917462348938, 0.512948215007782, 0.5093554258346558, 0.5068748593330383, 0.5064911246299744, 0.5069456100463867, 0.5068572759628296], "epochs": 11, "lr": 1e-06}, {"accuracy": [0.8031135531135531, 0.8031135531135531, 0.8031135531135531], "f1_score": [0.5311099157253002, 0.5311099157253002, 0.5311099157253002], "loss": [0.5061053037643433, 0.5062486529350281, 0.5065222978591919], "epochs": 3, "lr": 6e-07}]}