{"train": [{"accuracy": [0.697830310880829, 0.7342616580310881, 0.7687823834196891, 0.7784974093264249, 0.8134391191709844, 0.8275259067357513, 0.8403173575129534, 0.8510362694300518, 0.8583225388601037, 0.863082901554404, 0.8694624352331607, 0.8761334196891192], "f1_score": [0.5593681721272356, 0.6170814001772522, 0.6708909541811073, 0.6635103238730149, 0.7435516915439185, 0.7830520156297355, 0.7959420616804043, 0.7997150949223485, 0.818571447263157, 0.8081915781397639, 0.819043248058792, 0.8418249999856228], "loss": [0.5813958048820496, 0.5296024680137634, 0.47477129101753235, 0.4553300738334656, 0.39914003014564514, 0.3692423403263092, 0.34403637051582336, 0.32133927941322327, 0.30860450863838196, 0.2931082248687744, 0.2740265727043152, 0.25976747274398804], "epochs": 12, "lr": 1e-06}, {"accuracy": [0.8639896373056994, 0.8676165803108807, 0.874740932642487], "f1_score": [0.8171559298502307, 0.8195357032144601, 0.8327713305692578], "loss": [0.2926734983921051, 0.2818704843521118, 0.26702892780303955], "epochs": 3, "lr": 6e-07}], "val": [{"accuracy": [0.5238888888888888, 0.5466666666666666, 0.5916666666666667, 0.5794444444444444, 0.6111904761904762, 0.6412698412698412, 0.6429365079365079, 0.6468253968253967, 0.6462698412698412, 0.6357142857142857, 0.6412698412698412, 0.6523809523809524], "f1_score": [0.3621480248146918, 0.3873960607293945, 0.4278726458726464, 0.41843267843267884, 0.4565350822017493, 0.5027558860892198, 0.5058435885102555, 0.5164765851432525, 0.5321712361712366, 0.49664932598265954, 0.5031916971916974, 0.5333276846610183], "loss": [0.693433940410614, 0.694678008556366, 0.6909140944480896, 0.7315341830253601, 0.6894961595535278, 0.6541488766670227, 0.6480505466461182, 0.6695290803909302, 0.6397530436515808, 0.7415698170661926, 0.7561670541763306, 0.703315019607544], "epochs": 12, "lr": 1e-06}, {"accuracy": [0.6312698412698412, 0.6307142857142857, 0.6596031746031745], "f1_score": [0.5001677335010672, 0.5047580814247483, 0.5406371159704497], "loss": [0.7476829290390015, 0.7547913193702698, 0.6943730711936951], "epochs": 3, "lr": 6e-07}]}