{"train": [{"accuracy": [0.8035714285714286, 0.8040293040293041, 0.8040293040293041, 0.8044871794871795], "f1_score": [0.5193340847186999, 0.5074481074481073, 0.5443274674043903, 0.46967220813374666], "loss": [0.5268022418022156, 0.5023788809776306, 0.4949791729450226, 0.4901094436645508], "epochs": 4, "lr": 1e-06}, {"accuracy": [0.8040293040293041, 0.8040293040293041, 0.8044871794871795], "f1_score": [0.48238940546632836, 0.5438390669159898, 0.5317605471451623], "loss": [0.5072914361953735, 0.4985182583332062, 0.4946601390838623], "epochs": 3, "lr": 6e-07}], "val": [{"accuracy": [0.3958333333333333, 0.3958333333333333, 0.3958333333333333, 0.3958333333333333], "f1_score": [0.24525474525474525, 0.24525474525474525, 0.24525474525474525, 0.24525474525474525], "loss": [0.9510864019393921, 1.0499435663223267, 1.0965309143066406, 1.128938913345337], "epochs": 4, "lr": 1e-06}, {"accuracy": [0.3958333333333333, 0.3958333333333333, 0.3958333333333333], "f1_score": [0.24525474525474525, 0.24525474525474525, 0.24525474525474525], "loss": [1.0243213176727295, 1.0787451267242432, 1.1224111318588257], "epochs": 3, "lr": 6e-07}]}