{"train": [{"accuracy_score": [0.6483416628805089, 0.7299712252006664, 0.7767681356958958, 0.8120551264576708, 0.8355293048614266, 0.8484022414054218, 0.8479479024685749], "f1_score": [0.08221343873517786, 0.62439435432905, 0.6376597836774828, 0.7178904296431007, 0.7535179300953245, 0.7785888077858881, 0.7878275570583262], "loss": [0.6028046607971191, 0.544520914554596, 0.48012807965278625, 0.43178224563598633, 0.3878709673881531, 0.3617163896560669, 0.35047367215156555], "epochs": 7, "lr": 1e-06}, {"accuracy_score": [0.8223534756928669, 0.8321974859912161, 0.8477964561562926], "f1_score": [0.735632183908046, 0.738679245283019, 0.7741065407956845], "loss": [0.40077731013298035, 0.38141942024230957, 0.36144959926605225], "epochs": 3, "lr": 6e-07}], "val": [{"accuracy_score": [0.5390796201607012, 0.6420745069393718, 0.6559532505478451, 0.6705624543462382, 0.6610664718772827, 0.6508400292184076, 0.6581446311176041], "f1_score": [0.1150070126227209, 0.6354166666666666, 0.5828166519043401, 0.6389111289031225, 0.6221498371335507, 0.6265625, 0.6507462686567164], "loss": [0.664682149887085, 0.6386253237724304, 0.6389895677566528, 0.6307241320610046, 0.6375408172607422, 0.6435520052909851, 0.6475903987884521], "epochs": 7, "lr": 1e-06}, {"accuracy_score": [0.6632578524470416, 0.6574141709276844, 0.6544923301680059], "f1_score": [0.6267206477732793, 0.6107883817427386, 0.6194690265486725], "loss": [0.634087860584259, 0.6433535218238831, 0.6495717763900757], "epochs": 3, "lr": 6e-07}]}