{"train": [{"accuracy_score": [0.6792367105860972, 0.7322429198849008, 0.7723761926397092, 0.807057398152355, 0.8273512039981826, 0.8400726942298955, 0.8508253824019385], "f1_score": [0.5667062952281148, 0.6892106969775383, 0.7549674881559579, 0.7886015623570736, 0.8081486426337166, 0.8169905217200871, 0.8307118431445878], "loss": [0.5959888100624084, 0.5257898569107056, 0.4856618642807007, 0.43440908193588257, 0.4015945792198181, 0.3725118935108185, 0.35520198941230774], "epochs": 7, "lr": 1e-06}, {"accuracy_score": [0.8211419051946085, 0.8284113281841587, 0.8394669089807664], "f1_score": [0.7985322941152382, 0.8114203006028164, 0.8191944385546591], "loss": [0.4096589684486389, 0.3888833522796631, 0.3715671896934509], "epochs": 3, "lr": 6e-07}], "val": [{"accuracy_score": [0.5624543462381301, 0.6070124178232287, 0.6435354273192111, 0.6544923301680059, 0.6501095690284879, 0.6289262235208181, 0.6435354273192111], "f1_score": [0.46753896071430195, 0.5822981366459627, 0.6422203085570822, 0.6514452488108099, 0.6452640729735184, 0.6144807798059354, 0.6338191831759143], "loss": [0.6659507751464844, 0.6501442193984985, 0.6421547532081604, 0.638283371925354, 0.6451640725135803, 0.6715394854545593, 0.6661773324012756], "epochs": 7, "lr": 1e-06}, {"accuracy_score": [0.6449963476990505, 0.6449963476990505, 0.6369612856099343], "f1_score": [0.6363579720600774, 0.6423842981780967, 0.6275160308260481], "loss": [0.6524472832679749, 0.6513303518295288, 0.6698436737060547], "epochs": 3, "lr": 6e-07}]}