{"train": [{"accuracy_score": [0.6902351658620153, 0.7458339822457561, 0.753309453356175, 0.8123345273321912], "f1_score": [0.46141348497156787, 0.6609887827170752, 0.7262357414448668, 0.7660648417782954], "loss": [0.5869110822677612, 0.5062590837478638, 0.48650169372558594, 0.4044446349143982], "epochs": 4, "lr": 1e-06}, {"accuracy_score": [0.7146861859523439, 0.752997975393241, 0.7758916056688989, 0.8001868867777605, 0.8191870425167419], "f1_score": [0.6365079365079365, 0.626647834274953, 0.6716860597764088, 0.7164640883977902, 0.7489729729729729], "loss": [0.5437857508659363, 0.5003988742828369, 0.4622039198875427, 0.4262394309043884, 0.3982551097869873], "epochs": 5, "lr": 6e-07}], "val": [{"accuracy_score": [0.6563507414571245, 0.6524822695035462, 0.6112185686653772, 0.6408768536428111], "f1_score": [0.39362912400455063, 0.5489539748953974, 0.5849965588437716, 0.5692188708430007], "loss": [0.596778392791748, 0.6019907593727112, 0.6855778694152832, 0.6374793648719788], "epochs": 4, "lr": 1e-06}, {"accuracy_score": [0.6266924564796905, 0.6640876853642811, 0.6802063185041909, 0.6724693745970342, 0.6769825918762089], "f1_score": [0.5487139516757599, 0.4917073170731707, 0.5449541284403668, 0.5390199637023593, 0.5457842248413419], "loss": [0.611453652381897, 0.5769301056861877, 0.5799057483673096, 0.58287513256073, 0.5876597166061401], "epochs": 5, "lr": 6e-07}]}