{"train": [{"accuracy_score": [0.663779639358228, 0.7195797245491978, 0.7746698849921908, 0.8037767996592361, 0.8245066023001562], "f1_score": [0.4688200986989681, 0.5530663045937995, 0.7089675408032277, 0.7394419306184012, 0.783385909568875], "loss": [0.6042410731315613, 0.5361483097076416, 0.4745538830757141, 0.42866137623786926, 0.38951021432876587], "epochs": 5, "lr": 1e-06}, {"accuracy_score": [0.7505324435609826, 0.7733920204458328, 0.7901462444980832], "f1_score": [0.6354015355882964, 0.6770538243626062, 0.7489809782608695], "loss": [0.4974035918712616, 0.46797406673431396, 0.447555273771286], "epochs": 3, "lr": 6e-07}], "val": [{"accuracy_score": [0.7664155005382132, 0.7739504843918191, 0.7384284176533907, 0.7502691065662002, 0.7341227125941873], "f1_score": [0.1214574898785425, 0.19230769230769232, 0.2613981762917933, 0.2704402515723271, 0.3378016085790884], "loss": [0.5416678786277771, 0.4946516752243042, 0.5149140357971191, 0.49828648567199707, 0.5132623910903931], "epochs": 5, "lr": 1e-06}, {"accuracy_score": [0.7556512378902045, 0.7610333692142088, 0.7233584499461787], "f1_score": [0.21453287197231835, 0.2397260273972603, 0.32189973614775724], "loss": [0.5062682032585144, 0.5045121312141418, 0.5188302993774414], "epochs": 3, "lr": 6e-07}]}