{"train": [{"accuracy_score": [0.6912360278632755, 0.7357848695933906, 0.7689940061558399, 0.8059290458448081, 0.8261785193584967, 0.8548517738538798, 0.8592256601328365, 0.8767212052486635], "f1_score": [0.5669533833302416, 0.6846380003240646, 0.7180953570444952, 0.7817408448815367, 0.8102600519608347, 0.8357117227580668, 0.8330572446659088, 0.8566065593761527], "loss": [0.5779111981391907, 0.5157685279846191, 0.46512654423713684, 0.41936585307121277, 0.37813034653663635, 0.3345451056957245, 0.3080693185329437, 0.2734764516353607], "epochs": 8, "lr": 1e-06}, {"accuracy_score": [0.8467519844484044, 0.8530698201846753, 0.8645715211404503], "f1_score": [0.8297064714164235, 0.8408269115111208, 0.841958878539476], "loss": [0.3420870304107666, 0.3273683786392212, 0.29913192987442017], "epochs": 3, "lr": 6e-07}], "val": [{"accuracy_score": [0.5675375208449138, 0.6142301278488049, 0.6247915508615898, 0.6625903279599777, 0.6653696498054474, 0.6570316842690384, 0.6381322957198443, 0.6553640911617565], "f1_score": [0.5019124609607429, 0.5934201133793937, 0.6031618943915378, 0.6575618940460858, 0.665056584820324, 0.6552313541756938, 0.626910565816422, 0.6482977735847153], "loss": [0.6677830219268799, 0.6408970952033997, 0.6416742205619812, 0.6202483177185059, 0.6143039464950562, 0.6224341988563538, 0.6789917945861816, 0.680260419845581], "epochs": 8, "lr": 1e-06}, {"accuracy_score": [0.6575875486381323, 0.6687048360200111, 0.6403557531962201], "f1_score": [0.6567474477153336, 0.6687039147297361, 0.6315574890072131], "loss": [0.6239792108535767, 0.6278432607650757, 0.6785891652107239], "epochs": 3, "lr": 6e-07}]}