{"train": [{"accuracy_score": [0.672282520654463, 0.735622873805281, 0.7819536692046006, 0.8034991090231653, 0.8235865867487445, 0.8318483719423295], "f1_score": [0.4695913914300215, 0.66571092956737, 0.7459088453734253, 0.7646504660489349, 0.7900228971474381, 0.8114363899227356], "loss": [0.5953235626220703, 0.5277726650238037, 0.47620075941085815, 0.4365115761756897, 0.40619856119155884, 0.38295552134513855], "epochs": 6, "lr": 1e-06}, {"accuracy_score": [0.788109509152762, 0.8091689616069982, 0.8200226794103354, 0.8265025109347157], "f1_score": [0.7640553099889753, 0.7804386158786749, 0.7907159356858408, 0.8051847343387211], "loss": [0.45232588052749634, 0.42642825841903687, 0.4073674976825714, 0.3943263292312622], "epochs": 4, "lr": 6e-07}], "val": [{"accuracy_score": [0.5086158977209561, 0.5614230127848805, 0.5908838243468594, 0.5825458588104503, 0.5931072818232351, 0.6103390772651474], "f1_score": [0.34890359137284443, 0.5018766338295226, 0.5634474118034949, 0.5457524349778784, 0.5586004118801686, 0.6035158872011079], "loss": [0.700854480266571, 0.6920482516288757, 0.682917594909668, 0.7104299068450928, 0.7156988978385925, 0.685562789440155], "epochs": 6, "lr": 1e-06}, {"accuracy_score": [0.5997776542523624, 0.594774874930517, 0.594219010561423, 0.6081156197887715], "f1_score": [0.5893256631511665, 0.5732534813231224, 0.57117882313604, 0.5985286394900853], "loss": [0.6775910258293152, 0.6956614255905151, 0.7080851197242737, 0.6915746331214905], "epochs": 4, "lr": 6e-07}]}