{"train": [{"accuracy_score": [0.6309811160017038, 0.7113445974726679, 0.7643049836717308, 0.7881584552037484, 0.8215249183586539, 0.8245066023001562], "f1_score": [0.2308375258952353, 0.5807382965559909, 0.6558872305140963, 0.6886477462437396, 0.7670928293496387, 0.7897959183673469], "loss": [0.6296305060386658, 0.5604856610298157, 0.49877801537513733, 0.45662063360214233, 0.4088248610496521, 0.38747063279151917], "epochs": 6, "lr": 1e-06}, {"accuracy_score": [0.7877325003549623, 0.7980974016754224, 0.8138577310805055], "f1_score": [0.7097650941564745, 0.7117957032833402, 0.7409602845287493], "loss": [0.4631196856498718, 0.44459500908851624, 0.42339974641799927], "epochs": 3, "lr": 6e-07}], "val": [{"accuracy_score": [0.7739504843918191, 0.7470398277717977, 0.7491926803013994, 0.7481162540365985, 0.7233584499461787, 0.6921420882669537], "f1_score": [0.07079646017699115, 0.2769230769230769, 0.26031746031746034, 0.24025974025974026, 0.32545931758530183, 0.3644444444444444], "loss": [0.5719394087791443, 0.5354666709899902, 0.5327057838439941, 0.5496333241462708, 0.5724572539329529, 0.619195818901062], "epochs": 6, "lr": 1e-06}, {"accuracy_score": [0.7351991388589881, 0.7330462863293864, 0.7351991388589881], "f1_score": [0.32044198895027626, 0.27906976744186046, 0.30898876404494385], "loss": [0.5550635457038879, 0.5646109580993652, 0.5625642538070679], "epochs": 3, "lr": 6e-07}]}