{"train": [{"accuracy_score": [0.6866575798879297, 0.7342117219445706, 0.7620778434045131, 0.7985764046645464, 0.8252309556262305, 0.8321974859912161], "f1_score": [0.4263931244801774, 0.5463944171620575, 0.6968936909125989, 0.6699751861042185, 0.729995320542817, 0.7328833172613307], "loss": [0.591840386390686, 0.5289510488510132, 0.49607184529304504, 0.43926066160202026, 0.40175387263298035, 0.38048648834228516], "epochs": 6, "lr": 1e-06}, {"accuracy_score": [0.7966076026048766, 0.8002423140996516, 0.8228078146297138], "f1_score": [0.6994853434772881, 0.6673392181588903, 0.7418358340688438], "loss": [0.4452933669090271, 0.4335441291332245, 0.403770387172699], "epochs": 3, "lr": 6e-07}], "val": [{"accuracy_score": [0.5997078159240321, 0.6092037983929875, 0.623082542001461, 0.6128560993425858, 0.6376917457998539, 0.6172388604821037], "f1_score": [0.4497991967871486, 0.4928909952606635, 0.6366197183098591, 0.5046728971962617, 0.5686956521739129, 0.5270758122743684], "loss": [0.6582561731338501, 0.6581824421882629, 0.6571783423423767, 0.6795053482055664, 0.6648157835006714, 0.6922577023506165], "epochs": 6, "lr": 1e-06}, {"accuracy_score": [0.6274653031409788, 0.6033601168736303, 0.6216216216216216], "f1_score": [0.5840130505709624, 0.4763741562198649, 0.5795454545454545], "loss": [0.664278507232666, 0.6965625882148743, 0.6750794649124146], "epochs": 3, "lr": 6e-07}]}