{"train": [{"accuracy_score": [0.6917925556766858, 0.7305715620619841, 0.7776047344650366, 0.8202772153870114, 0.8229247780719514], "f1_score": [0.6664467330340202, 0.6763080751567709, 0.7696530713265479, 0.8062271769203814, 0.8185591327433739], "loss": [0.5709620118141174, 0.5294201374053955, 0.4510871171951294, 0.39676591753959656, 0.375222772359848], "epochs": 5, "lr": 1e-06}, {"accuracy_score": [0.7573586668743186, 0.7933343715932097, 0.8104656595545865], "f1_score": [0.7517277941473988, 0.7792850124677368, 0.7932268070493895], "loss": [0.4811601936817169, 0.4354299306869507, 0.40783363580703735], "epochs": 3, "lr": 6e-07}], "val": [{"accuracy_score": [0.6389426176660219, 0.6950354609929078, 0.6337846550612508, 0.6718246292714378, 0.620889748549323], "f1_score": [0.6206034979819335, 0.6276027271052147, 0.6279029691127128, 0.6533563826353923, 0.6182489451476794], "loss": [0.5991760492324829, 0.5658932328224182, 0.642364501953125, 0.5959886908531189, 0.7220425009727478], "epochs": 5, "lr": 1e-06}, {"accuracy_score": [0.6215344938749194, 0.655705996131528, 0.670535138620245], "f1_score": [0.6172551871711709, 0.6412832195696614, 0.6508814070444728], "loss": [0.6507207155227661, 0.6103022694587708, 0.6064005494117737], "epochs": 3, "lr": 6e-07}]}