{"train": [{"accuracy_score": [0.6981674996213842, 0.7202786612145994, 0.7843404513100106, 0.8064516129032258, 0.8125094653945176], "f1_score": [0.45650395418598316, 0.6550887021475257, 0.6448877805486284, 0.6833498513379583, 0.6728329809725159], "loss": [0.5730272531509399, 0.5450500249862671, 0.4584806561470032, 0.4160779118537903, 0.3969985544681549], "epochs": 5, "lr": 1e-06}, {"accuracy_score": [0.7776768135695896, 0.7899439648644555, 0.8150840527033166, 0.8190216568226564, 0.8368923216719673], "f1_score": [0.6628387689480938, 0.7109814544696811, 0.730879435750496, 0.762849771780115, 0.779709552055635], "loss": [0.46967804431915283, 0.4459877014160156, 0.41095542907714844, 0.3974893391132355, 0.3673926889896393], "epochs": 5, "lr": 6e-07}], "val": [{"accuracy_score": [0.623082542001461, 0.662527392257122, 0.6515704894083273, 0.6617969320672024, 0.6566837107377648], "f1_score": [0.46804123711340206, 0.6617862371888726, 0.5619834710743802, 0.5668849391955099, 0.5374015748031495], "loss": [0.6502828598022461, 0.6170988082885742, 0.6237919926643372, 0.6360440850257874, 0.6510614156723022], "epochs": 5, "lr": 1e-06}, {"accuracy_score": [0.6530314097881665, 0.6676406135865596, 0.6756756756756757, 0.6720233747260774, 0.672753834915997], "f1_score": [0.5991561181434599, 0.6513409961685824, 0.6360655737704918, 0.6661710037174721, 0.6600910470409711], "loss": [0.6165517568588257, 0.607414186000824, 0.6073299050331116, 0.6092355251312256, 0.6089997291564941], "epochs": 5, "lr": 6e-07}]}