{"train": [{"accuracy_score": [0.6620079863091842, 0.7482886480319453, 0.7895037079292642, 0.8171705647461495, 0.8475470621791215], "f1_score": [0.34130072262367983, 0.6585413039272587, 0.7020589422688737, 0.7339144873391448, 0.7953283553513306], "loss": [0.5874820947647095, 0.5160470008850098, 0.4491257965564728, 0.40155521035194397, 0.3485850393772125], "epochs": 5, "lr": 1e-06}, {"accuracy_score": [0.769965772960639, 0.7994865944095836, 0.8193097547062179], "f1_score": [0.6670794633642931, 0.7448275862068965, 0.7524907208439148], "loss": [0.4698905646800995, 0.43544021248817444, 0.4023647904396057], "epochs": 3, "lr": 6e-07}], "val": [{"accuracy_score": [0.6770833333333334, 0.678125, 0.6708333333333333, 0.6802083333333333, 0.659375], "f1_score": [0.1340782122905028, 0.4699828473413379, 0.45704467353951894, 0.43462246777163904, 0.502283105022831], "loss": [0.595392107963562, 0.5854246616363525, 0.5912901759147644, 0.5945883989334106, 0.6170113682746887], "epochs": 5, "lr": 1e-06}, {"accuracy_score": [0.6833333333333333, 0.65, 0.6697916666666667], "f1_score": [0.4328358208955224, 0.4985074626865672, 0.48117839607201307], "loss": [0.586669921875, 0.6050063371658325, 0.60500568151474], "epochs": 3, "lr": 6e-07}]}