{"train": [{"accuracy_score": [0.6653167017657541, 0.7335169285598574, 0.7702899724607161, 0.7932933743722663, 0.8208326583508829, 0.8365462497975052, 0.8399481613478049], "f1_score": [0.11784799316823226, 0.5146060784892298, 0.6056729699666296, 0.7102633969118983, 0.7211296016137168, 0.7437134874269747, 0.7645376549094377], "loss": [0.5928754806518555, 0.5345313549041748, 0.48234823346138, 0.45688021183013916, 0.40813881158828735, 0.3829205334186554, 0.3639167845249176], "epochs": 7, "lr": 1e-06}, {"accuracy_score": [0.8132188563097359, 0.8229386035963066, 0.8313623845780009], "f1_score": [0.722769896609762, 0.7103100980652002, 0.7309382269320238], "loss": [0.4199443757534027, 0.3995908796787262, 0.3840077817440033], "epochs": 3, "lr": 6e-07}], "val": [{"accuracy_score": [0.5108393551973318, 0.5775430794886047, 0.5969983324068927, 0.6370205669816564, 0.6309060589216231, 0.6264591439688716, 0.6375764313507504], "f1_score": [0.043478260869565216, 0.40902021772939345, 0.47501810282404056, 0.6398234969663542, 0.5776081424936387, 0.5642023346303502, 0.6146572104018913], "loss": [0.6966488361358643, 0.6657509803771973, 0.6670653820037842, 0.6285075545310974, 0.6415209770202637, 0.6458547711372375, 0.6465852856636047], "epochs": 7, "lr": 1e-06}, {"accuracy_score": [0.6336853807670928, 0.6186770428015564, 0.623123957754308], "f1_score": [0.6065671641791045, 0.5314207650273224, 0.5479999999999999], "loss": [0.6411520838737488, 0.6574361324310303, 0.6589974761009216], "epochs": 3, "lr": 6e-07}]}