{"train": [{"accuracy_score": [0.6804236100295904, 0.7408503348388101, 0.7889736801121321, 0.8163837408503348, 0.8325805949229093], "f1_score": [0.6147562207907036, 0.70357362585461, 0.7703174055376112, 0.8039341936976665, 0.8189803842955513], "loss": [0.5916762351989746, 0.5197767615318298, 0.45821067690849304, 0.4175122380256653, 0.3838415741920471], "epochs": 5, "lr": 1e-06}, {"accuracy_score": [0.7705964802990188, 0.7922441987229404, 0.7997196698333593], "f1_score": [0.7580532560322054, 0.780868222546816, 0.7899763438055301], "loss": [0.4809773564338684, 0.45282530784606934, 0.43260982632637024], "epochs": 3, "lr": 6e-07}], "val": [{"accuracy_score": [0.6370083816892328, 0.6518375241779497, 0.6247582205029013, 0.620889748549323, 0.6305609284332688], "f1_score": [0.5658285505741052, 0.6023817029308884, 0.5890833375820302, 0.5940224358974359, 0.5921464875345626], "loss": [0.6186715960502625, 0.6106910109519958, 0.6363102793693542, 0.6516762375831604, 0.6598995923995972], "epochs": 5, "lr": 1e-06}, {"accuracy_score": [0.6105738233397808, 0.6021921341070278, 0.5970341715022566], "f1_score": [0.5942604206368456, 0.587780922773671, 0.5855666242132982], "loss": [0.6554629802703857, 0.6651209592819214, 0.6915452480316162], "epochs": 3, "lr": 6e-07}]}