{"train": [{"accuracy_score": [0.6704221334854535, 0.7477181973759269, 0.7763833428408443, 0.8098973188819167, 0.8231602966343411], "f1_score": [0.3973924380704042, 0.6448504316402329, 0.7127152803224623, 0.7413157384048128, 0.742310889443059], "loss": [0.5921872854232788, 0.5253791809082031, 0.4738413691520691, 0.4272819459438324, 0.400623083114624], "epochs": 5, "lr": 1e-06}, {"accuracy_score": [0.7718197375926983, 0.7872219053051911, 0.8024814603536794], "f1_score": [0.680893498205026, 0.7207038562336205, 0.7095827217446006], "loss": [0.4903416931629181, 0.46433383226394653, 0.4422755539417267], "epochs": 3, "lr": 6e-07}], "val": [{"accuracy_score": [0.6791666666666667, 0.6854166666666667, 0.6802083333333333, 0.678125, 0.6729166666666667], "f1_score": [0.2803738317757009, 0.4428044280442805, 0.49754500818330605, 0.4644714038128249, 0.4163568773234201], "loss": [0.5938244462013245, 0.5864743590354919, 0.5963994860649109, 0.5956045985221863, 0.6087654829025269], "epochs": 5, "lr": 1e-06}, {"accuracy_score": [0.6947916666666667, 0.6739583333333333, 0.6885416666666667], "f1_score": [0.4663023679417122, 0.5039619651347068, 0.42389210019267826], "loss": [0.5875086188316345, 0.5970243215560913, 0.6017217040061951], "epochs": 3, "lr": 6e-07}]}