{"train": [{"accuracy_score": [0.6612949229891615, 0.7351682829435254, 0.7742441528807759, 0.7967769537934969, 0.8210211066742726, 0.8348545350827153], "f1_score": [0.494358100915478, 0.6152889993784959, 0.652469813391877, 0.6756203050307307, 0.7509426473506647, 0.7604468349193214], "loss": [0.6174968481063843, 0.5438960790634155, 0.48561859130859375, 0.45060592889785767, 0.40049198269844055, 0.3758164644241333], "epochs": 6, "lr": 1e-06}, {"accuracy_score": [0.7939247005134056, 0.8050484883057616, 0.815031374786081], "f1_score": [0.7107107107107108, 0.7088391906283281, 0.755236837139083], "loss": [0.45000267028808594, 0.43036893010139465, 0.4058815538883209], "epochs": 3, "lr": 6e-07}], "val": [{"accuracy_score": [0.6614583333333334, 0.6729166666666667, 0.66875, 0.65625, 0.6552083333333333, 0.6583333333333333], "f1_score": [0.2980561555075594, 0.38188976377952755, 0.369047619047619, 0.27312775330396477, 0.4120781527531083, 0.39705882352941174], "loss": [0.6209792494773865, 0.5994623899459839, 0.5982057452201843, 0.6111949682235718, 0.610795795917511, 0.6179275512695312], "epochs": 6, "lr": 1e-06}, {"accuracy_score": [0.66875, 0.6677083333333333, 0.65], "f1_score": [0.42599277978339345, 0.37573385518591, 0.44918032786885237], "loss": [0.6049720048904419, 0.6110222935676575, 0.6179458498954773], "epochs": 3, "lr": 6e-07}]}