{"train": [{"accuracy_score": [0.6619147902154544, 0.7294670338571198, 0.7599222420217074, 0.7988012311679896, 0.8028511258707274, 0.8248825530536206, 0.8423780981694476, 0.8517738538797991, 0.857443706463632], "f1_score": [0.05778781038374718, 0.5170618854829382, 0.5867261572783046, 0.6724683544303798, 0.6425844346549192, 0.7463036845810844, 0.7515956088843503, 0.7752394988946205, 0.7771023302938198], "loss": [0.5911012291908264, 0.5402768850326538, 0.4935173988342285, 0.4447222948074341, 0.42858338356018066, 0.3938518464565277, 0.36061474680900574, 0.346396267414093, 0.3311770558357239], "epochs": 9, "lr": 1e-06}, {"accuracy_score": [0.8412441276526811, 0.8464279928721853, 0.8511258707273611], "f1_score": [0.7465080186239007, 0.7655786350148368, 0.7586025742054111], "loss": [0.36671486496925354, 0.3573530912399292, 0.34666579961776733], "epochs": 3, "lr": 6e-07}], "val": [{"accuracy_score": [0.5058365758754864, 0.5736520289049472, 0.5875486381322957, 0.6092273485269594, 0.5931072818232351, 0.6281267370761534, 0.6181211784324625, 0.6170094496942746, 0.6192329071706504], "f1_score": [0.004479283314669654, 0.3907863383637808, 0.4487369985141158, 0.509420795533845, 0.41996830427892234, 0.5938069216757742, 0.5404682274247492, 0.5652996845425867, 0.5472571050892268], "loss": [0.7070956826210022, 0.6705907583236694, 0.6821647882461548, 0.6688862442970276, 0.7164017558097839, 0.6527259945869446, 0.681228756904602, 0.6716530919075012, 0.6994888186454773], "epochs": 9, "lr": 1e-06}, {"accuracy_score": [0.6181211784324625, 0.6309060589216231, 0.6247915508615898], "f1_score": [0.5367498314227915, 0.579746835443038, 0.5454545454545454], "loss": [0.6856626272201538, 0.6668193340301514, 0.6945279240608215], "epochs": 3, "lr": 6e-07}]}