{"train": [{"accuracy_score": [0.694987127063456, 0.7664697864606996, 0.7976677267908526, 0.8208390125700439, 0.8397698016053309], "f1_score": [0.5876381512018438, 0.7356990000934492, 0.7640936128408948, 0.7897236161431963, 0.8303872991516905], "loss": [0.5685263872146606, 0.49345919489860535, 0.4414685070514679, 0.39797645807266235, 0.36498409509658813], "epochs": 5, "lr": 1e-06}, {"accuracy_score": [0.7790398303801302, 0.8034226866575799, 0.809631985461154], "f1_score": [0.7364644600529934, 0.7716505689356955, 0.7743807279802499], "loss": [0.45909175276756287, 0.4294971823692322, 0.4082128703594208], "epochs": 3, "lr": 6e-07}], "val": [{"accuracy_score": [0.5850986121256392, 0.6384222059897735, 0.6296566837107378, 0.6413440467494521, 0.6566837107377648], "f1_score": [0.5135599073151934, 0.6320613803854028, 0.6160189467010622, 0.6259181902823621, 0.6566820620739406], "loss": [0.6663261651992798, 0.6264045834541321, 0.6424539685249329, 0.648949384689331, 0.6325956583023071], "epochs": 5, "lr": 1e-06}, {"accuracy_score": [0.6384222059897735, 0.6398831263696129, 0.6362308254200146], "f1_score": [0.6206896551724138, 0.6274595523113872, 0.619508291140936], "loss": [0.6504819393157959, 0.6460047364234924, 0.6606628894805908], "epochs": 3, "lr": 6e-07}]}