{"train": [{"accuracy_score": [0.6932401597261837, 0.7462920707358813, 0.7755276668568168, 0.8136052481460354, 0.8461209355390759], "f1_score": [0.6422613170986304, 0.7105176959048864, 0.7699273073813205, 0.7898165557013473, 0.8375683187602174], "loss": [0.5805144309997559, 0.5092990398406982, 0.4678015112876892, 0.40432843565940857, 0.35087189078330994], "epochs": 5, "lr": 1e-06}, {"accuracy_score": [0.7664004563605248, 0.8057615516257843, 0.8188819167142042], "f1_score": [0.7313107534032572, 0.7909577397877887, 0.8096779722669488], "loss": [0.47491219639778137, 0.4308505058288574, 0.40678277611732483], "epochs": 3, "lr": 6e-07}], "val": [{"accuracy_score": [0.6833333333333333, 0.6885416666666667, 0.64375, 0.6822916666666666, 0.659375], "f1_score": [0.5812455877541884, 0.5919893221285808, 0.6265543175107262, 0.6243606240642692, 0.6384405676317235], "loss": [0.5970367193222046, 0.5815064907073975, 0.6220167875289917, 0.5986681580543518, 0.6424586176872253], "epochs": 5, "lr": 1e-06}, {"accuracy_score": [0.6791666666666667, 0.6677083333333333, 0.6614583333333334], "f1_score": [0.6004993757802746, 0.6264632446126617, 0.6339879708738889], "loss": [0.5869393944740295, 0.5989176630973816, 0.6241718530654907], "epochs": 3, "lr": 6e-07}]}