{"train": [{"accuracy_score": [0.6550381560504595, 0.7280797383585111, 0.7638997040959352, 0.7995639308518923], "f1_score": [0.33781763826606875, 0.6474151857835219, 0.7116774438950171, 0.7200348053078094], "loss": [0.6042554378509521, 0.5491912364959717, 0.49840065836906433, 0.4506511092185974], "epochs": 4, "lr": 1e-06}, {"accuracy_score": [0.714997663915278, 0.7397601619685408, 0.7674817006696776], "f1_score": [0.606958762886598, 0.6655993596157694, 0.6810510574663533], "loss": [0.5643162131309509, 0.5330533385276794, 0.49977514147758484], "epochs": 3, "lr": 6e-07}], "val": [{"accuracy_score": [0.6679561573178594, 0.6137975499677627, 0.5970341715022566, 0.6389426176660219], "f1_score": [0.3371943371943372, 0.496215306980656, 0.5394252026529109, 0.48623853211009177], "loss": [0.6155158877372742, 0.6264639496803284, 0.6622363924980164, 0.6272823810577393], "epochs": 4, "lr": 1e-06}, {"accuracy_score": [0.6086395873629916, 0.5938104448742747, 0.6247582205029013], "f1_score": [0.4614019520851819, 0.5070422535211268, 0.49653979238754326], "loss": [0.6229829788208008, 0.6434212923049927, 0.6318554878234863], "epochs": 3, "lr": 6e-07}]}