{"train": [{"accuracy_score": [0.6839462173983476, 0.7357848695933906, 0.779523732382958, 0.8060910416329176, 0.8211566499271019], "f1_score": [0.4253313696612666, 0.5844585987261146, 0.6292563334241351, 0.6790024135156878, 0.6957001102535832], "loss": [0.5870578289031982, 0.5165603756904602, 0.4639853537082672, 0.4206334948539734, 0.38487282395362854], "epochs": 5, "lr": 1e-06}, {"accuracy_score": [0.7698039850963875, 0.7754738376802203, 0.8120848857929693, 0.8266645067228252], "f1_score": [0.643770368513412, 0.5800000000000001, 0.6994818652849741, 0.731290808638875], "loss": [0.47685620188713074, 0.464899480342865, 0.4142056107521057, 0.38456201553344727], "epochs": 4, "lr": 6e-07}], "val": [{"accuracy_score": [0.5519733185102835, 0.6086714841578654, 0.6053362979433018, 0.6220122290161201, 0.6214563646470261], "f1_score": [0.25092936802973975, 0.4992887624466572, 0.4645550527903469, 0.5086705202312138, 0.5018288222384785], "loss": [0.6715008020401001, 0.6484872102737427, 0.6639529466629028, 0.6590851545333862, 0.6826785206794739], "epochs": 5, "lr": 1e-06}, {"accuracy_score": [0.6264591439688716, 0.5936631461923291, 0.6292384658143413, 0.6414674819344081], "f1_score": [0.5274261603375527, 0.39134054954204833, 0.5358385525400139, 0.5753785385121791], "loss": [0.641024649143219, 0.7134470343589783, 0.6474745869636536, 0.6407402157783508], "epochs": 4, "lr": 6e-07}]}