{"train": [{"accuracy_score": [0.6664773534005396, 0.7395996024421412, 0.7654408632684936, 0.8134317762317195, 0.8270623313928723], "f1_score": [0.6476509880580699, 0.7187173408550735, 0.7633944556669893, 0.8020188870667799, 0.8118771360816818], "loss": [0.6044132113456726, 0.5247139930725098, 0.48450902104377747, 0.4020944833755493, 0.37282776832580566], "epochs": 5, "lr": 1e-06}, {"accuracy_score": [0.7648729234701122, 0.7890103649013205, 0.8100241374414312], "f1_score": [0.7500891803379852, 0.779765454025117, 0.8025645170779243], "loss": [0.4770904779434204, 0.44649192690849304, 0.41348913311958313], "epochs": 3, "lr": 6e-07}], "val": [{"accuracy_score": [0.7158234660925726, 0.7578040904198062, 0.7136706135629709, 0.7534983853606028, 0.7642626480086114], "f1_score": [0.539352686620988, 0.5699472271086011, 0.6014238893405077, 0.5770901377820098, 0.5611657898653415], "loss": [0.5610926747322083, 0.49095168709754944, 0.512150764465332, 0.5004256963729858, 0.5035915374755859], "epochs": 5, "lr": 1e-06}, {"accuracy_score": [0.7567276641550054, 0.7502691065662002, 0.7481162540365985], "f1_score": [0.5669408600376226, 0.5951887246063229, 0.5951843575418995], "loss": [0.5020978450775146, 0.5002753138542175, 0.5047041177749634], "epochs": 3, "lr": 6e-07}]}