{"train": [{"accuracy_score": [0.6827596947515964, 0.748325805949229, 0.7618750973368634, 0.8039246223329699], "f1_score": [0.4841732084071917, 0.6449912126537786, 0.7224541659103286, 0.7480488292975784], "loss": [0.589743971824646, 0.5199928283691406, 0.48300257325172424, 0.42738160490989685], "epochs": 4, "lr": 1e-06}, {"accuracy_score": [0.717800965581685, 0.7469241551160255, 0.7718423921507553], "f1_score": [0.6133162612035851, 0.640407169727816, 0.6829690543172473], "loss": [0.5475028157234192, 0.5138671398162842, 0.4790854752063751], "epochs": 3, "lr": 6e-07}], "val": [{"accuracy_score": [0.63571889103804, 0.6144422952933591, 0.5751128304319794, 0.6047711154094133], "f1_score": [0.3687150837988827, 0.43263757115749524, 0.525557955363571, 0.48959200666111574], "loss": [0.6192412376403809, 0.6313177943229675, 0.7040504217147827, 0.6825361251831055], "epochs": 4, "lr": 1e-06}, {"accuracy_score": [0.6157317859445519, 0.6215344938749194, 0.6312056737588653], "f1_score": [0.45119705340699817, 0.43720038350910834, 0.45730550284629984], "loss": [0.6324400901794434, 0.6277344226837158, 0.6381148099899292], "epochs": 3, "lr": 6e-07}]}