{"train": [{"accuracy_score": [0.6615078801647025, 0.6992758767570637, 0.7762317194377396, 0.7958256424818969, 0.8171233849211984], "f1_score": [0.4491682070240296, 0.48215158924205376, 0.7044261065266315, 0.7499130434782609, 0.7766990291262136], "loss": [0.611213207244873, 0.568588376045227, 0.48107337951660156, 0.442257821559906, 0.40385371446609497], "epochs": 5, "lr": 1e-06}, {"accuracy_score": [0.7574897060911543, 0.7675706375124237, 0.7887263950021298], "f1_score": [0.6617821782178218, 0.727303015159087, 0.7429163787145818], "loss": [0.5054952502250671, 0.48414620757102966, 0.45196014642715454], "epochs": 3, "lr": 6e-07}], "val": [{"accuracy_score": [0.7459634015069968, 0.7685683530678149, 0.71259418729817, 0.6792249730893434, 0.6706135629709364], "f1_score": [0.23870967741935487, 0.09282700421940929, 0.2349570200573066, 0.29716981132075465, 0.3259911894273128], "loss": [0.5715411305427551, 0.5496516823768616, 0.5670143365859985, 0.6044899225234985, 0.622810423374176], "epochs": 5, "lr": 1e-06}, {"accuracy_score": [0.7255113024757804, 0.6727664155005382, 0.6813778256189451], "f1_score": [0.21538461538461542, 0.3122171945701358, 0.2815533980582524], "loss": [0.5611188411712646, 0.6035796999931335, 0.6048593521118164], "epochs": 3, "lr": 6e-07}]}