{"train": [{"accuracy_score": [0.6302053622361665, 0.7360239589275528, 0.7750998288648032, 0.8029092983456931, 0.8260125499144324], "f1_score": [0.4362374937502665, 0.7122116689732152, 0.7586427307931451, 0.7872208831193286, 0.8087618180333815], "loss": [0.6117569804191589, 0.5387450456619263, 0.4911244213581085, 0.4462931454181671, 0.4037265479564667], "epochs": 5, "lr": 1e-06}, {"accuracy_score": [0.7668282943525385, 0.7788077581289219, 0.7963491158014832], "f1_score": [0.7475221722630623, 0.7673671803915623, 0.7822882018897814], "loss": [0.5030580163002014, 0.4787556529045105, 0.4472806453704834], "epochs": 3, "lr": 6e-07}], "val": [{"accuracy_score": [0.6697916666666667, 0.690625, 0.690625, 0.6583333333333333, 0.6583333333333333], "f1_score": [0.42954724811657996, 0.6049826057681517, 0.609761972870026, 0.5802741654270038, 0.5725804262250577], "loss": [0.6047232151031494, 0.5839146971702576, 0.5895046591758728, 0.5997716188430786, 0.6086987853050232], "epochs": 5, "lr": 1e-06}, {"accuracy_score": [0.6833333333333333, 0.6458333333333334, 0.6583333333333333], "f1_score": [0.6092524060218832, 0.6003056486216423, 0.6024242424242424], "loss": [0.5888330936431885, 0.5973936915397644, 0.602343738079071], "epochs": 3, "lr": 6e-07}]}