{"train": [{"accuracy_score": [0.6368024989351129, 0.7043873349424961, 0.7553599318472242, 0.7936958682379668, 0.8034928297600454], "f1_score": [0.5176033597266361, 0.6620435227524153, 0.7508652263025346, 0.7835337588293966, 0.7822672890839953], "loss": [0.6178940534591675, 0.5590572953224182, 0.5154434442520142, 0.44965603947639465, 0.42828062176704407], "epochs": 5, "lr": 1e-06}, {"accuracy_score": [0.7430072412324293, 0.7733920204458328, 0.7861706659094136], "f1_score": [0.7355720564554136, 0.7611417331267538, 0.7695205169881183], "loss": [0.5245884656906128, 0.4874752461910248, 0.461006224155426], "epochs": 3, "lr": 6e-07}], "val": [{"accuracy_score": [0.7685683530678149, 0.7491926803013994, 0.6846071044133477, 0.6996770721205597, 0.7330462863293864], "f1_score": [0.49104970123201985, 0.5381334323396428, 0.5710440512042261, 0.5626509134535074, 0.538691954059812], "loss": [0.5536948442459106, 0.5291380882263184, 0.5772212147712708, 0.5736182332038879, 0.5592864751815796], "epochs": 5, "lr": 1e-06}, {"accuracy_score": [0.6846071044133477, 0.7136706135629709, 0.7190527448869752], "f1_score": [0.5574298782024496, 0.568374903933487, 0.5604873866410962], "loss": [0.5772393941879272, 0.5577870011329651, 0.5575741529464722], "epochs": 3, "lr": 6e-07}]}