{"train": [{"accuracy": [0.6879289215686275, 0.7354166666666667, 0.7954656862745099, 0.8256740196078431, 0.84375, 0.8755514705882353, 0.8904411764705883], "f1_score": [0.6253660827190233, 0.6913113982966904, 0.7608223339840973, 0.7928416354886929, 0.8146050028402945, 0.8564497729938885, 0.8694697867491968], "loss": [0.6218141913414001, 0.5258464813232422, 0.4566793143749237, 0.4064466655254364, 0.3676479458808899, 0.31251224875450134, 0.27507779002189636], "epochs": 7, "lr": 1e-06}, {"accuracy": [0.8361519607843136, 0.8423406862745099, 0.8634803921568628], "f1_score": [0.808568773274653, 0.8087087748852435, 0.8395657719187122], "loss": [0.37873801589012146, 0.3605954647064209, 0.32600152492523193], "epochs": 3, "lr": 6e-07}], "val": [{"accuracy": [0.6223958333333334, 0.576388888888889, 0.6336805555555556, 0.662326388888889, 0.6493055555555556, 0.6362847222222222, 0.6597222222222222], "f1_score": [0.4193040755540755, 0.4053803256928257, 0.45799530330780325, 0.4773310601435601, 0.4699585715210715, 0.4681400197025196, 0.4589020354645355], "loss": [0.6802678108215332, 0.7556307911872864, 0.6876128911972046, 0.6533625721931458, 0.675851583480835, 0.7376765608787537, 0.7267873287200928], "epochs": 7, "lr": 1e-06}, {"accuracy": [0.654513888888889, 0.662326388888889, 0.654513888888889], "f1_score": [0.47619053400303396, 0.47868433649683645, 0.45765975922225927], "loss": [0.6892698407173157, 0.6958950161933899, 0.7276918888092041], "epochs": 3, "lr": 6e-07}]}