{"train": [{"accuracy": [0.6961705202312138, 0.7481936416184971, 0.8049132947976878, 0.8269508670520231, 0.8515173410404624, 0.8793352601156069], "f1_score": [0.5819212579328183, 0.674668058338577, 0.7598415553617853, 0.7859009327217402, 0.8222997779356146, 0.8480886647071613], "loss": [0.6053353548049927, 0.5078664422035217, 0.44344475865364075, 0.3996812105178833, 0.3543129563331604, 0.3109205663204193], "epochs": 6, "lr": 1e-06}, {"accuracy": [0.8168352601156069, 0.8267100192678228, 0.8333333333333333], "f1_score": [0.7800779342686837, 0.7879005548080674, 0.7854598356043422], "loss": [0.41600877046585083, 0.3949006199836731, 0.38210657238960266], "epochs": 3, "lr": 6e-07}], "val": [{"accuracy": [0.5965909090909091, 0.6590909090909091, 0.675, 0.6704545454545454, 0.6829545454545455, 0.6795454545454546], "f1_score": [0.5466796839524114, 0.5526856981402439, 0.5043622539077087, 0.5263905286632563, 0.504010686283414, 0.513953470771653], "loss": [0.6514315605163574, 0.6293370127677917, 0.6034528613090515, 0.6348063945770264, 0.6246629953384399, 0.6485811471939087], "epochs": 6, "lr": 1e-06}, {"accuracy": [0.6693181818181818, 0.6795454545454546, 0.6704545454545454], "f1_score": [0.4926014894196716, 0.5350269932088118, 0.5405340114431028], "loss": [0.6144371628761292, 0.6370328068733215, 0.676382839679718], "epochs": 3, "lr": 6e-07}]}