{"train": [{"accuracy": [0.7087301587301588, 0.75, 0.7886904761904762, 0.8053571428571429, 0.8354166666666667, 0.856547619047619, 0.8863095238095238], "f1_score": [0.6411955769098617, 0.719352353995209, 0.7616338952053224, 0.7710827532256085, 0.8090319204604899, 0.8300409378980786, 0.8700553943411067], "loss": [0.5940718650817871, 0.5149617195129395, 0.4523501694202423, 0.4244871139526367, 0.3757311999797821, 0.3352339565753937, 0.2862738370895386], "epochs": 7, "lr": 1e-06}, {"accuracy": [0.8321428571428572, 0.8447420634920635, 0.8553571428571428], "f1_score": [0.8009824566967406, 0.8156285777714332, 0.8253575128575111], "loss": [0.38441577553749084, 0.36186736822128296, 0.336136132478714], "epochs": 3, "lr": 6e-07}], "val": [{"accuracy": [0.8125, 0.7048611111111112, 0.7604166666666666, 0.8402777777777778, 0.8194444444444444, 0.8159722222222222, 0.8090277777777778], "f1_score": [0.6599858474858474, 0.5271520146520146, 0.5740965824299157, 0.7156585698252366, 0.6614575239575238, 0.6564460231126896, 0.630909522576189], "loss": [0.555553674697876, 0.5884416699409485, 0.5102757811546326, 0.4262070059776306, 0.45262566208839417, 0.4499346911907196, 0.46078914403915405], "epochs": 7, "lr": 1e-06}, {"accuracy": [0.7916666666666666, 0.7951388888888888, 0.8020833333333334], "f1_score": [0.595782458282458, 0.6054169595836262, 0.6129702088035419], "loss": [0.47389158606529236, 0.460340291261673, 0.47161784768104553], "epochs": 3, "lr": 6e-07}]}