{"train": [{"accuracy": [0.6780607685433423, 0.7416219839142091, 0.788650580875782, 0.8113270777479893, 0.839142091152815, 0.8586907953529938, 0.8898570151921359, 0.8930965147453083, 0.9192359249329759, 0.936662198391421], "f1_score": [0.6178325993339397, 0.6754295748933808, 0.7494835667757905, 0.7725008086938365, 0.8112259947380573, 0.827306443928426, 0.8719754627261315, 0.8779692008914508, 0.9042027082241542, 0.9236816504913009], "loss": [0.6329829096794128, 0.5287043452262878, 0.456882119178772, 0.41519251465797424, 0.3671140670776367, 0.3285330832004547, 0.29697105288505554, 0.2826293706893921, 0.22849620878696442, 0.19327570497989655], "epochs": 10, "lr": 1e-06}, {"accuracy": [0.8984584450402144, 0.9101876675603218, 0.9225871313672922], "f1_score": [0.8791191531137895, 0.8961139991971075, 0.9070755577457972], "loss": [0.2597478926181793, 0.24649058282375336, 0.2170121818780899], "epochs": 3, "lr": 6e-07}], "val": [{"accuracy": [0.6385542168674698, 0.6852409638554217, 0.7228915662650602, 0.7319277108433735, 0.7394578313253012, 0.7409638554216867, 0.733433734939759, 0.7228915662650602, 0.7439759036144579, 0.7304216867469879], "f1_score": [0.4756255792400372, 0.5923272176284224, 0.5669769320371731, 0.5948310056743793, 0.5953565845132113, 0.5974773553086807, 0.539546129907576, 0.5316244665642258, 0.5589160504823159, 0.5283970380355925], "loss": [0.6453152894973755, 0.6046068072319031, 0.5407167673110962, 0.542971134185791, 0.5302001237869263, 0.543427586555481, 0.5270286202430725, 0.5447779893875122, 0.55008864402771, 0.5826895833015442], "epochs": 10, "lr": 1e-06}, {"accuracy": [0.7319277108433735, 0.7394578313253012, 0.7439759036144579], "f1_score": [0.5691419691419694, 0.5467894889581639, 0.5661243709436482], "loss": [0.543569028377533, 0.5478650331497192, 0.5633034706115723], "epochs": 3, "lr": 6e-07}]}