{"train": [{"accuracy_score": [0.6933455995093529, 0.7519165900030665, 0.7982214044771543, 0.8282735357252377, 0.8684452621895125, 0.9037105182459368], "f1_score": [0.6553302994789685, 0.7354317418850176, 0.7861425369582048, 0.819853733258519, 0.8646508975179482, 0.9017120155547723], "loss": [0.6169264316558838, 0.512962818145752, 0.44560888409614563, 0.3913373649120331, 0.3312108516693115, 0.2727532386779785], "epochs": 6, "lr": 1e-06}, {"accuracy_score": [0.8160073597056118, 0.8252069917203312, 0.8512726157620362], "f1_score": [0.8081734615444949, 0.8157983508394451, 0.8451976914505073], "loss": [0.41369470953941345, 0.39060959219932556, 0.35501477122306824], "epochs": 3, "lr": 6e-07}], "val": [{"accuracy_score": [0.6387434554973822, 0.6518324607329843, 0.6518324607329843, 0.6675392670157068, 0.6675392670157068, 0.6649214659685864], "f1_score": [0.5413926297108258, 0.6157900707074526, 0.6038055133153976, 0.6200909952309728, 0.6356576921632684, 0.636968401045379], "loss": [0.6593854427337646, 0.6498835682868958, 0.6342293620109558, 0.6340844035148621, 0.6767566800117493, 0.7212379574775696], "epochs": 6, "lr": 1e-06}, {"accuracy_score": [0.6544502617801047, 0.675392670157068, 0.6701570680628273], "f1_score": [0.6122662401574803, 0.6216250758858677, 0.6298905019685039], "loss": [0.6475765109062195, 0.6365470290184021, 0.6504197120666504], "epochs": 3, "lr": 6e-07}]}