{"train": [{"accuracy": [0.7091911764705883, 0.7666666666666667, 0.7875, 0.826531862745098], "f1_score": [0.6437733154644909, 0.721707989722694, 0.7405883332353906, 0.8021790437231591], "loss": [0.5866811275482178, 0.49701377749443054, 0.44852563738822937, 0.39391466975212097], "epochs": 4, "lr": 1e-06}, {"accuracy": [0.7379901960784314, 0.7643995098039216, 0.7850490196078431, 0.7969975490196078], "f1_score": [0.6814636956181063, 0.7212973165179033, 0.745914951062008, 0.7550655907273542], "loss": [0.5382813215255737, 0.49604251980781555, 0.466610848903656, 0.44132763147354126], "epochs": 4, "lr": 6e-07}], "val": [{"accuracy": [0.654513888888889, 0.6597222222222222, 0.646701388888889, 0.646701388888889], "f1_score": [0.4814106032856031, 0.48666246947496933, 0.4717560795685795, 0.4742193570318569], "loss": [0.6499255299568176, 0.6731802821159363, 0.6611974835395813, 0.68869948387146], "epochs": 4, "lr": 1e-06}, {"accuracy": [0.6588541666666666, 0.6597222222222222, 0.6519097222222222, 0.6597222222222222], "f1_score": [0.5005943130943128, 0.4877410205535204, 0.48539059320309313, 0.4974674052799053], "loss": [0.6417293548583984, 0.6557990312576294, 0.6518308520317078, 0.6565079092979431], "epochs": 4, "lr": 6e-07}]}