{"train": [{"accuracy_score": [0.666304741223308, 0.7285559174809989, 0.7861020629750272, 0.824466159971046, 0.8552298226565328, 0.8783930510314875, 0.9044516829533116, 0.9305103148751357], "f1_score": [0.5626741587847441, 0.6766514998314797, 0.7609649215902032, 0.8122791831902068, 0.8478884405124337, 0.8711051132103763, 0.8994369599144134, 0.9274327780337295], "loss": [0.63340163230896, 0.5430867671966553, 0.47487375140190125, 0.4136848747730255, 0.3648824989795685, 0.3139881491661072, 0.2629990577697754, 0.21710504591464996], "epochs": 8, "lr": 1e-06}, {"accuracy_score": [0.8722403184943902, 0.8823742309084328, 0.8906985161056822], "f1_score": [0.8650922386116219, 0.8753929290873055, 0.8837611081021444], "loss": [0.3317052125930786, 0.3039301037788391, 0.2771439850330353], "epochs": 3, "lr": 6e-07}], "val": [{"accuracy_score": [0.5636363636363636, 0.6397727272727273, 0.6681818181818182, 0.6920454545454545, 0.6977272727272728, 0.6863636363636364, 0.6920454545454545, 0.7011363636363637], "f1_score": [0.4891640866873065, 0.6050286076748708, 0.6485469187675069, 0.684846658764046, 0.6936109613139336, 0.6806210846890631, 0.6865038102511993, 0.6976122815613262], "loss": [0.6815099120140076, 0.6405371427536011, 0.6157755851745605, 0.5989080667495728, 0.5886229276657104, 0.6249182820320129, 0.6321375966072083, 0.6468057036399841], "epochs": 8, "lr": 1e-06}, {"accuracy_score": [0.6920454545454545, 0.6954545454545454, 0.6886363636363636], "f1_score": [0.6865038102511993, 0.689080371880125, 0.6807862782581988], "loss": [0.606607973575592, 0.625696063041687, 0.6521804928779602], "epochs": 3, "lr": 6e-07}]}