{"train": [{"accuracy_score": [0.67390517553384, 0.7433948606587043, 0.8060079623597539, 0.8414766558089034, 0.8635541078537822, 0.8935939196525515], "f1_score": [0.5692318473817403, 0.6956865521792954, 0.788593811560357, 0.8312238299410577, 0.8539073044033656, 0.8880852529483081], "loss": [0.612139880657196, 0.5157001614570618, 0.4407969117164612, 0.38665035367012024, 0.33726978302001953, 0.28741636872291565], "epochs": 6, "lr": 1e-06}, {"accuracy_score": [0.8237423090843287, 0.8407528049221861, 0.8541440463264568, 0.8686210640608035], "f1_score": [0.8140761383886657, 0.8290472815632277, 0.8464628539162701, 0.8602560917617792], "loss": [0.4118218719959259, 0.38076141476631165, 0.35450103878974915, 0.3243090808391571], "epochs": 4, "lr": 6e-07}], "val": [{"accuracy_score": [0.575, 0.634090909090909, 0.6681818181818182, 0.6738636363636363, 0.678409090909091, 0.7034090909090909], "f1_score": [0.5004250151791135, 0.5960655737704919, 0.6543560606060606, 0.6664725403736469, 0.6683848408303161, 0.7004815924238849], "loss": [0.6753586530685425, 0.6491232514381409, 0.6028549075126648, 0.6057466864585876, 0.6260123252868652, 0.6257354021072388], "epochs": 6, "lr": 1e-06}, {"accuracy_score": [0.6715909090909091, 0.6818181818181818, 0.6897727272727273, 0.6829545454545455], "f1_score": [0.6652622739579261, 0.6717660160600198, 0.6856316221298379, 0.6750795030907943], "loss": [0.5894296169281006, 0.6160720586776733, 0.6033068299293518, 0.6247225403785706], "epochs": 4, "lr": 6e-07}]}