{"train": [{"accuracy_score": [0.6432190760059613, 0.7380029806259314, 0.7985096870342772, 0.8125186289120715, 0.8581222056631893, 0.8968703427719821, 0.928166915052161], "f1_score": [0.5609906554867601, 0.7249826892813429, 0.7919666116308934, 0.8030939598511524, 0.8541304347826086, 0.8958065556160323, 0.9270452709919156], "loss": [0.6390156149864197, 0.5325598120689392, 0.46041807532310486, 0.4190264642238617, 0.34523624181747437, 0.2871344983577728, 0.22428150475025177], "epochs": 7, "lr": 1e-06}, {"accuracy_score": [0.8485842026825633, 0.8628912071535022, 0.8864381520119226], "f1_score": [0.8458228126585339, 0.8593411408889006, 0.8847839828685067], "loss": [0.37048056721687317, 0.3381642997264862, 0.3048834204673767], "epochs": 3, "lr": 6e-07}], "val": [{"accuracy_score": [0.8506944444444444, 0.7291666666666666, 0.7465277777777778, 0.8020833333333334, 0.7881944444444444, 0.71875, 0.7291666666666666], "f1_score": [0.7334653380108904, 0.6809090909090909, 0.6943430789584637, 0.7297466374726306, 0.7307792506321354, 0.6675739223370145, 0.6745291219936251], "loss": [0.5685865879058838, 0.5702304840087891, 0.5400529503822327, 0.480407178401947, 0.485038697719574, 0.5507843494415283, 0.5256572365760803], "epochs": 7, "lr": 1e-06}, {"accuracy_score": [0.7361111111111112, 0.7708333333333334, 0.7326388888888888], "f1_score": [0.6890909090909091, 0.7098901098901098, 0.6819231486395387], "loss": [0.5281174778938293, 0.48608875274658203, 0.5246545076370239], "epochs": 3, "lr": 6e-07}]}