{"train": [{"accuracy": [0.6988198458574181, 0.7561416184971098, 0.8049132947976878, 0.8335741811175338, 0.8352601156069365, 0.8793352601156069, 0.8953516377649327], "f1_score": [0.6244009202101681, 0.6874603238765076, 0.7548062566848677, 0.7919679068522978, 0.7911885160440063, 0.8501727719935795, 0.8724851096238364], "loss": [0.6179513931274414, 0.5060766935348511, 0.43756502866744995, 0.39354178309440613, 0.36728352308273315, 0.312447190284729, 0.27095139026641846], "epochs": 7, "lr": 1e-06}, {"accuracy": [0.851878612716763, 0.8494701348747592, 0.8740366088631986, 0.8840317919075145], "f1_score": [0.816779752039866, 0.8145731115384279, 0.8441711628127796, 0.8532039251692419], "loss": [0.3630211651325226, 0.348922461271286, 0.31884562969207764, 0.30169788002967834], "epochs": 4, "lr": 6e-07}], "val": [{"accuracy": [0.6579545454545455, 0.6590909090909091, 0.6818181818181818, 0.6920454545454545, 0.6829545454545455, 0.6920454545454545, 0.6943181818181818], "f1_score": [0.5298188680006863, 0.5538094229003324, 0.5213632831814653, 0.5258583840402027, 0.5601554001554004, 0.5329835316198956, 0.5185609844700758], "loss": [0.6381328105926514, 0.6495533585548401, 0.6251408457756042, 0.622149646282196, 0.7061310410499573, 0.6626354455947876, 0.6633163094520569], "epochs": 7, "lr": 1e-06}, {"accuracy": [0.6829545454545455, 0.6954545454545454, 0.6909090909090909, 0.6875], "f1_score": [0.5128960938051852, 0.5407379993743634, 0.509066186338914, 0.5181074481074486], "loss": [0.6203104853630066, 0.6571146845817566, 0.6275895237922668, 0.6728426814079285], "epochs": 4, "lr": 6e-07}]}