{"train": [{"accuracy_score": [0.6884391291015026, 0.7421036491873658, 0.7917816620668506, 0.8184605949095369], "f1_score": [0.7673992673992674, 0.7944267905157664, 0.8244116886475303, 0.8504295098534612], "loss": [0.6177703738212585, 0.5319106578826904, 0.46569058299064636, 0.4169386625289917], "epochs": 4, "lr": 1e-06}, {"accuracy_score": [0.7279975467647961, 0.7482367371971788, 0.7746090156393745, 0.80098129408157], "f1_score": [0.7931918862205642, 0.7993155707650942, 0.8154657293497364, 0.8364003024955886], "loss": [0.5696507096290588, 0.5220412015914917, 0.4815421402454376, 0.44576966762542725], "epochs": 4, "lr": 6e-07}], "val": [{"accuracy_score": [0.662303664921466, 0.6465968586387435, 0.643979057591623, 0.6649214659685864], "f1_score": [0.7684021543985637, 0.7283702213279677, 0.7106382978723405, 0.75], "loss": [0.6472998261451721, 0.6630046963691711, 0.6639941930770874, 0.647683322429657], "epochs": 4, "lr": 1e-06}, {"accuracy_score": [0.6465968586387435, 0.6413612565445026, 0.6387434554973822, 0.6492146596858639], "f1_score": [0.7495361781076068, 0.7265469061876247, 0.7195121951219511, 0.7330677290836655], "loss": [0.6389381289482117, 0.65321946144104, 0.6579626798629761, 0.650702953338623], "epochs": 4, "lr": 6e-07}]}