{"train": [{"accuracy_score": [0.6928499496475328, 0.7462235649546828, 0.7814702920443102, 0.8241020476670023, 0.8496139644175897, 0.8848606915072171, 0.9090298757972474, 0.9375629405840886], "f1_score": [0.6422873577714345, 0.7253641285790937, 0.7658251042891655, 0.8171467796197206, 0.843919781818522, 0.8807668193317951, 0.9057710365595665, 0.9357455957251397], "loss": [0.6278307437896729, 0.5360347032546997, 0.4704492390155792, 0.41237086057662964, 0.3681890666484833, 0.30443838238716125, 0.2500692903995514, 0.19420607388019562], "epochs": 8, "lr": 1e-06}, {"accuracy_score": [0.8610271903323263, 0.8862034239677744, 0.8999664316884861], "f1_score": [0.8535529011892402, 0.8826271283458551, 0.896958223452067], "loss": [0.3318319320678711, 0.29742953181266785, 0.2634514570236206], "epochs": 3, "lr": 6e-07}], "val": [{"accuracy_score": [0.6475903614457831, 0.6882530120481928, 0.7063253012048193, 0.7349397590361446, 0.733433734939759, 0.7153614457831325, 0.7243975903614458, 0.7168674698795181], "f1_score": [0.5956403610130852, 0.6574888797518036, 0.6792246690796662, 0.7226083323838821, 0.7236397497125362, 0.7065594814705697, 0.7146044667623371, 0.7115684987846467], "loss": [0.6406347155570984, 0.5825563073158264, 0.5556166172027588, 0.5342514514923096, 0.5327039361000061, 0.5427185297012329, 0.5696266293525696, 0.5857768654823303], "epochs": 8, "lr": 1e-06}, {"accuracy_score": [0.7304216867469879, 0.7243975903614458, 0.7228915662650602], "f1_score": [0.7148854201899388, 0.7167651480717457, 0.7156449285481544], "loss": [0.5543713569641113, 0.545484721660614, 0.556690514087677], "epochs": 3, "lr": 6e-07}]}