{"train": [{"accuracy": [0.6800857843137256, 0.7564950980392157, 0.789828431372549, 0.8197916666666667, 0.8412377450980393, 0.8618259803921569], "f1_score": [0.5905280177338988, 0.713778541719716, 0.7453353835706753, 0.7792373408182212, 0.808412060434117, 0.8394456578280082], "loss": [0.6374725103378296, 0.5204339623451233, 0.4580320715904236, 0.4117347300052643, 0.3692384958267212, 0.32681581377983093], "epochs": 6, "lr": 1e-06}, {"accuracy": [0.803921568627451, 0.8198529411764706, 0.8308210784313727], "f1_score": [0.7758040162451906, 0.7916691560073897, 0.804833646745409], "loss": [0.4283376932144165, 0.4039453864097595, 0.3821653127670288], "epochs": 3, "lr": 6e-07}], "val": [{"accuracy": [0.6197916666666666, 0.6336805555555556, 0.662326388888889, 0.6493055555555556, 0.6597222222222222, 0.638888888888889], "f1_score": [0.45862239612239586, 0.4624713827838827, 0.5019632566507566, 0.5047714438339437, 0.522796243108743, 0.472057861120361], "loss": [0.6740598082542419, 0.6647271513938904, 0.6590237617492676, 0.6682995557785034, 0.68849778175354, 0.7261532545089722], "epochs": 6, "lr": 1e-06}, {"accuracy": [0.662326388888889, 0.631076388888889, 0.6362847222222222], "f1_score": [0.505866876179376, 0.47195264226514216, 0.48241856523106513], "loss": [0.6806181073188782, 0.7065787315368652, 0.6976668834686279], "epochs": 3, "lr": 6e-07}]}