{"train": [{"accuracy": [0.691170634920635, 0.7370039682539683, 0.7774801587301587, 0.8071428571428572, 0.8238095238095238, 0.850297619047619, 0.8699404761904762], "f1_score": [0.6151208711922987, 0.6979105946963072, 0.7430659155659127, 0.7749847242704366, 0.7929825861968705, 0.8278153460296305, 0.8467840096411507], "loss": [0.6212678551673889, 0.5298190712928772, 0.4738748371601105, 0.43040311336517334, 0.40195274353027344, 0.3554815948009491, 0.3132897913455963], "epochs": 7, "lr": 1e-06}, {"accuracy": [0.8220238095238095, 0.8330357142857143, 0.8497023809523809], "f1_score": [0.7910313496027764, 0.8045748167176715, 0.8269657194657177], "loss": [0.40384164452552795, 0.3838508427143097, 0.3610501289367676], "epochs": 3, "lr": 6e-07}], "val": [{"accuracy": [0.7916666666666666, 0.7083333333333334, 0.71875, 0.8055555555555556, 0.7777777777777778, 0.7743055555555556, 0.7708333333333334], "f1_score": [0.624578662078662, 0.5267539559206227, 0.5253374711708045, 0.657792824459491, 0.5917309542309542, 0.6053411095077762, 0.5914642456309122], "loss": [0.5846975445747375, 0.5596054196357727, 0.5605629086494446, 0.4696091115474701, 0.47402048110961914, 0.48050859570503235, 0.5101830363273621], "epochs": 7, "lr": 1e-06}, {"accuracy": [0.7743055555555556, 0.7743055555555556, 0.7777777777777778], "f1_score": [0.5866261824595155, 0.5880566963900297, 0.5663003663003661], "loss": [0.5116299390792847, 0.48524898290634155, 0.5349952578544617], "epochs": 3, "lr": 6e-07}]}