{"train": [{"accuracy": [0.6359710550887021, 0.6898926237161531, 0.758169934640523, 0.7948179271708683, 0.8161764705882353, 0.8480392156862745, 0.8764005602240896], "f1_score": [0.49835587692730593, 0.6151599567565947, 0.7082290725147853, 0.7577385266460889, 0.7843297692037173, 0.8244341714929939, 0.8546820593039063], "loss": [0.6400484442710876, 0.585129976272583, 0.49849188327789307, 0.44844815135002136, 0.4044843018054962, 0.3629094362258911, 0.32263800501823425], "epochs": 7, "lr": 1e-06}, {"accuracy": [0.7994864612511672, 0.8242296918767507, 0.8366013071895425, 0.8457049486461252], "f1_score": [0.750028387423344, 0.7883432471667751, 0.8082690263362518, 0.8101270034043133], "loss": [0.4273791015148163, 0.4005752205848694, 0.37411224842071533, 0.354758620262146], "epochs": 4, "lr": 6e-07}], "val": [{"accuracy": [0.6893939393939394, 0.7070707070707071, 0.7866161616161617, 0.7853535353535354, 0.7714646464646465, 0.7588383838383839, 0.7512626262626263], "f1_score": [0.6047292774565505, 0.5591243773061958, 0.5917406947709983, 0.6182777940353704, 0.5891806846352307, 0.5776255170194569, 0.583476231961081], "loss": [0.6237307190895081, 0.5667897462844849, 0.5029292702674866, 0.4994036853313446, 0.508452832698822, 0.5308297872543335, 0.5377573370933533], "epochs": 7, "lr": 1e-06}, {"accuracy": [0.7941919191919192, 0.7790404040404041, 0.7512626262626263, 0.7828282828282829], "f1_score": [0.6082758991849907, 0.6106243924425748, 0.5783825602007425, 0.6022367643579769], "loss": [0.4895372986793518, 0.5040283799171448, 0.5325210094451904, 0.49994292855262756], "epochs": 4, "lr": 6e-07}]}