{"train": [{"accuracy_score": [0.6983606557377049, 0.7329359165424739, 0.789865871833085, 0.8169895678092399, 0.8476900149031297, 0.8742175856929956, 0.9040238450074516], "f1_score": [0.7658491439148543, 0.7919182535996284, 0.820747520976354, 0.8452620967741935, 0.8668230388324212, 0.8907867494824017, 0.9153522607781284], "loss": [0.6186961531639099, 0.534791111946106, 0.4665468633174896, 0.4197908937931061, 0.36888518929481506, 0.31860727071762085, 0.2762104570865631], "epochs": 7, "lr": 1e-06}, {"accuracy_score": [0.8333830104321908, 0.8506706408345752, 0.8643815201192251, 0.884053651266766, 0.9010432190760059, 0.9078986587183309], "f1_score": [0.8528560147407211, 0.8670029200955668, 0.8854192898514228, 0.8954019897821995, 0.9118895966029724, 0.9173133529569173], "loss": [0.39280959963798523, 0.36290422081947327, 0.3421332836151123, 0.3065118193626404, 0.2742249369621277, 0.25749820470809937], "epochs": 6, "lr": 6e-07}], "val": [{"accuracy_score": [0.7361111111111112, 0.8263888888888888, 0.7638888888888888, 0.7847222222222222, 0.7708333333333334, 0.7708333333333334, 0.75], "f1_score": [0.8232558139534883, 0.8883928571428572, 0.8365384615384616, 0.8558139534883721, 0.8428571428571429, 0.8443396226415094, 0.8285714285714286], "loss": [0.6115509271621704, 0.49780309200286865, 0.5194116830825806, 0.48753622174263, 0.5050982236862183, 0.4971367120742798, 0.5032470226287842], "epochs": 7, "lr": 1e-06}, {"accuracy_score": [0.7395833333333334, 0.7534722222222222, 0.8090277777777778, 0.7083333333333334, 0.7256944444444444, 0.75], "f1_score": [0.8166259168704156, 0.8280871670702179, 0.8752834467120182, 0.7899999999999999, 0.8058968058968059, 0.8269230769230769], "loss": [0.5233128070831299, 0.5193360447883606, 0.448919415473938, 0.55452561378479, 0.5402209758758545, 0.5247471332550049], "epochs": 6, "lr": 6e-07}]}