{"train": [{"accuracy_score": [0.6471413539109084, 0.6776569624693091, 0.7467555243774114, 0.7856892318484742, 0.8274289722904244, 0.8544370396352157, 0.8656611715187653], "f1_score": [0.7454453441295548, 0.769616445224367, 0.7935963407661522, 0.8302306196165601, 0.8585393904542841, 0.8720320690718472, 0.8789124249130572], "loss": [0.6490747928619385, 0.5972160696983337, 0.5312816500663757, 0.4607827663421631, 0.40427255630493164, 0.35950663685798645, 0.3298918306827545], "epochs": 7, "lr": 1e-06}, {"accuracy_score": [0.8109435285864609, 0.8239214310768151, 0.8361978253244475, 0.8449666783584707, 0.8747807786741494], "f1_score": [0.845159436943407, 0.8559954102122777, 0.856967840735069, 0.8626476072094468, 0.895092565383485], "loss": [0.4277746379375458, 0.4017123281955719, 0.38400349020957947, 0.36542069911956787, 0.31442156434059143], "epochs": 5, "lr": 6e-07}], "val": [{"accuracy_score": [0.6742424242424242, 0.7436868686868687, 0.7777777777777778, 0.7954545454545454, 0.7967171717171717, 0.7487373737373737, 0.7285353535353535], "f1_score": [0.7490272373540855, 0.801175318315377, 0.800453514739229, 0.8207964601769911, 0.8164196123147093, 0.7515605493133585, 0.7218628719275549], "loss": [0.6420198678970337, 0.5708901882171631, 0.5283427834510803, 0.4936535358428955, 0.4950413703918457, 0.5349693298339844, 0.5773169994354248], "epochs": 7, "lr": 1e-06}, {"accuracy_score": [0.7941919191919192, 0.7904040404040404, 0.7626262626262627, 0.75, 0.7853535353535354], "f1_score": [0.8132875143184422, 0.8113636363636364, 0.768472906403941, 0.753731343283582, 0.7999999999999999], "loss": [0.49470484256744385, 0.48821914196014404, 0.5276308059692383, 0.540047824382782, 0.5011739730834961], "epochs": 5, "lr": 6e-07}]}