{"train": [{"accuracy_score": [0.6710305471634777, 0.7479019805303794, 0.7804632426988922, 0.819402484055052, 0.8546492111446794, 0.8801611278952669, 0.9073514602215509], "f1_score": [0.7730430754979156, 0.809245618491237, 0.8212137780207763, 0.8511344770337577, 0.8812071330589849, 0.9002514668901929, 0.9222535211267606], "loss": [0.6268606185913086, 0.5412143468856812, 0.47210538387298584, 0.41467055678367615, 0.3594605326652527, 0.3030306100845337, 0.2516370415687561], "epochs": 7, "lr": 1e-06}, {"accuracy_score": [0.8338368580060423, 0.8529707955689829, 0.869419268210809], "f1_score": [0.8637489677952106, 0.8799342105263158, 0.8916132627472834], "loss": [0.3833993673324585, 0.3550664186477661, 0.3253975510597229], "epochs": 3, "lr": 6e-07}], "val": [{"accuracy_score": [0.6280120481927711, 0.6822289156626506, 0.7048192771084337, 0.7183734939759037, 0.7198795180722891, 0.7304216867469879, 0.7364457831325302], "f1_score": [0.7369542066027689, 0.76049943246311, 0.7615571776155717, 0.768277571251549, 0.770935960591133, 0.7742749054224464, 0.7759282970550577], "loss": [0.656489372253418, 0.5962271690368652, 0.5498709678649902, 0.5331416130065918, 0.5345022082328796, 0.5337204337120056, 0.5532269477844238], "epochs": 7, "lr": 1e-06}, {"accuracy_score": [0.7213855421686747, 0.7228915662650602, 0.7379518072289156], "f1_score": [0.7701863354037267, 0.7733990147783251, 0.7814070351758794], "loss": [0.5331794619560242, 0.5361618399620056, 0.5339100956916809], "epochs": 3, "lr": 6e-07}]}