{"train": [{"accuracy": [0.6953431372549019, 0.7472426470588235, 0.8000612745098039, 0.8233455882352941, 0.8434436274509803], "f1_score": [0.6426750264985549, 0.6922493900435063, 0.766664054899347, 0.7941757588816386, 0.8150845478051342], "loss": [0.605626106262207, 0.5157201886177063, 0.4502635896205902, 0.4058544635772705, 0.36763593554496765], "epochs": 5, "lr": 1e-06}, {"accuracy": [0.7875, 0.7991421568627451, 0.8138480392156863], "f1_score": [0.7506670480935169, 0.7687728801699371, 0.7771548576695614], "loss": [0.47354650497436523, 0.4485603868961334, 0.41853979229927063], "epochs": 3, "lr": 6e-07}], "val": [{"accuracy": [0.6180555555555556, 0.6666666666666666, 0.6753472222222222, 0.6414930555555556, 0.6727430555555555], "f1_score": [0.4358132608132607, 0.5103152634402633, 0.5144825660450659, 0.45545340076590063, 0.49817780599030587], "loss": [0.6830199956893921, 0.6292508244514465, 0.6649459600448608, 0.7018691897392273, 0.6902261972427368], "epochs": 5, "lr": 1e-06}, {"accuracy": [0.646701388888889, 0.6206597222222222, 0.6727430555555555], "f1_score": [0.4778092856217855, 0.4337768134643134, 0.5031015859140856], "loss": [0.6866105198860168, 0.7288126349449158, 0.6730034947395325], "epochs": 3, "lr": 6e-07}]}