{"train": [{"accuracy_score": [0.6148719747457032, 0.6892318484742196, 0.7432479831638021, 0.8021746755524377, 0.8418098912662224, 0.8547877937565767, 0.8782883198877587, 0.914766748509295, 0.9347597334268678], "f1_score": [0.4751493873609238, 0.6433065524638815, 0.7200312308831578, 0.7919169844058476, 0.8359236357701509, 0.8476038858417775, 0.8734402418778848, 0.9121723973868996, 0.932505765735494], "loss": [0.6604276895523071, 0.6052385568618774, 0.519706130027771, 0.4527837634086609, 0.3979427218437195, 0.3459034860134125, 0.3080802857875824, 0.24497444927692413, 0.19771073758602142], "epochs": 9, "lr": 1e-06}, {"accuracy_score": [0.8835496317081726, 0.8898632058926692, 0.9081024202034373], "f1_score": [0.8805878939267782, 0.887408061416483, 0.9055463668275117], "loss": [0.31252726912498474, 0.29334279894828796, 0.2571446895599365], "epochs": 3, "lr": 6e-07}], "val": [{"accuracy_score": [0.6136363636363636, 0.7651515151515151, 0.8017676767676768, 0.8017676767676768, 0.7702020202020202, 0.797979797979798, 0.7777777777777778, 0.7727272727272727, 0.7828282828282829], "f1_score": [0.49650558856525534, 0.7488115131466767, 0.7958357346573864, 0.79945777604312, 0.7696143617021276, 0.7965670692943421, 0.7768885531176571, 0.7719580003455182, 0.7818139883526496], "loss": [0.6519098877906799, 0.5753792524337769, 0.5020800828933716, 0.49085718393325806, 0.49364331364631653, 0.4778299033641815, 0.49425190687179565, 0.5134754180908203, 0.5220012664794922], "epochs": 9, "lr": 1e-06}, {"accuracy_score": [0.76010101010101, 0.7525252525252525, 0.7752525252525253], "f1_score": [0.75991575991576, 0.7524479003871989, 0.7748850281042412], "loss": [0.514168918132782, 0.5370626449584961, 0.5155254602432251], "epochs": 3, "lr": 6e-07}]}