{"train": [{"accuracy_score": [0.692425636307881, 0.7509966268015946, 0.8089543084943269, 0.8353265869365225, 0.865378718184606, 0.890524379024839, 0.9233363998773383], "f1_score": [0.6550041690201458, 0.7364952329091673, 0.8011004661443947, 0.8300991846559265, 0.8610122468492105, 0.8876680489565476, 0.922342055027834], "loss": [0.6263413429260254, 0.5270900726318359, 0.45590439438819885, 0.3958660066127777, 0.340435266494751, 0.28313642740249634, 0.23242701590061188], "epochs": 7, "lr": 1e-06}, {"accuracy_score": [0.8512726157620362, 0.865378718184606, 0.8797914750076664], "f1_score": [0.8470793532834016, 0.8613181536676684, 0.8772965289728367], "loss": [0.36305558681488037, 0.33390966057777405, 0.302916556596756], "epochs": 3, "lr": 6e-07}], "val": [{"accuracy_score": [0.6178010471204188, 0.6178010471204188, 0.6335078534031413, 0.6544502617801047, 0.6518324607329843, 0.6492146596858639, 0.6492146596858639], "f1_score": [0.5585003641429973, 0.5920355794832782, 0.6016684045881125, 0.6152014652014652, 0.6130039685260087, 0.6135821481414379, 0.6266048085901027], "loss": [0.6720085740089417, 0.679631769657135, 0.6542392373085022, 0.6529842019081116, 0.6634426712989807, 0.6941960453987122, 0.7732354998588562], "epochs": 7, "lr": 1e-06}, {"accuracy_score": [0.6518324607329843, 0.6544502617801047, 0.6518324607329843], "f1_score": [0.6157900707074526, 0.618, 0.6221899981409184], "loss": [0.673297643661499, 0.6783718466758728, 0.7111743092536926], "epochs": 3, "lr": 6e-07}]}