{"train": [{"accuracy_score": [0.7019319227230911, 0.7589696412143514, 0.8160073597056118, 0.8442195645507513, 0.8742716957988347], "f1_score": [0.771830985915493, 0.8124999999999999, 0.8433420365535248, 0.867570385818561, 0.8908994145822247], "loss": [0.6088371872901917, 0.5036489963531494, 0.43638259172439575, 0.37494581937789917, 0.31764429807662964], "epochs": 5, "lr": 1e-06}, {"accuracy_score": [0.7905550444648881, 0.8120208524992334, 0.8298068077276909], "f1_score": [0.8296333250187079, 0.8418880577766314, 0.8542159180457054], "loss": [0.46343594789505005, 0.4301430583000183, 0.39949989318847656], "epochs": 3, "lr": 6e-07}], "val": [{"accuracy_score": [0.6020942408376964, 0.6649214659685864, 0.6335078534031413, 0.6361256544502618, 0.6335078534031413], "f1_score": [0.7216117216117216, 0.7689530685920578, 0.7276264591439687, 0.7300970873786409, 0.7211155378486055], "loss": [0.6626482605934143, 0.6356822848320007, 0.6539223790168762, 0.6715242862701416, 0.6946489214897156], "epochs": 5, "lr": 1e-06}, {"accuracy_score": [0.6492146596858639, 0.6308900523560209, 0.6308900523560209], "f1_score": [0.7442748091603052, 0.7218934911242604, 0.7196819085487077], "loss": [0.6510239243507385, 0.6656544804573059, 0.6706125140190125], "epochs": 3, "lr": 6e-07}]}