{"train": [{"accuracy_score": [0.6601192564012627, 0.7225534900035075, 0.777271132935812, 0.8235706769554543, 0.8537355313924938, 0.890915468256752, 0.9038933707471063, 0.952648193616275], "f1_score": [0.581766406351124, 0.6947810553039744, 0.7649795919745006, 0.8178791836869466, 0.8477783589337148, 0.8878413371489449, 0.8993927820032269, 0.9515354444085854], "loss": [0.6389334797859192, 0.5560561418533325, 0.4784720838069916, 0.41074562072753906, 0.3489396870136261, 0.2897971570491791, 0.2484298199415207, 0.1727290153503418], "epochs": 8, "lr": 1e-06}, {"accuracy_score": [0.8702209750964573, 0.8919677306208348, 0.9144159943879341], "f1_score": [0.8649547216111364, 0.8882056437238881, 0.9121792016740948], "loss": [0.317747563123703, 0.285828173160553, 0.2497532069683075], "epochs": 3, "lr": 6e-07}], "val": [{"accuracy_score": [0.7411616161616161, 0.7777777777777778, 0.7752525252525253, 0.7702020202020202, 0.7929292929292929, 0.7449494949494949, 0.797979797979798, 0.7537878787878788], "f1_score": [0.7193057675783985, 0.7735672514619882, 0.7739552066497345, 0.7699541006211418, 0.791888843314192, 0.7449234693877551, 0.795897330172147, 0.7537843460793456], "loss": [0.6268215179443359, 0.5391271114349365, 0.5077139139175415, 0.5091356039047241, 0.4922046363353729, 0.5280733108520508, 0.49197718501091003, 0.5669240951538086], "epochs": 8, "lr": 1e-06}, {"accuracy_score": [0.7916666666666666, 0.7676767676767676, 0.7462121212121212], "f1_score": [0.7907295161380724, 0.7672478230592805, 0.746208479804864], "loss": [0.49665743112564087, 0.5139445066452026, 0.5388969779014587], "epochs": 3, "lr": 6e-07}]}