{"train": [{"accuracy_score": [0.6422307962118555, 0.720799719396703, 0.7807786741494213, 0.7976148719747457, 0.8193616274991231, 0.877236057523676, 0.8944230094703612, 0.8937215012276394], "f1_score": [0.7573739295908659, 0.786823781467595, 0.8216833095577747, 0.8398556758257009, 0.8565059905266091, 0.8965721040189125, 0.9124236252545825, 0.9135027119611762], "loss": [0.644650936126709, 0.5697742700576782, 0.49394819140434265, 0.439319908618927, 0.3888903260231018, 0.3253793716430664, 0.28049156069755554, 0.25952062010765076], "epochs": 8, "lr": 1e-06}, {"accuracy_score": [0.8593475973342687, 0.8740792704314275, 0.8856541564363382], "f1_score": [0.8782265411478895, 0.8936926265916495, 0.9041740152851264], "loss": [0.35414066910743713, 0.3208911716938019, 0.29404887557029724], "epochs": 3, "lr": 6e-07}], "val": [{"accuracy_score": [0.6742424242424242, 0.7727272727272727, 0.7676767676767676, 0.803030303030303, 0.797979797979798, 0.7651515151515151, 0.7828282828282829, 0.7916666666666666], "f1_score": [0.7679856115107914, 0.8021978021978022, 0.7819905213270143, 0.8227272727272726, 0.8190045248868778, 0.7764423076923076, 0.7981220657276995, 0.8143982002249719], "loss": [0.6367087364196777, 0.5530440211296082, 0.5191525816917419, 0.4884306490421295, 0.4801327884197235, 0.5110765099525452, 0.5004895329475403, 0.49506261944770813], "epochs": 8, "lr": 1e-06}, {"accuracy_score": [0.7424242424242424, 0.7638888888888888, 0.7676767676767676], "f1_score": [0.7456359102244389, 0.7744270205066346, 0.7814726840855106], "loss": [0.5357604026794434, 0.51274573802948, 0.5077075958251953], "epochs": 3, "lr": 6e-07}]}