{"train": [{"accuracy_score": [0.6915052160953801, 0.7377049180327869, 0.7868852459016393, 0.8286140089418778, 0.8503725782414308, 0.8819672131147541, 0.9141579731743666, 0.9430700447093889, 0.96274217585693], "f1_score": [0.6694838954512863, 0.7295379976944223, 0.7838742382452659, 0.8235933256575341, 0.84667512215301, 0.8794479529616723, 0.9127445795875199, 0.9422739230517758, 0.9624001165540351], "loss": [0.6149338483810425, 0.5267578363418579, 0.4680337905883789, 0.40723487734794617, 0.35682713985443115, 0.30398017168045044, 0.24528436362743378, 0.19012948870658875, 0.14538443088531494], "epochs": 9, "lr": 1e-06}, {"accuracy_score": [0.9001490312965723, 0.9216095380029806, 0.9350223546944858], "f1_score": [0.8987670280222378, 0.920665390585151, 0.9341090090090092], "loss": [0.26850199699401855, 0.23694539070129395, 0.2047361433506012], "epochs": 3, "lr": 6e-07}], "val": [{"accuracy_score": [0.6944444444444444, 0.6979166666666666, 0.7152777777777778, 0.7951388888888888, 0.7777777777777778, 0.7777777777777778, 0.7638888888888888, 0.7326388888888888, 0.6736111111111112], "f1_score": [0.6399999999999999, 0.6555544863423284, 0.6725820763087844, 0.7352239968835217, 0.7115492957746479, 0.7090174286435968, 0.701098901098901, 0.6680984808800419, 0.6267990074441687], "loss": [0.6343402862548828, 0.5975167155265808, 0.5769993662834167, 0.491425096988678, 0.48265960812568665, 0.4702486991882324, 0.49970927834510803, 0.5163449645042419, 0.6392537355422974], "epochs": 9, "lr": 1e-06}, {"accuracy_score": [0.7465277777777778, 0.7222222222222222, 0.7534722222222222], "f1_score": [0.6853401182369228, 0.6638655462184875, 0.6891598133256311], "loss": [0.5095036029815674, 0.5318934321403503, 0.5074086785316467], "epochs": 3, "lr": 6e-07}]}