{"train": [{"accuracy_score": [0.6587043069127759, 0.7357944263481723, 0.7984075280492219, 0.8241042345276873, 0.8317046688382194, 0.8769453492580528, 0.8972131740861382], "f1_score": [0.5421648787641675, 0.7014608803765431, 0.7831005749771014, 0.814098787145134, 0.8144755281612602, 0.8709190740007915, 0.8930521194622867], "loss": [0.6387060880661011, 0.5500632524490356, 0.47321200370788574, 0.42126795649528503, 0.3790014684200287, 0.32215338945388794, 0.276091992855072], "epochs": 7, "lr": 1e-06}, {"accuracy_score": [0.8324285197249367, 0.8534201954397395, 0.8693449149475209], "f1_score": [0.8234222841149499, 0.8434889988507296, 0.8625110324832975], "loss": [0.3915179371833801, 0.3596908152103424, 0.3339520990848541], "epochs": 3, "lr": 6e-07}], "val": [{"accuracy_score": [0.5522727272727272, 0.6659090909090909, 0.696590909090909, 0.6897727272727273, 0.6852272727272727, 0.7068181818181818, 0.7159090909090909], "f1_score": [0.46466068825810913, 0.6432019152797621, 0.6876358516828658, 0.6849389982413553, 0.6713225706846592, 0.7034343307679045, 0.7136594838582042], "loss": [0.6812612414360046, 0.6203125715255737, 0.5958418846130371, 0.5926741361618042, 0.6612173318862915, 0.6158421635627747, 0.629983127117157], "epochs": 7, "lr": 1e-06}, {"accuracy_score": [0.6897727272727273, 0.6886363636363636, 0.7], "f1_score": [0.6859570896912512, 0.6810176953687241, 0.6955831249901725], "loss": [0.6069118976593018, 0.6262584924697876, 0.6226364374160767], "epochs": 3, "lr": 6e-07}]}