{"train": [{"accuracy_score": [0.6582745887881839, 0.7173548170527022, 0.765021819402484, 0.8066465256797583, 0.8355152735817388, 0.8613628734474655, 0.8898959382343068, 0.9167505874454515], "f1_score": [0.5667856142897141, 0.6785533041761243, 0.749613367401829, 0.7975640257282676, 0.8280428329092451, 0.8555417932737235, 0.8867955481572382, 0.9142064029564971], "loss": [0.6366727948188782, 0.5683060884475708, 0.4995637834072113, 0.4403991401195526, 0.389531672000885, 0.336503267288208, 0.2885889410972595, 0.22890500724315643], "epochs": 8, "lr": 1e-06}, {"accuracy_score": [0.8506210137630077, 0.8566633098355153, 0.8804968110104062], "f1_score": [0.8431054412908374, 0.8490744839626222, 0.8762954564541866], "loss": [0.3595658838748932, 0.3351694941520691, 0.2977639436721802], "epochs": 3, "lr": 6e-07}], "val": [{"accuracy_score": [0.6099397590361446, 0.6566265060240963, 0.7048192771084337, 0.7123493975903614, 0.7259036144578314, 0.733433734939759, 0.7228915662650602, 0.733433734939759], "f1_score": [0.5233573628006108, 0.6098104104166022, 0.6856425120772947, 0.7010665755265113, 0.7156651451696391, 0.7229779260114788, 0.717937352245863, 0.7268613739201975], "loss": [0.6563118100166321, 0.6101409792900085, 0.5634130239486694, 0.5400577187538147, 0.5376248955726624, 0.5414802432060242, 0.5498862266540527, 0.579932451248169], "epochs": 8, "lr": 1e-06}, {"accuracy_score": [0.7364457831325302, 0.7424698795180723, 0.7289156626506024], "f1_score": [0.7243669572436696, 0.7303088963576119, 0.721826560536238], "loss": [0.5459479093551636, 0.5555087327957153, 0.5500502586364746], "epochs": 3, "lr": 6e-07}]}