{"train": [{"accuracy": [0.5976318141197497, 0.6365058087578195, 0.7282171581769437, 0.7640750670241286, 0.7777033065236818, 0.7982573726541555, 0.8010500446827525, 0.8321045576407506, 0.8434986595174263], "f1_score": [0.4170475785757287, 0.4888777144809314, 0.6733416419743489, 0.714831921132188, 0.72091654249831, 0.7598046725392548, 0.7469831181627411, 0.7950100986294002, 0.8119485667743026], "loss": [0.666289746761322, 0.6384270191192627, 0.5479976534843445, 0.50984787940979, 0.4736708402633667, 0.4384325444698334, 0.4400767982006073, 0.3871763050556183, 0.3646007180213928], "epochs": 9, "lr": 1e-06}, {"accuracy": [0.8057417336907954, 0.8083109919571045, 0.8230563002680965], "f1_score": [0.761930235388679, 0.7704999796152592, 0.7888548746457574], "loss": [0.42765501141548157, 0.4208261966705322, 0.4057005047798157], "epochs": 3, "lr": 6e-07}], "val": [{"accuracy": [0.5692771084337349, 0.6039156626506024, 0.6867469879518072, 0.697289156626506, 0.713855421686747, 0.7183734939759037, 0.713855421686747, 0.713855421686747, 0.713855421686747], "f1_score": [0.5475849451753066, 0.5605650039384981, 0.5769123781171974, 0.5797025598230419, 0.5792553497372775, 0.5700568507797423, 0.5974249311598709, 0.5682157868904858, 0.5511041167667676], "loss": [0.7050620913505554, 0.6802361011505127, 0.6000610589981079, 0.5931281447410583, 0.5763913989067078, 0.5647711157798767, 0.6180002093315125, 0.5969284772872925, 0.6106692552566528], "epochs": 9, "lr": 1e-06}, {"accuracy": [0.7183734939759037, 0.7078313253012049, 0.7153614457831325], "f1_score": [0.570295902223613, 0.5529922554018942, 0.5604511953909546], "loss": [0.5923048257827759, 0.6101790070533752, 0.6221581697463989], "epochs": 3, "lr": 6e-07}]}