{"train": [{"accuracy": [0.7020777479892761, 0.7492180518319927, 0.7618409294012511, 0.8186997319034852, 0.8367962466487936, 0.8565683646112601, 0.8682975871313673, 0.8868409294012511], "f1_score": [0.6133982936931989, 0.6951650077655426, 0.7302668436716684, 0.7788218335135212, 0.8062154110411465, 0.8316414297647524, 0.8415836769724152, 0.8653250532607086], "loss": [0.5905559659004211, 0.5129542350769043, 0.48309391736984253, 0.42463257908821106, 0.38427311182022095, 0.34499913454055786, 0.3132844865322113, 0.27377447485923767], "epochs": 8, "lr": 1e-06}, {"accuracy": [0.839142091152815, 0.849307417336908, 0.8682975871313673, 0.8833780160857909], "f1_score": [0.8092584954515235, 0.8175279739622887, 0.8447388030497935, 0.8581691915472067], "loss": [0.3657110035419464, 0.34493210911750793, 0.3159986138343811, 0.29041150212287903], "epochs": 4, "lr": 6e-07}], "val": [{"accuracy": [0.6475903614457831, 0.6867469879518072, 0.7123493975903614, 0.7198795180722891, 0.7484939759036144, 0.7484939759036144, 0.7560240963855421, 0.7605421686746988], "f1_score": [0.5571112956655125, 0.5750606822895982, 0.5027486569655246, 0.5465715007883685, 0.5911130368961698, 0.5902802685935219, 0.606401496762943, 0.5913316937413327], "loss": [0.6272078156471252, 0.568154513835907, 0.5422096252441406, 0.5336626172065735, 0.5259365439414978, 0.5294661521911621, 0.5434165000915527, 0.5396153926849365], "epochs": 8, "lr": 1e-06}, {"accuracy": [0.7484939759036144, 0.7484939759036144, 0.7484939759036144, 0.7469879518072289], "f1_score": [0.5784155603432716, 0.588623023562783, 0.5790751417257445, 0.5925232732461652], "loss": [0.5233281850814819, 0.5284095406532288, 0.5299167633056641, 0.5382280945777893], "epochs": 4, "lr": 6e-07}]}