{"train": [{"accuracy_score": [0.6821080899630748, 0.7304464585431353, 0.7777777777777778, 0.8120174555219872, 0.8469284994964753, 0.8754615642833166, 0.910708291372944, 0.9315206445115811], "f1_score": [0.7752195585093756, 0.7868330236262278, 0.8258811152025249, 0.8505869797225186, 0.8743801652892562, 0.8975421154377244, 0.924858757062147, 0.9420783645655877], "loss": [0.6331295371055603, 0.551058828830719, 0.4781918227672577, 0.41927793622016907, 0.36389994621276855, 0.30963632464408875, 0.25295290350914, 0.20192044973373413], "epochs": 8, "lr": 1e-06}, {"accuracy_score": [0.8603558241020477, 0.8808324941255455, 0.8982880161127895], "f1_score": [0.8859649122807017, 0.9000281610813856, 0.9146238377007607], "loss": [0.3337508738040924, 0.3031295835971832, 0.2704245150089264], "epochs": 3, "lr": 6e-07}], "val": [{"accuracy_score": [0.6310240963855421, 0.6626506024096386, 0.7078313253012049, 0.7183734939759037, 0.7259036144578314, 0.7183734939759037, 0.7243975903614458, 0.7108433734939759], "f1_score": [0.7334058759521218, 0.7358490566037735, 0.7706855791962174, 0.7727825030376672, 0.769620253164557, 0.7611749680715199, 0.758893280632411, 0.742627345844504], "loss": [0.6562845706939697, 0.5946459770202637, 0.5624191761016846, 0.5439423322677612, 0.5344251394271851, 0.543047308921814, 0.5585680603981018, 0.6172901391983032], "epochs": 8, "lr": 1e-06}, {"accuracy_score": [0.7198795180722891, 0.7259036144578314, 0.7168674698795181], "f1_score": [0.7663316582914572, 0.7573333333333333, 0.7519788918205805], "loss": [0.5432708859443665, 0.5480691194534302, 0.566278874874115], "epochs": 3, "lr": 6e-07}]}