{"train": [{"accuracy": [0.6938492063492064, 0.728968253968254, 0.7578373015873017, 0.7917658730158731, 0.8, 0.8464285714285714, 0.8610119047619048, 0.8817460317460317], "f1_score": [0.6501953073381627, 0.6651707155278568, 0.7075853511567775, 0.7459322952180079, 0.7551437583580416, 0.8193429322000739, 0.8359695463266866, 0.8582214346500041], "loss": [0.6073704361915588, 0.5311902165412903, 0.48423299193382263, 0.43136000633239746, 0.4213833212852478, 0.3417701721191406, 0.3178746998310089, 0.2781549394130707], "epochs": 8, "lr": 1e-06}, {"accuracy": [0.8333333333333334, 0.8538690476190476, 0.8669642857142857], "f1_score": [0.8067629196200605, 0.8279144664858927, 0.844968589611445], "loss": [0.36614447832107544, 0.3356231451034546, 0.3096492886543274], "epochs": 3, "lr": 6e-07}], "val": [{"accuracy": [0.7534722222222222, 0.8159722222222222, 0.8298611111111112, 0.8090277777777778, 0.8368055555555556, 0.7986111111111112, 0.7881944444444444, 0.7951388888888888], "f1_score": [0.5654193029193029, 0.7032137615470949, 0.7499637707971042, 0.6849416016082681, 0.7417842959509626, 0.6292266375599707, 0.6243956660623327, 0.6390906932573598], "loss": [0.5998114347457886, 0.4544786810874939, 0.4323272705078125, 0.4429815709590912, 0.4297657012939453, 0.45854654908180237, 0.4577172100543976, 0.4532707631587982], "epochs": 8, "lr": 1e-06}, {"accuracy": [0.7881944444444444, 0.7986111111111112, 0.7986111111111112], "f1_score": [0.6104908979908978, 0.6178961470628137, 0.623078618911952], "loss": [0.46788549423217773, 0.46910080313682556, 0.479857861995697], "epochs": 3, "lr": 6e-07}]}