{"train": [{"accuracy": [0.6579131652661064, 0.7188375350140056, 0.7578197945845006, 0.7986694677871149, 0.8355508870214753, 0.8602941176470589, 0.8780345471521942], "f1_score": [0.5342677397299244, 0.6507503234393981, 0.7020864134309502, 0.7616713818394477, 0.807582815566007, 0.8378995731936895, 0.8540099800603985], "loss": [0.6363580822944641, 0.5565400123596191, 0.4922141134738922, 0.4292300045490265, 0.37970879673957825, 0.3376392126083374, 0.29489263892173767], "epochs": 7, "lr": 1e-06}, {"accuracy": [0.8161764705882353, 0.8392857142857143, 0.8529411764705882], "f1_score": [0.7818104087011639, 0.8137600028356315, 0.8217711482417357], "loss": [0.39812517166137695, 0.37074604630470276, 0.3428817093372345], "epochs": 3, "lr": 6e-07}], "val": [{"accuracy": [0.7121212121212122, 0.7891414141414141, 0.7992424242424242, 0.7891414141414141, 0.73989898989899, 0.76010101010101, 0.7866161616161617], "f1_score": [0.6082793188853797, 0.663877648726134, 0.6553379280652012, 0.6133338042428956, 0.580756617120254, 0.583866862654742, 0.6091852031245977], "loss": [0.6290949583053589, 0.5357934832572937, 0.49390336871147156, 0.4824107885360718, 0.5213552117347717, 0.5239067673683167, 0.4992235004901886], "epochs": 7, "lr": 1e-06}, {"accuracy": [0.7714646464646465, 0.7613636363636364, 0.7752525252525253], "f1_score": [0.5819407304255793, 0.5976205612569254, 0.6023536508384998], "loss": [0.49357566237449646, 0.5197807550430298, 0.5005316138267517], "epochs": 3, "lr": 6e-07}]}