{"train": [{"accuracy": [0.678106936416185, 0.756864161849711, 0.7767341040462428, 0.82490366088632, 0.8446531791907514], "f1_score": [0.5501067975056412, 0.6945591017845341, 0.7023683445648752, 0.7804781281659882, 0.8100391900969918], "loss": [0.6154577136039734, 0.5162292122840881, 0.47854116559028625, 0.4124998450279236, 0.37639790773391724], "epochs": 5, "lr": 1e-06}, {"accuracy": [0.7710741811175338, 0.7980491329479769, 0.8151493256262043], "f1_score": [0.7085610600061455, 0.7493241665206969, 0.7688703236391078], "loss": [0.48641034960746765, 0.45449763536453247, 0.42956358194351196], "epochs": 3, "lr": 6e-07}], "val": [{"accuracy": [0.5772727272727273, 0.6715909090909091, 0.6477272727272727, 0.6761363636363636, 0.6920454545454545], "f1_score": [0.5317137912592459, 0.5436664345755258, 0.5558883540701726, 0.5451691742600836, 0.5417967890695167], "loss": [0.6701639890670776, 0.6076319217681885, 0.6905506253242493, 0.6444889903068542, 0.6274207234382629], "epochs": 5, "lr": 1e-06}, {"accuracy": [0.6602272727272728, 0.678409090909091, 0.6829545454545455], "f1_score": [0.5632458450640272, 0.5332247550429373, 0.5442509006145374], "loss": [0.6429576277732849, 0.6230389475822449, 0.6253646016120911], "epochs": 3, "lr": 6e-07}]}