{"train": [{"accuracy_score": [0.6754098360655738, 0.7329359165424739, 0.7716840536512668, 0.8089418777943368, 0.8244411326378539, 0.8661698956780924, 0.9016393442622951, 0.9242921013412817], "f1_score": [0.6371054611551039, 0.7127684864773549, 0.7554264451169607, 0.802801983318419, 0.8149450878757869, 0.8648140033198932, 0.9005128778380989, 0.9226897931693183], "loss": [0.6376425623893738, 0.5495709776878357, 0.48560699820518494, 0.4294224977493286, 0.39351654052734375, 0.3304155170917511, 0.2741263508796692, 0.2255106270313263], "epochs": 8, "lr": 1e-06}, {"accuracy_score": [0.8619970193740686, 0.8763040238450075, 0.8944858420268257], "f1_score": [0.8595818728714546, 0.8728879515954909, 0.892401079332223], "loss": [0.34640929102897644, 0.31692707538604736, 0.2838573753833771], "epochs": 3, "lr": 6e-07}], "val": [{"accuracy_score": [0.84375, 0.7986111111111112, 0.8229166666666666, 0.7777777777777778, 0.8194444444444444, 0.7291666666666666, 0.7430555555555556, 0.78125], "f1_score": [0.7298593017196456, 0.728954371389628, 0.7452786015295769, 0.7064033131570564, 0.7156527682843472, 0.6767211604881418, 0.6845844186597205, 0.6952380952380952], "loss": [0.5980580449104309, 0.5356875658035278, 0.4663097560405731, 0.4872256815433502, 0.4343474507331848, 0.5214923620223999, 0.5099133849143982, 0.4692828953266144], "epochs": 8, "lr": 1e-06}, {"accuracy_score": [0.7604166666666666, 0.7986111111111112, 0.7847222222222222], "f1_score": [0.6929495202336253, 0.7149877149877149, 0.710261569416499], "loss": [0.48833051323890686, 0.45576974749565125, 0.4724211096763611], "epochs": 3, "lr": 6e-07}]}