{"train": [{"accuracy_score": [0.6823060410916897, 0.7387304507819688, 0.7902483900643974, 0.8193805581110088, 0.8310334253296535], "f1_score": [0.6369155756782156, 0.7117904854217462, 0.7769943419859198, 0.8147420901024465, 0.8210015464024849], "loss": [0.6209922432899475, 0.53241366147995, 0.4605799913406372, 0.4114975333213806, 0.3808571994304657], "epochs": 5, "lr": 1e-06}, {"accuracy_score": [0.7718491260349586, 0.7877951548604722, 0.8107942348972708], "f1_score": [0.7597083917014762, 0.7755050959256471, 0.8039801813188949], "loss": [0.4893140196800232, 0.46507832407951355, 0.42785540223121643], "epochs": 3, "lr": 6e-07}], "val": [{"accuracy_score": [0.6413612565445026, 0.6465968586387435, 0.6649214659685864, 0.6204188481675392, 0.6570680628272252], "f1_score": [0.5404581895454106, 0.5655397265351856, 0.6162852748218601, 0.5953951453261163, 0.5955319544466268], "loss": [0.6565690636634827, 0.633842945098877, 0.6486188769340515, 0.7074716091156006, 0.6616091132164001], "epochs": 5, "lr": 1e-06}, {"accuracy_score": [0.6204188481675392, 0.6413612565445026, 0.6230366492146597], "f1_score": [0.5854135011938355, 0.5918898896557102, 0.5875843454790823], "loss": [0.668685257434845, 0.6535149216651917, 0.6788095831871033], "epochs": 3, "lr": 6e-07}]}