{"train": [{"accuracy": [0.6950402144772118, 0.7524575513851653, 0.7818364611260054, 0.8146782841823056, 0.8372430741733692, 0.8548927613941019, 0.8801385165326184, 0.9068364611260054, 0.9175603217158177, 0.9269436997319035], "f1_score": [0.6405324047415191, 0.7106506094441728, 0.7368645206446798, 0.7765107546608866, 0.8041564333789525, 0.8225221903506066, 0.8602175007000727, 0.889558877226436, 0.8990675990675975, 0.9071912448588038], "loss": [0.6026782989501953, 0.5106515884399414, 0.4590441882610321, 0.4113137423992157, 0.3731077015399933, 0.3343506455421448, 0.2912349998950958, 0.24430885910987854, 0.21050655841827393, 0.1863877922296524], "epochs": 10, "lr": 1e-06}, {"accuracy": [0.8928731009830206, 0.9029267202859697, 0.9128686327077749], "f1_score": [0.865991336634766, 0.8808267246605036, 0.8971488148431838], "loss": [0.26523804664611816, 0.24020063877105713, 0.21669533848762512], "epochs": 3, "lr": 6e-07}], "val": [{"accuracy": [0.6701807228915663, 0.6897590361445783, 0.713855421686747, 0.7319277108433735, 0.7379518072289156, 0.7424698795180723, 0.7530120481927711, 0.7394578313253012, 0.7349397590361446, 0.7394578313253012], "f1_score": [0.5327271122451849, 0.5338578422915775, 0.5869130869130872, 0.5849782078697742, 0.5937900118623012, 0.5974642492714782, 0.582130118877107, 0.5677580786014523, 0.5754807441554431, 0.5715205811591355], "loss": [0.6109808087348938, 0.5562911629676819, 0.5548421144485474, 0.5295635461807251, 0.5270912051200867, 0.5431170463562012, 0.5215688943862915, 0.552855372428894, 0.5802246928215027, 0.6223322153091431], "epochs": 10, "lr": 1e-06}, {"accuracy": [0.75, 0.7454819277108434, 0.7439759036144579], "f1_score": [0.5930053881861114, 0.5975347276552097, 0.5701078038427438], "loss": [0.5521238446235657, 0.5568311810493469, 0.565125048160553], "epochs": 3, "lr": 6e-07}]}