{"train": [{"accuracy_score": [0.6876583423814694, 0.749185667752443, 0.7908070937386898, 0.821208830980818, 0.8508867173362288, 0.8686210640608035, 0.8856315598986608, 0.9229098805646037], "f1_score": [0.7854834700472283, 0.8128544423440452, 0.8405956977385549, 0.8606094808126412, 0.87953216374269, 0.8959587274290628, 0.9086705202312139, 0.9360936093609361], "loss": [0.6330249905586243, 0.540988028049469, 0.4671459197998047, 0.4215158522129059, 0.3747600018978119, 0.3297879099845886, 0.2825148403644562, 0.2293032556772232], "epochs": 8, "lr": 1e-06}, {"accuracy_score": [0.8653637350705755, 0.8744118711545422, 0.8932319942091929], "f1_score": [0.8907809747504405, 0.8988043161271506, 0.9113848002403124], "loss": [0.34323573112487793, 0.31556451320648193, 0.2982809245586395], "epochs": 3, "lr": 6e-07}], "val": [{"accuracy_score": [0.5829545454545455, 0.6636363636363637, 0.6704545454545454, 0.6863636363636364, 0.6954545454545454, 0.6795454545454546, 0.6909090909090909, 0.7011363636363637], "f1_score": [0.6928870292887029, 0.7318840579710145, 0.727954971857411, 0.7341040462427746, 0.7309236947791166, 0.7224409448818897, 0.7338551859099804, 0.7240293809024134], "loss": [0.6706827282905579, 0.6207906603813171, 0.6258851289749146, 0.610493004322052, 0.6045120358467102, 0.6333235502243042, 0.6637116074562073, 0.653879702091217], "epochs": 8, "lr": 1e-06}, {"accuracy_score": [0.7079545454545455, 0.7034090909090909, 0.7045454545454546], "f1_score": [0.7380224260958206, 0.7366296670030272, 0.7251585623678646], "loss": [0.6129487752914429, 0.6260038018226624, 0.6218932271003723], "epochs": 3, "lr": 6e-07}]}