{"train": [{"accuracy_score": [0.6916395222584147, 0.7466521896489323, 0.8002171552660152, 0.8367716250452407, 0.8552298226565328, 0.8773072747014115, 0.917119073470865], "f1_score": [0.7860371672526368, 0.8131340096102511, 0.8464961067853171, 0.8677031387503666, 0.8865570051049347, 0.9035561877667141, 0.9327854417375991], "loss": [0.621792197227478, 0.5189992189407349, 0.44894498586654663, 0.39320704340934753, 0.3379545211791992, 0.29059210419654846, 0.22935928404331207], "epochs": 7, "lr": 1e-06}, {"accuracy_score": [0.8465436120159248, 0.8650018096272168, 0.8805646036916395], "f1_score": [0.8800226372382569, 0.8927236123094621, 0.9037900874635568], "loss": [0.3620782196521759, 0.32863375544548035, 0.2969585061073303], "epochs": 3, "lr": 6e-07}], "val": [{"accuracy_score": [0.5954545454545455, 0.6556818181818181, 0.6818181818181818, 0.6931818181818182, 0.678409090909091, 0.6772727272727272, 0.675], "f1_score": [0.7003367003367004, 0.7277628032345013, 0.7358490566037738, 0.7310756972111554, 0.7327667610953731, 0.7315689981096409, 0.7234042553191489], "loss": [0.662923276424408, 0.6253649592399597, 0.6065024137496948, 0.5886179208755493, 0.6503431797027588, 0.6864849925041199, 0.6943610310554504], "epochs": 7, "lr": 1e-06}, {"accuracy_score": [0.6806818181818182, 0.6886363636363636, 0.6886363636363636], "f1_score": [0.7336492890995261, 0.735009671179884, 0.7303149606299213], "loss": [0.6351997256278992, 0.6375545263290405, 0.6446813344955444], "epochs": 3, "lr": 6e-07}]}