{"train": [{"accuracy": [0.6247665732959851, 0.6977124183006537, 0.7783613445378151, 0.807889822595705, 0.8319327731092437, 0.8434873949579832, 0.8719654528478058, 0.8984593837535014, 0.9093137254901961], "f1_score": [0.475597744925476, 0.6086703212753626, 0.7321437665975464, 0.7616722679747875, 0.8062392322896508, 0.8043228791127934, 0.8423387381370558, 0.8794923252906426, 0.8915961256297377], "loss": [0.6466112732887268, 0.5659764409065247, 0.47653454542160034, 0.429958701133728, 0.38661399483680725, 0.3552388548851013, 0.3075685501098633, 0.25691843032836914, 0.23305320739746094], "epochs": 9, "lr": 1e-06}, {"accuracy": [0.8658963585434174, 0.8813025210084033, 0.8876050420168067], "f1_score": [0.837269297773498, 0.8546844223314799, 0.8642952285809413], "loss": [0.320662260055542, 0.29642072319984436, 0.2768014967441559], "epochs": 3, "lr": 6e-07}], "val": [{"accuracy": [0.6540404040404041, 0.7803030303030303, 0.7853535353535354, 0.7904040404040404, 0.7563131313131313, 0.7941919191919192, 0.7878787878787878, 0.7436868686868687, 0.7297979797979798], "f1_score": [0.5784410314713347, 0.643002283911375, 0.5942133063345189, 0.5936432815220698, 0.5932267508025086, 0.6024371812250604, 0.5974150428695888, 0.5814968421029032, 0.5695421301481912], "loss": [0.6349352598190308, 0.5315449237823486, 0.49989789724349976, 0.4945926368236542, 0.5332346558570862, 0.4904969036579132, 0.5071651339530945, 0.5614665150642395, 0.6212645173072815], "epochs": 9, "lr": 1e-06}, {"accuracy": [0.7487373737373737, 0.7613636363636364, 0.7853535353535354], "f1_score": [0.5895671107792323, 0.6004105882893765, 0.6050399656460267], "loss": [0.5538724660873413, 0.5437414050102234, 0.5145724415779114], "epochs": 3, "lr": 6e-07}]}