{"train": [{"accuracy": [0.6397058823529411, 0.6358543417366946, 0.748249299719888, 0.7755602240896359, 0.8098739495798319, 0.8333333333333334, 0.8560924369747899], "f1_score": [0.5129871062644171, 0.4916561807318111, 0.687080457668692, 0.7208235430924494, 0.7693204243624396, 0.8000261021269408, 0.8282695828914304], "loss": [0.642246663570404, 0.6320098638534546, 0.5129599571228027, 0.4725218415260315, 0.42339882254600525, 0.3919949233531952, 0.34847837686538696], "epochs": 7, "lr": 1e-06}, {"accuracy": [0.7930672268907563, 0.8168767507002801, 0.8299486461251168], "f1_score": [0.7447363871733608, 0.7776957092083124, 0.7987476420249513], "loss": [0.44654884934425354, 0.41799038648605347, 0.39789658784866333], "epochs": 3, "lr": 6e-07}], "val": [{"accuracy": [0.7222222222222222, 0.7159090909090909, 0.8068181818181818, 0.8181818181818182, 0.8005050505050505, 0.7954545454545454, 0.8005050505050505], "f1_score": [0.605434072100739, 0.6306330594209384, 0.6481022905265333, 0.6510276479973455, 0.6238495511222789, 0.6359306238094121, 0.6291231776080265], "loss": [0.6149401068687439, 0.5788807272911072, 0.49534276127815247, 0.4791531562805176, 0.4843662977218628, 0.49112042784690857, 0.4950224757194519], "epochs": 7, "lr": 1e-06}, {"accuracy": [0.8080808080808081, 0.7916666666666666, 0.7967171717171717], "f1_score": [0.6262767535494813, 0.611071532283654, 0.6172184717639267], "loss": [0.4804520308971405, 0.4988108277320862, 0.49604088068008423], "epochs": 3, "lr": 6e-07}]}