{"train": [{"accuracy_score": [0.6414904330312186, 0.7351460221550856, 0.7744209466263847, 0.8133601879825445, 0.8486069150721719, 0.88351795904666, 0.915072171869755, 0.9483048002685465], "f1_score": [0.5254722350490222, 0.7115517791721384, 0.7534402065207753, 0.8007655074193114, 0.8394893350223126, 0.8773509272483135, 0.911701969500629, 0.9471357628409236], "loss": [0.6338242292404175, 0.5435299873352051, 0.4758220911026001, 0.4123583137989044, 0.35187622904777527, 0.2973567247390747, 0.23780971765518188, 0.1837994009256363], "epochs": 8, "lr": 1e-06}, {"accuracy_score": [0.8724404162470628, 0.887881839543471, 0.9080228264518295, 0.9180933199060087], "f1_score": [0.8670282994488585, 0.8828226133162491, 0.9052344508273232, 0.9148313818932734], "loss": [0.31481313705444336, 0.2835458219051361, 0.2507425546646118, 0.22008079290390015], "epochs": 4, "lr": 6e-07}], "val": [{"accuracy_score": [0.6054216867469879, 0.6897590361445783, 0.7168674698795181, 0.7319277108433735, 0.7394578313253012, 0.7304216867469879, 0.7198795180722891, 0.7228915662650602], "f1_score": [0.5025107809157774, 0.6594803979168119, 0.6898429735639038, 0.7111717153944654, 0.7227503879785773, 0.715306105339807, 0.7107444984682836, 0.7197772456628042], "loss": [0.6590209007263184, 0.5841381549835205, 0.5629444122314453, 0.5388357639312744, 0.5353836417198181, 0.5483176708221436, 0.5590603947639465, 0.5687081813812256], "epochs": 8, "lr": 1e-06}, {"accuracy_score": [0.7379518072289156, 0.7394578313253012, 0.7168674698795181, 0.7243975903614458], "f1_score": [0.7264772727272727, 0.7275170491608848, 0.7102966841186737, 0.7135873472322071], "loss": [0.5283266305923462, 0.5383983254432678, 0.5408607125282288, 0.5685757398605347], "epochs": 4, "lr": 6e-07}]}