{"train": [{"accuracy": [0.7077312138728323, 0.7627649325626205, 0.7933526011560693, 0.8229768786127167, 0.8460982658959537, 0.8748795761078998, 0.8952312138728323], "f1_score": [0.6036998326015659, 0.6922225334075034, 0.7417556913221636, 0.7811233243314154, 0.8082528582528565, 0.8444934801871202, 0.8695514665167828], "loss": [0.6054985523223877, 0.5040960907936096, 0.4501268267631531, 0.3983858525753021, 0.3645121157169342, 0.31349167227745056, 0.27516108751296997], "epochs": 7, "lr": 1e-06}, {"accuracy": [0.8345375722543352, 0.8507947976878613, 0.8641618497109826], "f1_score": [0.7944738626819537, 0.8154282936074828, 0.8274997000430508], "loss": [0.3790770173072815, 0.3515493869781494, 0.32484033703804016], "epochs": 3, "lr": 6e-07}], "val": [{"accuracy": [0.6181818181818182, 0.6613636363636364, 0.6659090909090909, 0.6909090909090909, 0.6863636363636364, 0.7011363636363637, 0.696590909090909], "f1_score": [0.5419094037275858, 0.5576776758594943, 0.5518802409711503, 0.5637620964893696, 0.5538031160758436, 0.5332869151050973, 0.5424799442981264], "loss": [0.6520272493362427, 0.6315507888793945, 0.6395508050918579, 0.6236412525177002, 0.6475104093551636, 0.660988986492157, 0.6849749684333801], "epochs": 7, "lr": 1e-06}, {"accuracy": [0.6840909090909091, 0.696590909090909, 0.6988636363636364], "f1_score": [0.5562531912531915, 0.5425947789584157, 0.5414997124088037], "loss": [0.6567016243934631, 0.6486631035804749, 0.6545730233192444], "epochs": 3, "lr": 6e-07}]}