{"train": [{"accuracy_score": [0.6292528937215013, 0.706068046299544, 0.7565766397755174, 0.8049807085233252, 0.8340933005962821, 0.8649596632760435, 0.900385829533497, 0.919677306208348, 0.9480883900385829], "f1_score": [0.5096589717392723, 0.6711513579879865, 0.7350297941727268, 0.8002001583116116, 0.8259688504396518, 0.8579807646151518, 0.8974423020801245, 0.9164299583339575, 0.946606271170312], "loss": [0.648106575012207, 0.5855480432510376, 0.5066616535186768, 0.4455942213535309, 0.3848324418067932, 0.33407044410705566, 0.27853259444236755, 0.23087051510810852, 0.17186366021633148], "epochs": 9, "lr": 1e-06}, {"accuracy_score": [0.8874079270431428, 0.9035426166257453, 0.9102069449316029], "f1_score": [0.8838350278191685, 0.9006312628666686, 0.9065632668444619], "loss": [0.299329936504364, 0.26795437932014465, 0.240616574883461], "epochs": 3, "lr": 6e-07}], "val": [{"accuracy_score": [0.6578282828282829, 0.7702020202020202, 0.7853535353535354, 0.726010101010101, 0.7803030303030303, 0.7828282828282829, 0.73989898989899, 0.7765151515151515, 0.75], "f1_score": [0.5776947459758106, 0.7623456790123457, 0.7821528424976701, 0.7260061697395797, 0.7791184484693059, 0.7814892047095057, 0.7398973312501993, 0.7753515540491814, 0.7498979279371235], "loss": [0.6397815346717834, 0.5616117715835571, 0.5034996867179871, 0.528522789478302, 0.49252647161483765, 0.48594793677330017, 0.5383597612380981, 0.5093095898628235, 0.5577681660652161], "epochs": 9, "lr": 1e-06}, {"accuracy_score": [0.7588383838383839, 0.76010101010101, 0.7752525252525253], "f1_score": [0.7585577820871938, 0.7599479312897215, 0.7742794927629051], "loss": [0.5264402031898499, 0.5296513438224792, 0.5083847641944885], "epochs": 3, "lr": 6e-07}]}