{"train": [{"accuracy": [0.6917658730158731, 0.7469246031746031, 0.7844246031746032, 0.8125, 0.8364087301587302, 0.8627976190476191], "f1_score": [0.6284821131249689, 0.7096898075469485, 0.7452509659652501, 0.7849572649572626, 0.8093144157429851, 0.8419473251616092], "loss": [0.6102811694145203, 0.5159562826156616, 0.4625237286090851, 0.4230438470840454, 0.37630388140678406, 0.3337869942188263], "epochs": 6, "lr": 1e-06}, {"accuracy": [0.7973214285714286, 0.8148809523809524, 0.8333333333333334, 0.8488095238095238], "f1_score": [0.7581913324770447, 0.7824358577929991, 0.8111509918652762, 0.8211838690410098], "loss": [0.44016560912132263, 0.4087822437286377, 0.38750573992729187, 0.3570287227630615], "epochs": 4, "lr": 6e-07}], "val": [{"accuracy": [0.8055555555555556, 0.7534722222222222, 0.8125, 0.7013888888888888, 0.78125, 0.7465277777777778], "f1_score": [0.6684283309283308, 0.5544845586512253, 0.6296427338094004, 0.5044791628124962, 0.5969717011383677, 0.5648606023606022], "loss": [0.5853170156478882, 0.5423067212104797, 0.4728880524635315, 0.5568113923072815, 0.49938324093818665, 0.5381560325622559], "epochs": 6, "lr": 1e-06}, {"accuracy": [0.8090277777777778, 0.7916666666666666, 0.7395833333333334, 0.7847222222222222], "f1_score": [0.6437224812224811, 0.6140318015318014, 0.5216206632873299, 0.5963550338550339], "loss": [0.4475831389427185, 0.4807925820350647, 0.5429979562759399, 0.49627262353897095], "epochs": 4, "lr": 6e-07}]}