{"train": [{"accuracy_score": [0.6572280178837556, 0.7123695976154992, 0.7588673621460507, 0.7946348733233979, 0.8238450074515649, 0.8470938897168405, 0.879284649776453, 0.9022354694485842, 0.928166915052161, 0.9400894187779434, 0.9585692995529062], "f1_score": [0.7251434034416826, 0.7669645013281816, 0.8002962231547767, 0.8214563358383001, 0.8472473507366245, 0.8678856554210661, 0.8903330625507717, 0.9148936170212765, 0.9361589403973509, 0.9464998669150919, 0.963159289689902], "loss": [0.6402150392532349, 0.5788830518722534, 0.5098140239715576, 0.45806536078453064, 0.41076362133026123, 0.3599536418914795, 0.3169417977333069, 0.26455923914909363, 0.21087171137332916, 0.1767636090517044, 0.12911425530910492], "epochs": 11, "lr": 1e-06}, {"accuracy_score": [0.9219076005961252, 0.9305514157973175, 0.9454545454545454], "f1_score": [0.9298715203426123, 0.9382781456953643, 0.9512909236092627], "loss": [0.22987042367458344, 0.19824491441249847, 0.16910295188426971], "epochs": 3, "lr": 6e-07}], "val": [{"accuracy_score": [0.7604166666666666, 0.7986111111111112, 0.7916666666666666, 0.7638888888888888, 0.7951388888888888, 0.8090277777777778, 0.7569444444444444, 0.7951388888888888, 0.7708333333333334, 0.7361111111111112, 0.78125], "f1_score": [0.839907192575406, 0.863849765258216, 0.8584905660377359, 0.838095238095238, 0.8649885583524027, 0.8752834467120182, 0.8333333333333333, 0.8668171557562077, 0.8465116279069768, 0.819047619047619, 0.8596881959910913], "loss": [0.6299293041229248, 0.5696146488189697, 0.5086963176727295, 0.5073655247688293, 0.47334417700767517, 0.455546110868454, 0.52065110206604, 0.4523688852787018, 0.488034188747406, 0.5212023854255676, 0.49425140023231506], "epochs": 11, "lr": 1e-06}, {"accuracy_score": [0.7465277777777778, 0.7673611111111112, 0.7708333333333334], "f1_score": [0.8266033254156769, 0.8445475638051043, 0.8465116279069768], "loss": [0.5167566537857056, 0.4906005263328552, 0.5050215125083923], "epochs": 3, "lr": 6e-07}]}