{"train": [{"accuracy": [0.6582369942196532, 0.7455443159922928, 0.7872109826589595, 0.828757225433526, 0.8457369942196532, 0.881864161849711, 0.9053468208092486, 0.9172687861271677, 0.9450867052023122, 0.9609826589595376], "f1_score": [0.5552765153921223, 0.6640948005109846, 0.7241183030200354, 0.7869126056987311, 0.8025375234912788, 0.8584286618968688, 0.8871444708149895, 0.891794653644363, 0.9316187345089071, 0.9486418366476166], "loss": [0.633010745048523, 0.5188290476799011, 0.443308562040329, 0.3801715075969696, 0.3415355086326599, 0.2850533723831177, 0.24247460067272186, 0.20957496762275696, 0.16573628783226013, 0.13751210272312164], "epochs": 10, "lr": 1e-06}, {"accuracy": [0.9219653179190751, 0.9248554913294798, 0.9242533718689788], "f1_score": [0.9042792307243166, 0.9025722350866847, 0.9062533965713141], "loss": [0.2102350890636444, 0.19351132214069366, 0.18542243540287018], "epochs": 3, "lr": 6e-07}], "val": [{"accuracy": [0.5693181818181818, 0.6227272727272727, 0.6715909090909091, 0.6829545454545455, 0.7, 0.7090909090909091, 0.7204545454545455, 0.7102272727272727, 0.7102272727272727, 0.7261363636363637], "f1_score": [0.46171182353000534, 0.507270809998083, 0.5483176924086018, 0.5380905962724148, 0.5579775779775783, 0.5185751622115262, 0.5105177650632199, 0.5487920160647437, 0.48621358439540296, 0.5039804135258685], "loss": [0.6941401362419128, 0.7204011082649231, 0.656859278678894, 0.6638578772544861, 0.626103937625885, 0.6139994263648987, 0.6027867794036865, 0.6631613373756409, 0.6475957036018372, 0.6429888606071472], "epochs": 10, "lr": 1e-06}, {"accuracy": [0.7306818181818182, 0.7147727272727272, 0.7125], "f1_score": [0.5451604960695874, 0.5360500105954656, 0.5571606171606174], "loss": [0.6222884058952332, 0.6858386993408203, 0.7384840846061707], "epochs": 3, "lr": 6e-07}]}