{"train": [{"accuracy": [0.688449508489723, 0.7705540661304737, 0.8127792672028598, 0.8369079535299375, 0.82171581769437, 0.8666219839142091, 0.8505361930294906], "f1_score": [0.6141468748707347, 0.7303742429747776, 0.7750585131282168, 0.8035548752706912, 0.7954094907177996, 0.844489573578043, 0.8246211340045106], "loss": [0.6051815152168274, 0.4797773063182831, 0.4105253219604492, 0.3591318726539612, 0.3816450834274292, 0.3031005561351776, 0.3145162761211395], "epochs": 7, "lr": 1e-06}, {"accuracy": [0.8562332439678284, 0.8375781948168007, 0.8512064343163539, 0.8592493297587132], "f1_score": [0.8260759943065555, 0.8119012354937268, 0.8252085418305236, 0.8393508487342249], "loss": [0.3329402506351471, 0.3442957401275635, 0.33213716745376587, 0.31480923295021057], "epochs": 4, "lr": 6e-07}], "val": [{"accuracy": [0.6009036144578314, 0.6942771084337349, 0.7228915662650602, 0.7304216867469879, 0.713855421686747, 0.7304216867469879, 0.7153614457831325], "f1_score": [0.47043786200412696, 0.5191340787726332, 0.5071934758681748, 0.5109765736271762, 0.5003173533294016, 0.52135521774076, 0.5255721520781763], "loss": [0.6569494605064392, 0.5637696981430054, 0.5431908965110779, 0.5381611585617065, 0.5863788723945618, 0.5609673857688904, 0.6627751588821411], "epochs": 7, "lr": 1e-06}, {"accuracy": [0.7304216867469879, 0.7259036144578314, 0.7274096385542169, 0.7289156626506024], "f1_score": [0.5091655332619188, 0.5090076590076591, 0.5177419635250962, 0.5160562997912396], "loss": [0.5351138114929199, 0.5666823983192444, 0.577674150466919, 0.6359164714813232], "epochs": 4, "lr": 6e-07}]}