{"train": [{"accuracy_score": [0.6643168848606915, 0.7539442766028869, 0.8022826451829473, 0.8341725411211816, 0.8952668680765358, 0.9264853977844915, 0.9486404833836858, 0.9573682443773078], "f1_score": [0.603709671239991, 0.7358339984038309, 0.7880485457616074, 0.8224649954832881, 0.8926513267860261, 0.9247056756991634, 0.9473747652839506, 0.9560071001114552], "loss": [0.6235135793685913, 0.5107259154319763, 0.43050092458724976, 0.3632550835609436, 0.2792539894580841, 0.21241602301597595, 0.1578056663274765, 0.12362679094076157], "epochs": 8, "lr": 1e-06}, {"accuracy_score": [0.9113796576032226, 0.9328633769721383, 0.94662638469285], "f1_score": [0.9096084938059101, 0.9307450889224689, 0.9452400151911642], "loss": [0.24325884878635406, 0.19809916615486145, 0.1642894297838211], "epochs": 3, "lr": 6e-07}], "val": [{"accuracy_score": [0.6039156626506024, 0.6671686746987951, 0.677710843373494, 0.7078313253012049, 0.7048192771084337, 0.7304216867469879, 0.7274096385542169, 0.7289156626506024], "f1_score": [0.5366462626728966, 0.6528174395688373, 0.6656722036610042, 0.6961858130737082, 0.704293452575708, 0.7295820279527765, 0.7264660028449503, 0.7223641786606951], "loss": [0.6435160040855408, 0.584962785243988, 0.5590596199035645, 0.5550022125244141, 0.547200083732605, 0.5665639638900757, 0.6098485589027405, 0.6813142895698547], "epochs": 8, "lr": 1e-06}, {"accuracy_score": [0.713855421686747, 0.7123493975903614, 0.7213855421686747], "f1_score": [0.7136449887873038, 0.7086320935692936, 0.720776932956005], "loss": [0.5696582794189453, 0.5909079313278198, 0.6196724772453308], "epochs": 3, "lr": 6e-07}]}