{"train": [{"accuracy_score": [0.6645200858632322, 0.7577430236123889, 0.8132474701011959, 0.8184605949095369], "f1_score": [0.6042050716296012, 0.756800585145992, 0.8114316738926146, 0.8182998277976852], "loss": [0.6113203167915344, 0.4903993308544159, 0.41176164150238037, 0.37911009788513184], "epochs": 4, "lr": 1e-06}, {"accuracy_score": [0.7279975467647961, 0.7666360012266176, 0.7877951548604722], "f1_score": [0.7093496733520266, 0.7616855533940938, 0.7857448852868683], "loss": [0.5307566523551941, 0.4783681333065033, 0.4405868649482727], "epochs": 3, "lr": 6e-07}], "val": [{"accuracy_score": [0.6518324607329843, 0.6256544502617801, 0.6308900523560209, 0.612565445026178], "f1_score": [0.5148164064365182, 0.6051750930577138, 0.605449950554884, 0.5974595579858738], "loss": [0.6062464118003845, 0.6876193881034851, 0.6829228401184082, 0.7690793871879578], "epochs": 4, "lr": 1e-06}, {"accuracy_score": [0.6361256544502618, 0.6204188481675392, 0.6361256544502618], "f1_score": [0.5768240685395497, 0.5825891679666011, 0.6087766996013939], "loss": [0.6251322031021118, 0.6593179106712341, 0.686916172504425], "epochs": 3, "lr": 6e-07}]}