{"train": [{"accuracy_score": [0.7065317387304508, 0.7838086476540939, 0.827046918123275, 0.8491260349586016], "f1_score": [0.6834822202372663, 0.7805728667820588, 0.8209238254139618, 0.8429435548604906], "loss": [0.5807430148124695, 0.46441733837127686, 0.39089569449424744, 0.34527501463890076], "epochs": 4, "lr": 1e-06}, {"accuracy_score": [0.7503833180006133, 0.7877951548604722, 0.8055811100889297], "f1_score": [0.7439983967434913, 0.781605230762084, 0.8005285216444954], "loss": [0.5059165358543396, 0.46011149883270264, 0.4200805127620697], "epochs": 3, "lr": 6e-07}], "val": [{"accuracy_score": [0.6020942408376964, 0.6256544502617801, 0.6465968586387435, 0.6596858638743456], "f1_score": [0.5248756218905473, 0.592474056832509, 0.5994967498427344, 0.6086065573770492], "loss": [0.6391792893409729, 0.6724092364311218, 0.6865007877349854, 0.6803035736083984], "epochs": 4, "lr": 1e-06}, {"accuracy_score": [0.6151832460732984, 0.6387434554973822, 0.6387434554973822], "f1_score": [0.5796950667275436, 0.5930523390458546, 0.5930523390458546], "loss": [0.6830763816833496, 0.6787227988243103, 0.6874800324440002], "epochs": 3, "lr": 6e-07}]}