{"train": [{"accuracy_score": [0.6267976148719747, 0.7604349351104875, 0.8126972991932655, 0.8512802525429674, 0.8810943528586461, 0.9133637320238512, 0.9368642581550333], "f1_score": [0.7514018691588784, 0.8076598141368629, 0.844767441860465, 0.8752941176470588, 0.9009061677871968, 0.926814814814815, 0.9461077844311376], "loss": [0.6411691308021545, 0.5137616395950317, 0.43331098556518555, 0.3691940903663635, 0.30251646041870117, 0.23864412307739258, 0.19850368797779083], "epochs": 7, "lr": 1e-06}, {"accuracy_score": [0.8716239915819011, 0.8877586811645037, 0.9028411083830234], "f1_score": [0.8896925858951176, 0.9031476997578692, 0.9175840523653674], "loss": [0.3251563310623169, 0.2867511808872223, 0.25364717841148376], "epochs": 3, "lr": 6e-07}], "val": [{"accuracy_score": [0.6174242424242424, 0.7537878787878788, 0.7702020202020202, 0.7891414141414141, 0.7828282828282829, 0.7878787878787878, 0.7840909090909091], "f1_score": [0.7430025445292621, 0.787350054525627, 0.7982261640798226, 0.8150609080841639, 0.812636165577342, 0.8145695364238411, 0.8093645484949833], "loss": [0.6505789160728455, 0.5240780115127563, 0.4866468012332916, 0.4619351327419281, 0.46235182881355286, 0.47244173288345337, 0.48334598541259766], "epochs": 7, "lr": 1e-06}, {"accuracy_score": [0.7815656565656566, 0.7803030303030303, 0.7765151515151515], "f1_score": [0.8022857142857144, 0.8009153318077804, 0.8022346368715083], "loss": [0.46791428327560425, 0.4787255823612213, 0.47288501262664795], "epochs": 3, "lr": 6e-07}]}