{"train": [{"accuracy": [0.6078431372549019, 0.7340102707749767, 0.7923669467787114, 0.8245798319327731, 0.8641456582633054, 0.8823529411764706, 0.9009103641456583], "f1_score": [0.4513994875339414, 0.6777939458611716, 0.7614341463080948, 0.7900667959491472, 0.8406831263974108, 0.8575054885979243, 0.8807004542298653], "loss": [0.6401647329330444, 0.537056028842926, 0.4370916485786438, 0.3809817433357239, 0.31947851181030273, 0.28382954001426697, 0.24327689409255981], "epochs": 7, "lr": 1e-06}, {"accuracy": [0.8539915966386554, 0.8676470588235294, 0.8816526610644257], "f1_score": [0.8298662744040874, 0.8458826421011288, 0.8651798559361563], "loss": [0.344632625579834, 0.3173063099384308, 0.2855226695537567], "epochs": 3, "lr": 6e-07}], "val": [{"accuracy": [0.6186868686868687, 0.7348484848484849, 0.7386363636363636, 0.7828282828282829, 0.7777777777777778, 0.7777777777777778, 0.7916666666666666], "f1_score": [0.5658985795349432, 0.5651293711899777, 0.5409937425088943, 0.5861523437281015, 0.5817069014038716, 0.5759350638138521, 0.6205624902594604], "loss": [0.6367616653442383, 0.539301335811615, 0.5147943496704102, 0.4664447605609894, 0.4787190854549408, 0.504212498664856, 0.5209255218505859], "epochs": 7, "lr": 1e-06}, {"accuracy": [0.7676767676767676, 0.7878787878787878, 0.7702020202020202], "f1_score": [0.5640624807291477, 0.6137244349365565, 0.5675677857496043], "loss": [0.51021409034729, 0.5032473802566528, 0.5462253093719482], "epochs": 3, "lr": 6e-07}]}