{"train": [{"accuracy": [0.6548406862745099, 0.7846200980392157, 0.8131127450980392, 0.8371323529411765, 0.8511029411764706], "f1_score": [0.6199552898082307, 0.7450657594039928, 0.7822128443451948, 0.8083358362770106, 0.8279546025869535], "loss": [0.599143385887146, 0.4636455178260803, 0.4075234532356262, 0.3592958152294159, 0.32726386189460754], "epochs": 5, "lr": 1e-06}, {"accuracy": [0.7909926470588236, 0.8137254901960784, 0.8232230392156863], "f1_score": [0.7628014822867744, 0.7838348334671843, 0.7911182907506419], "loss": [0.44035425782203674, 0.408937007188797, 0.3838116228580475], "epochs": 3, "lr": 6e-07}], "val": [{"accuracy": [0.552951388888889, 0.6354166666666666, 0.609375, 0.6302083333333334, 0.6328125], "f1_score": [0.43774102055352043, 0.46324659137159124, 0.42528397528397516, 0.4423439985939985, 0.4372939560439559], "loss": [0.8026654124259949, 0.7399662733078003, 0.7916306853294373, 0.792925238609314, 0.8181725740432739], "epochs": 5, "lr": 1e-06}, {"accuracy": [0.6302083333333334, 0.625, 0.609375], "f1_score": [0.43746820309320295, 0.45436796999296974, 0.42549672549672546], "loss": [0.7975130677223206, 0.7881428599357605, 0.8222141265869141], "epochs": 3, "lr": 6e-07}]}