{"train": [{"accuracy": [0.6682305630026809, 0.7516756032171582, 0.7951295799821269, 0.8385835567470957, 0.8241733690795353, 0.835455764075067, 0.9061662198391421], "f1_score": [0.5592576324479808, 0.7223991677074776, 0.7448924474393631, 0.8059379851605034, 0.7999541268978252, 0.8136185976668527, 0.8884416149831688], "loss": [0.6167450547218323, 0.4956149756908417, 0.44654619693756104, 0.3718414604663849, 0.37458428740501404, 0.3555954694747925, 0.23132652044296265], "epochs": 7, "lr": 1e-06}, {"accuracy": [0.8434986595174263, 0.8560098302055407, 0.8424932975871313], "f1_score": [0.8179127545079268, 0.8324252750526195, 0.8234968635772901], "loss": [0.34601616859436035, 0.3234412670135498, 0.3497452735900879], "epochs": 3, "lr": 6e-07}], "val": [{"accuracy": [0.6129518072289156, 0.6897590361445783, 0.7003012048192772, 0.7168674698795181, 0.7093373493975904, 0.7108433734939759, 0.733433734939759], "f1_score": [0.5299468269347789, 0.4793872793872795, 0.5369879116867071, 0.5390400763894743, 0.5160691383582953, 0.5379019240465027, 0.5268895762871669], "loss": [0.643151581287384, 0.5675990581512451, 0.5749208927154541, 0.5445566773414612, 0.6193177103996277, 0.6837871074676514, 0.6429760456085205], "epochs": 7, "lr": 1e-06}, {"accuracy": [0.7289156626506024, 0.7364457831325302, 0.7213855421686747], "f1_score": [0.5286645750501175, 0.5327247718813988, 0.530083236709743], "loss": [0.5669593811035156, 0.5809452533721924, 0.6557668447494507], "epochs": 3, "lr": 6e-07}]}