{"train": [{"accuracy": [0.7154761904761905, 0.7663690476190477, 0.803670634920635, 0.8096230158730159, 0.8384920634920635, 0.8916666666666667], "f1_score": [0.684863205577489, 0.7352087727087703, 0.7698367373367356, 0.7844287590716141, 0.8164788782645908, 0.8681977810549224], "loss": [0.5527076721191406, 0.47412949800491333, 0.41229918599128723, 0.38517966866493225, 0.3437924385070801, 0.26874440908432007], "epochs": 6, "lr": 1e-06}, {"accuracy": [0.8214285714285714, 0.8450396825396825, 0.8535714285714285], "f1_score": [0.8031977546263236, 0.8213325695468531, 0.8328573146430265], "loss": [0.37977951765060425, 0.34354105591773987, 0.32467707991600037], "epochs": 3, "lr": 6e-07}], "val": [{"accuracy": [0.6215277777777778, 0.6284722222222222, 0.75, 0.6527777777777778, 0.6597222222222222, 0.7430555555555556], "f1_score": [0.4429104845771513, 0.4494821536488204, 0.5831751581751581, 0.46249275415942087, 0.47478586228586245, 0.576434059767393], "loss": [0.6371743083000183, 0.6668554544448853, 0.5125784873962402, 0.6412146687507629, 0.6929446458816528, 0.5265148282051086], "epochs": 6, "lr": 1e-06}, {"accuracy": [0.6770833333333334, 0.7291666666666666, 0.7152777777777778], "f1_score": [0.5155185863519198, 0.5529197654197654, 0.5493924285590952], "loss": [0.6253476738929749, 0.6063736081123352, 0.6366337537765503], "epochs": 3, "lr": 6e-07}]}