{"train": [{"accuracy_score": [0.6301747930082797, 0.7850352652560564, 0.8457528365532045, 0.8736583869978534], "f1_score": [0.7435133985538068, 0.8114070486951843, 0.862830651758931, 0.8900747065101386], "loss": [0.6334694027900696, 0.4638444185256958, 0.38197067379951477, 0.3227512240409851], "epochs": 4, "lr": 1e-06}, {"accuracy_score": [0.7209444955535111, 0.7831953388531125, 0.8169273229070837, 0.8377798221404477], "f1_score": [0.7775061124694376, 0.8144843872999213, 0.841686555290374, 0.853584278992527], "loss": [0.5531372427940369, 0.47781088948249817, 0.42345374822616577, 0.3788868486881256], "epochs": 4, "lr": 6e-07}], "val": [{"accuracy_score": [0.6701570680628273, 0.643979057591623, 0.6596858638743456, 0.643979057591623], "f1_score": [0.7941176470588236, 0.7154811715481171, 0.7357723577235771, 0.7290836653386454], "loss": [0.6289238333702087, 0.659680187702179, 0.6785824298858643, 0.6972196698188782], "epochs": 4, "lr": 1e-06}, {"accuracy_score": [0.6570680628272252, 0.6570680628272252, 0.6570680628272252, 0.6387434554973822], "f1_score": [0.7374749498997996, 0.7321063394683027, 0.7364185110663984, 0.7125], "loss": [0.6249992847442627, 0.647624671459198, 0.6593985557556152, 0.696117103099823], "epochs": 4, "lr": 6e-07}]}