{"train": [{"accuracy": [0.6876225490196078, 0.751593137254902, 0.8127450980392158, 0.8401960784313726], "f1_score": [0.6489713853684433, 0.719791768688826, 0.7834700974406833, 0.8142841771518231], "loss": [0.5812081098556519, 0.4908886253833771, 0.4026643633842468, 0.3546884059906006], "epochs": 4, "lr": 1e-06}, {"accuracy": [0.7441176470588236, 0.7648284313725491, 0.7821691176470589], "f1_score": [0.7129845508521967, 0.7389821507468546, 0.7359474675651123], "loss": [0.5121080279350281, 0.47410017251968384, 0.4554325044155121], "epochs": 3, "lr": 6e-07}], "val": [{"accuracy": [0.6128472222222222, 0.6328125, 0.6440972222222222, 0.654513888888889], "f1_score": [0.44815560596810583, 0.45908998408998397, 0.4763759966884966, 0.4934709387834386], "loss": [0.6439765691757202, 0.7294466495513916, 0.7118484377861023, 0.6753516793251038], "epochs": 4, "lr": 1e-06}, {"accuracy": [0.6206597222222222, 0.638888888888889, 0.6805555555555555], "f1_score": [0.45210420366670356, 0.47101723507973486, 0.5178097943722942], "loss": [0.7093098759651184, 0.7249242663383484, 0.676213800907135], "epochs": 3, "lr": 6e-07}]}