{"train": [{"accuracy_score": [0.6099614170466503, 0.7625394598386531, 0.8155033321641529, 0.8158540862855138, 0.8846018940722553, 0.9102069449316029, 0.9452823570676956, 0.9442300947036127], "f1_score": [0.48625636039539777, 0.7602599803227384, 0.8134515101756481, 0.8023972017244327, 0.8817599554862907, 0.9076210226168103, 0.9443085411701773, 0.9426170583072787], "loss": [0.6345062851905823, 0.5111168622970581, 0.42704224586486816, 0.3860614597797394, 0.29234740138053894, 0.2284868210554123, 0.1668669879436493, 0.14595136046409607], "epochs": 8, "lr": 1e-06}, {"accuracy_score": [0.9084531743247983, 0.9189757979656261, 0.9379165205191161], "f1_score": [0.9065772251925144, 0.9177645959254466, 0.9367815724761244], "loss": [0.24765412509441376, 0.2164412885904312, 0.17724524438381195], "epochs": 3, "lr": 6e-07}], "val": [{"accuracy_score": [0.5946969696969697, 0.7234848484848485, 0.7297979797979798, 0.7651515151515151, 0.773989898989899, 0.7727272727272727, 0.7664141414141414, 0.773989898989899], "f1_score": [0.4675713881820752, 0.722144883610284, 0.7290359712230217, 0.7538087184389436, 0.7716009105804226, 0.7693383038210624, 0.7650202151255006, 0.7676326784165952], "loss": [0.6553424596786499, 0.5515233278274536, 0.5198934078216553, 0.49571463465690613, 0.4860275685787201, 0.502935528755188, 0.557833194732666, 0.5781877040863037], "epochs": 8, "lr": 1e-06}, {"accuracy_score": [0.7702020202020202, 0.7664141414141414, 0.76010101010101], "f1_score": [0.7684954387768212, 0.7656576125289689, 0.7594244604316547], "loss": [0.5104066729545593, 0.5522053837776184, 0.5675826668739319], "epochs": 3, "lr": 6e-07}]}