{"train": [{"accuracy": [0.6825396825396826, 0.7669642857142858, 0.79375, 0.8357142857142857, 0.8450396825396825, 0.8574404761904761, 0.9081349206349206], "f1_score": [0.6480558066272342, 0.7375566893424023, 0.7673675002246414, 0.8046267489124613, 0.8237987145129978, 0.8337843109271661, 0.8941858406144092], "loss": [0.6028668284416199, 0.4808676838874817, 0.4387120306491852, 0.3677615225315094, 0.3366570770740509, 0.31061917543411255, 0.22504544258117676], "epochs": 7, "lr": 1e-06}, {"accuracy": [0.8556547619047619, 0.8604166666666667, 0.8673611111111111], "f1_score": [0.8333564715707558, 0.8401593380164791, 0.84965020429306], "loss": [0.33156558871269226, 0.3114338219165802, 0.2924588620662689], "epochs": 3, "lr": 6e-07}], "val": [{"accuracy": [0.5451388888888888, 0.6423611111111112, 0.6215277777777778, 0.7569444444444444, 0.6493055555555556, 0.6631944444444444, 0.7118055555555556], "f1_score": [0.3968722635389304, 0.4628750878750878, 0.42931574598241273, 0.6082112332112332, 0.4567975234641902, 0.4867402659069325, 0.5177715802715801], "loss": [0.6714556813240051, 0.6271985769271851, 0.6578854918479919, 0.5171125531196594, 0.6448140740394592, 0.6710740923881531, 0.6215621829032898], "epochs": 7, "lr": 1e-06}, {"accuracy": [0.7361111111111112, 0.7083333333333334, 0.6875], "f1_score": [0.5636073802740468, 0.5334431001097667, 0.4998297998297997], "loss": [0.5619496703147888, 0.5814616084098816, 0.628467857837677], "epochs": 3, "lr": 6e-07}]}