{"train": [{"accuracy_score": [0.6736214605067065, 0.7764530551415797, 0.814903129657228, 0.8491803278688524, 0.8894187779433681, 0.9135618479880775, 0.9385991058122206], "f1_score": [0.6311884341512146, 0.7753508677951575, 0.814089127249394, 0.8447137756644003, 0.8873745546055678, 0.9129512007804554, 0.9378959176807526], "loss": [0.6061156392097473, 0.4716608226299286, 0.39933738112449646, 0.34485429525375366, 0.2747924029827118, 0.22455322742462158, 0.16793888807296753], "epochs": 7, "lr": 1e-06}, {"accuracy_score": [0.8757078986587183, 0.8926974664679582, 0.9070044709388971], "f1_score": [0.8736905427099011, 0.8910787371410145, 0.9062897487022586], "loss": [0.29486283659935, 0.26145368814468384, 0.23462048172950745], "epochs": 3, "lr": 6e-07}], "val": [{"accuracy_score": [0.7569444444444444, 0.6527777777777778, 0.6631944444444444, 0.7465277777777778, 0.7256944444444444, 0.6944444444444444, 0.7152777777777778], "f1_score": [0.5764705882352941, 0.5855399493437716, 0.596621182586095, 0.643171133250734, 0.6359388751100088, 0.6249112005683164, 0.6424202047120102], "loss": [0.573253870010376, 0.5957236886024475, 0.5833518505096436, 0.4924141466617584, 0.5216797590255737, 0.6395695805549622, 0.6224424839019775], "epochs": 7, "lr": 1e-06}, {"accuracy_score": [0.7291666666666666, 0.71875, 0.6944444444444444], "f1_score": [0.6453649911593836, 0.6364939618231399, 0.6221148684916801], "loss": [0.5420281887054443, 0.5521146059036255, 0.6422484517097473], "epochs": 3, "lr": 6e-07}]}