{"train": [{"accuracy": [0.6689008042895442, 0.7623994638069705, 0.8044012511170688, 0.8250670241286864, 0.8505361930294906, 0.8690795352993745, 0.8719839142091153, 0.9072832886505809, 0.9241510277033065], "f1_score": [0.6302322491330531, 0.7075791500724463, 0.7687797903615585, 0.7859948660216742, 0.8172495065256442, 0.845042089278013, 0.8528786524765068, 0.8860041656288287, 0.9122310218824958], "loss": [0.6311452984809875, 0.4891086220741272, 0.4233587384223938, 0.4005627930164337, 0.3427610993385315, 0.2977963984012604, 0.2835310101509094, 0.22689656913280487, 0.18861769139766693], "epochs": 9, "lr": 1e-06}, {"accuracy": [0.881478999106345, 0.8981233243967829, 0.9031501340482574], "f1_score": [0.8595779555565067, 0.8802868266675229, 0.8857982946454779], "loss": [0.2782435715198517, 0.24207687377929688, 0.23405113816261292], "epochs": 3, "lr": 6e-07}], "val": [{"accuracy": [0.6822289156626506, 0.6942771084337349, 0.7289156626506024, 0.7274096385542169, 0.733433734939759, 0.7484939759036144, 0.7545180722891566, 0.7695783132530121, 0.7680722891566265], "f1_score": [0.4810809003580089, 0.5374951019529336, 0.5282834300906591, 0.5580021049900571, 0.5677172894040367, 0.5446671133418125, 0.5394073129012891, 0.5648362347157531, 0.5578761265508255], "loss": [0.6369214653968811, 0.5735334157943726, 0.5320740342140198, 0.5615248084068298, 0.5430901646614075, 0.5294031500816345, 0.582277774810791, 0.5582898259162903, 0.588196337223053], "epochs": 9, "lr": 1e-06}, {"accuracy": [0.7605421686746988, 0.7695783132530121, 0.7710843373493976], "f1_score": [0.5543658483417524, 0.55956841017082, 0.5579598447068329], "loss": [0.5610780119895935, 0.5634178519248962, 0.5912080407142639], "epochs": 3, "lr": 6e-07}]}