{"train": [{"accuracy_score": [0.6959761549925484, 0.7883755588673621, 0.7886736214605067, 0.8008941877794337, 0.8780923994038748, 0.9049180327868852], "f1_score": [0.7643253234750462, 0.8084187803561791, 0.8337631887456036, 0.7943349753694581, 0.8973651191969887, 0.9189738379476758], "loss": [0.5918751955032349, 0.45791247487068176, 0.4279676079750061, 0.40154701471328735, 0.2861086130142212, 0.23590891063213348], "epochs": 6, "lr": 1e-06}, {"accuracy_score": [0.8539493293591655, 0.8724292101341282, 0.8903129657228018], "f1_score": [0.8712559117183395, 0.8848223896663078, 0.9042663891779397], "loss": [0.3480585813522339, 0.3096633851528168, 0.27607277035713196], "epochs": 3, "lr": 6e-07}], "val": [{"accuracy_score": [0.7673611111111112, 0.7048611111111112, 0.8159722222222222, 0.5868055555555556, 0.8090277777777778, 0.8090277777777778], "f1_score": [0.8595387840670858, 0.8036951501154734, 0.8869936034115139, 0.6843501326259948, 0.8806941431670282, 0.8806941431670282], "loss": [0.5776269435882568, 0.5440027713775635, 0.44732242822647095, 0.7194576859474182, 0.4555967152118683, 0.4516718089580536], "epochs": 6, "lr": 1e-06}, {"accuracy_score": [0.7604166666666666, 0.7430555555555556, 0.7881944444444444], "f1_score": [0.8449438202247191, 0.8294930875576036, 0.8635346756152126], "loss": [0.49392351508140564, 0.524211585521698, 0.4732917547225952], "epochs": 3, "lr": 6e-07}]}