{"train": [{"accuracy": [0.6761204481792717, 0.7475490196078431, 0.8026377217553688, 0.8341503267973857, 0.8480392156862745, 0.8574929971988795, 0.8953081232492998], "f1_score": [0.6323302747672487, 0.6992786702870727, 0.7744856139814104, 0.8016279705355323, 0.8268896836123708, 0.8335988474643917, 0.8783266064778653], "loss": [0.6242746114730835, 0.5117431879043579, 0.4288448393344879, 0.37896931171417236, 0.34135547280311584, 0.32117724418640137, 0.2546684741973877], "epochs": 7, "lr": 1e-06}, {"accuracy": [0.8483893557422969, 0.8616946778711485, 0.8644957983193278], "f1_score": [0.8263189347222948, 0.8377714877714857, 0.84443629821781], "loss": [0.3469259440898895, 0.3200840353965759, 0.30789294838905334], "epochs": 3, "lr": 6e-07}], "val": [{"accuracy": [0.6616161616161617, 0.7297979797979798, 0.75, 0.7689393939393939, 0.7424242424242424, 0.7285353535353535, 0.7537878787878788], "f1_score": [0.4661094797458439, 0.5293198384107479, 0.5601561177318756, 0.5812070645403984, 0.547083219810493, 0.5465800193072925, 0.5670053851872039], "loss": [0.6394428014755249, 0.5411463975906372, 0.5073344707489014, 0.48522111773490906, 0.531985878944397, 0.568985641002655, 0.5229246616363525], "epochs": 7, "lr": 1e-06}, {"accuracy": [0.7588383838383839, 0.7664141414141414, 0.7525252525252525], "f1_score": [0.5693635208786729, 0.5739825270128306, 0.5607902759417916], "loss": [0.5142507553100586, 0.4912438690662384, 0.5410366058349609], "epochs": 3, "lr": 6e-07}]}