{"train": [{"accuracy_score": [0.6132930513595166, 0.766028868747902, 0.8053037932192011, 0.8365223229271568, 0.8811681772406847, 0.918429003021148, 0.9439409197717354, 0.9610607586438402], "f1_score": [0.46220021312605775, 0.7555067596567661, 0.802336425504186, 0.8346856627481456, 0.8764018632439685, 0.9163102118959301, 0.9427706196907499, 0.960088313805061], "loss": [0.6426711678504944, 0.49946701526641846, 0.43119683861732483, 0.3726532459259033, 0.2981208562850952, 0.2350669652223587, 0.18449345231056213, 0.13142500817775726], "epochs": 8, "lr": 1e-06}, {"accuracy_score": [0.8949311849613965, 0.9191003692514267, 0.935884525008392], "f1_score": [0.8930798253412511, 0.9171066564276608, 0.9338212896025886], "loss": [0.2643052637577057, 0.22384224832057953, 0.19031107425689697], "epochs": 3, "lr": 6e-07}], "val": [{"accuracy_score": [0.5557228915662651, 0.6656626506024096, 0.6686746987951807, 0.6701807228915663, 0.7003012048192772, 0.7123493975903614, 0.7153614457831325, 0.713855421686747], "f1_score": [0.39657748409654514, 0.6619051550931658, 0.6686626746506985, 0.6700542512711951, 0.6974014761685572, 0.712061391061516, 0.7152833078101073, 0.7131892914302342], "loss": [0.6742743849754333, 0.5948935747146606, 0.587960422039032, 0.5856142044067383, 0.5811666250228882, 0.5909954905509949, 0.6328266263008118, 0.685006320476532], "epochs": 8, "lr": 1e-06}, {"accuracy_score": [0.7048192771084337, 0.7033132530120482, 0.7198795180722891], "f1_score": [0.7047764227642277, 0.7028920823765363, 0.7182821011140612], "loss": [0.595019519329071, 0.6145942807197571, 0.6394186615943909], "epochs": 3, "lr": 6e-07}]}