{"train": [{"accuracy_score": [0.6561708288092652, 0.7582338038364097, 0.8070937386898299, 0.832066594281578, 0.8820123054650741, 0.9077090119435396, 0.9388346000723851, 0.9627216793340572, 0.9811798769453492], "f1_score": [0.7686312713102778, 0.8032979976442873, 0.8460872076234479, 0.868181818181818, 0.903378778897451, 0.9202377228651861, 0.9494466048459467, 0.9687594783136184, 0.9840783833435395], "loss": [0.6145489811897278, 0.5101310610771179, 0.4270560145378113, 0.371642142534256, 0.2986795902252197, 0.24871186912059784, 0.1854846030473709, 0.13263873755931854, 0.09096650779247284], "epochs": 9, "lr": 1e-06}, {"accuracy_score": [0.9326818675352877, 0.9489685124864278, 0.9598262757871878], "f1_score": [0.9439759036144578, 0.9567617295308187, 0.9656665635632539], "loss": [0.1982831507921219, 0.16523417830467224, 0.13925980031490326], "epochs": 3, "lr": 6e-07}], "val": [{"accuracy_score": [0.5409090909090909, 0.6772727272727272, 0.6875, 0.6806818181818182, 0.7068181818181818, 0.7284090909090909, 0.7, 0.696590909090909, 0.7227272727272728], "f1_score": [0.6683087027914613, 0.7096114519427402, 0.7247247247247247, 0.7274490785645005, 0.7329192546583851, 0.7198124267291911, 0.7317073170731708, 0.7238883143743537, 0.7336244541484715], "loss": [0.6824890971183777, 0.6097864508628845, 0.604550838470459, 0.6430795788764954, 0.5943722724914551, 0.5826714038848877, 0.6912862062454224, 0.7556458115577698, 0.766115128993988], "epochs": 9, "lr": 1e-06}, {"accuracy_score": [0.7045454545454546, 0.7204545454545455, 0.7113636363636363], "f1_score": [0.730848861283644, 0.7290748898678413, 0.7139639639639639], "loss": [0.6718204021453857, 0.6493860483169556, 0.7015873193740845], "epochs": 3, "lr": 6e-07}]}