{"train": [{"accuracy_score": [0.6977645305514159, 0.7716840536512668, 0.8229508196721311, 0.8530551415797317, 0.9013412816691505, 0.926080476900149, 0.9466467958271237], "f1_score": [0.6909273569313559, 0.7700478957646143, 0.8181159563143161, 0.8490874481037517, 0.8999186645668156, 0.925380255416846, 0.9460865686973077], "loss": [0.6044071316719055, 0.4736544191837311, 0.3985690772533417, 0.33797118067741394, 0.26234203577041626, 0.20119918882846832, 0.15362969040870667], "epochs": 7, "lr": 1e-06}, {"accuracy_score": [0.884053651266766, 0.898360655737705, 0.9216095380029806], "f1_score": [0.8826725763019991, 0.8966951159816983, 0.9208807370578069], "loss": [0.2840307354927063, 0.25314781069755554, 0.21297816932201385], "epochs": 3, "lr": 6e-07}], "val": [{"accuracy_score": [0.6527777777777778, 0.6458333333333334, 0.71875, 0.7430555555555556, 0.7326388888888888, 0.7326388888888888, 0.7326388888888888], "f1_score": [0.5492957746478874, 0.574384236453202, 0.6196625091709465, 0.6401701897751063, 0.6451556124489959, 0.651446803828804, 0.6483516483516483], "loss": [0.6185715198516846, 0.6159154176712036, 0.5307689905166626, 0.5152027606964111, 0.5487095713615417, 0.6011252999305725, 0.58783358335495], "epochs": 7, "lr": 1e-06}, {"accuracy_score": [0.7152777777777778, 0.7430555555555556, 0.7118055555555556], "f1_score": [0.6366098356619684, 0.6541831634971117, 0.6422360248447205], "loss": [0.5700036287307739, 0.5399091839790344, 0.6236889362335205], "epochs": 3, "lr": 6e-07}]}