{"train": [{"accuracy_score": [0.5973342686776569, 0.753419852683269, 0.8109435285864609, 0.8498772360575236, 0.8902139600140302, 0.9140652402665731, 0.9309014380918976], "f1_score": [0.43594913707291383, 0.7474593191813321, 0.8087692739415004, 0.8439197375476339, 0.8879642585642032, 0.9123572407176745, 0.9299630977812157], "loss": [0.6410894989967346, 0.5076908469200134, 0.4262635409832001, 0.363485723733902, 0.2985660433769226, 0.23315154016017914, 0.19491057097911835], "epochs": 7, "lr": 1e-06}, {"accuracy_score": [0.8730270080673448, 0.8895124517713083, 0.8979305506839705, 0.9224833391792353], "f1_score": [0.8696483242227364, 0.8869405804966977, 0.8964579666452879, 0.9207469525291263], "loss": [0.3181227743625641, 0.2812330424785614, 0.2555954158306122, 0.21493415534496307], "epochs": 4, "lr": 6e-07}], "val": [{"accuracy_score": [0.5732323232323232, 0.7234848484848485, 0.7234848484848485, 0.7676767676767676, 0.7676767676767676, 0.7702020202020202, 0.7386363636363636], "f1_score": [0.4017806064073226, 0.7197855191499605, 0.7225892818586173, 0.761838767879089, 0.7659514326095337, 0.7687850887042442, 0.7386259464095823], "loss": [0.6541494727134705, 0.5423097014427185, 0.5171826481819153, 0.4764344096183777, 0.4857909083366394, 0.49645641446113586, 0.5592430233955383], "epochs": 7, "lr": 1e-06}, {"accuracy_score": [0.7638888888888888, 0.7575757575757576, 0.7449494949494949, 0.7651515151515151], "f1_score": [0.7608691791139965, 0.7556671015675713, 0.744532447623914, 0.7634074264422459], "loss": [0.47514989972114563, 0.4959743916988373, 0.5108330249786377, 0.5084961652755737], "epochs": 4, "lr": 6e-07}]}