{"train": [{"accuracy_score": [0.6488754615642833, 0.7495803961060759, 0.8086606243705942, 0.8533064786841222, 0.8328298086606244, 0.908694192682108, 0.9543470963410541], "f1_score": [0.7530689329556184, 0.8074341765616934, 0.8483235763704098, 0.8770745428973277, 0.8376792698826597, 0.9180722891566265, 0.9603498542274053], "loss": [0.6342155933380127, 0.5047152638435364, 0.42182019352912903, 0.3487468659877777, 0.360972136259079, 0.24512861669063568, 0.1679249405860901], "epochs": 7, "lr": 1e-06}, {"accuracy_score": [0.8744545149378986, 0.8959382343068144, 0.9039946290701578], "f1_score": [0.8933257273245866, 0.9103009259259259, 0.9202898550724637], "loss": [0.31023848056793213, 0.27751103043556213, 0.25075945258140564], "epochs": 3, "lr": 6e-07}], "val": [{"accuracy_score": [0.5903614457831325, 0.7033132530120482, 0.7289156626506024, 0.7409638554216867, 0.7078313253012049, 0.7409638554216867, 0.7575301204819277], "f1_score": [0.7043478260869567, 0.758282208588957, 0.7692307692307694, 0.7637362637362638, 0.6655172413793103, 0.7353846153846154, 0.7690100430416068], "loss": [0.6479924321174622, 0.5655421018600464, 0.5410382747650146, 0.5117536783218384, 0.5967042446136475, 0.5492757558822632, 0.5556365251541138], "epochs": 7, "lr": 1e-06}, {"accuracy_score": [0.75, 0.7454819277108434, 0.75], "f1_score": [0.7661971830985915, 0.7568345323741008, 0.7780748663101604], "loss": [0.5196651816368103, 0.5271866917610168, 0.5446531772613525], "epochs": 3, "lr": 6e-07}]}