{"train": [{"accuracy": [0.682442196531792, 0.7638487475915222, 0.8110549132947977, 0.8475433526011561, 0.8703034682080925, 0.8910163776493257, 0.9165462427745664], "f1_score": [0.6099556352446521, 0.7216343386863608, 0.7718494094216622, 0.8186143657241904, 0.8443631352590875, 0.8758719122880956, 0.903593067176881], "loss": [0.6449636816978455, 0.5089201331138611, 0.4255421757698059, 0.36003512144088745, 0.30633029341697693, 0.2722831070423126, 0.21383067965507507], "epochs": 7, "lr": 1e-06}, {"accuracy": [0.8562138728323699, 0.8742774566473989, 0.8946290944123315], "f1_score": [0.8208550601614172, 0.839291777586574, 0.8733553537021731], "loss": [0.33419904112815857, 0.2971561551094055, 0.25969749689102173], "epochs": 3, "lr": 6e-07}], "val": [{"accuracy": [0.625, 0.6488636363636363, 0.6738636363636363, 0.6988636363636364, 0.6863636363636364, 0.6977272727272728, 0.6954545454545454], "f1_score": [0.4518640450458634, 0.4623048668503217, 0.49790386381295515, 0.5031172362990549, 0.5052989434807621, 0.4636090676999771, 0.512962744326381], "loss": [0.6644660830497742, 0.624195396900177, 0.6238641142845154, 0.6031771302223206, 0.6611315011978149, 0.6222432255744934, 0.7271198630332947], "epochs": 7, "lr": 1e-06}, {"accuracy": [0.6863636363636364, 0.696590909090909, 0.6988636363636364], "f1_score": [0.5141765305401673, 0.5160737747101387, 0.5080210193846562], "loss": [0.6927644610404968, 0.6825816035270691, 0.6632490754127502], "epochs": 3, "lr": 6e-07}]}