{"train": [{"accuracy": [0.677390527256479, 0.7688784629133155, 0.8090929401251118, 0.8394772117962467, 0.8586907953529938, 0.8875111706881145], "f1_score": [0.6097804935606537, 0.7307228815271689, 0.7662230828450656, 0.8125070193434788, 0.826848070011607, 0.8673944167241738], "loss": [0.6217287182807922, 0.48725342750549316, 0.4130078852176666, 0.35814401507377625, 0.3264729380607605, 0.2710263133049011], "epochs": 6, "lr": 1e-06}, {"accuracy": [0.8274128686327078, 0.8409294012511171, 0.8623771224307418, 0.8743297587131368, 0.8790214477211796, 0.8823726541554959], "f1_score": [0.7970280836232563, 0.8172994119374801, 0.8375280810937636, 0.8506543352387841, 0.8590592011503521, 0.8588506816388835], "loss": [0.3923521637916565, 0.3594200909137726, 0.32220232486724854, 0.2982497215270996, 0.27961060404777527, 0.274465411901474], "epochs": 6, "lr": 6e-07}], "val": [{"accuracy": [0.5948795180722891, 0.6807228915662651, 0.7063253012048193, 0.7259036144578314, 0.7289156626506024, 0.7259036144578314], "f1_score": [0.47564731118947995, 0.4923427308969478, 0.536960964069398, 0.5293131232890271, 0.5333911068850832, 0.5136429166549651], "loss": [0.6599699258804321, 0.5553693175315857, 0.5469053983688354, 0.5473969578742981, 0.5561009645462036, 0.566689133644104], "epochs": 6, "lr": 1e-06}, {"accuracy": [0.7243975903614458, 0.7228915662650602, 0.7364457831325302, 0.7289156626506024, 0.7274096385542169, 0.7213855421686747], "f1_score": [0.538977220904932, 0.5320229970832384, 0.5330463378656152, 0.5276808198494947, 0.5202804558226246, 0.5209130895877887], "loss": [0.5452022552490234, 0.546836256980896, 0.5319274067878723, 0.5393299460411072, 0.5468093156814575, 0.5828333497047424], "epochs": 6, "lr": 6e-07}]}