{"train": [{"accuracy": [0.621078431372549, 0.7634803921568627, 0.801593137254902, 0.8351102941176471], "f1_score": [0.4798719934749346, 0.7163022026992603, 0.762599546423074, 0.8127404662331109], "loss": [0.6348645687103271, 0.4849589467048645, 0.42380204796791077, 0.36781635880470276], "epochs": 4, "lr": 1e-06}, {"accuracy": [0.7190563725490197, 0.7678921568627451, 0.7996323529411765], "f1_score": [0.6493559000911929, 0.7271110289492636, 0.7619851009556866], "loss": [0.542554497718811, 0.4784037470817566, 0.4297502934932709], "epochs": 3, "lr": 6e-07}], "val": [{"accuracy": [0.6614583333333334, 0.6744791666666666, 0.6953125, 0.65625], "f1_score": [0.5547209734709732, 0.5111180486180484, 0.5400673400673398, 0.4683372183372183], "loss": [0.6272431015968323, 0.6316227316856384, 0.6487093567848206, 0.7477512359619141], "epochs": 4, "lr": 1e-06}, {"accuracy": [0.6666666666666666, 0.65625, 0.6588541666666666], "f1_score": [0.49329698079698064, 0.46328104765604744, 0.4557650682650681], "loss": [0.6322488188743591, 0.6467273235321045, 0.670559823513031], "epochs": 3, "lr": 6e-07}]}