{"train": [{"accuracy": [0.695845004668534, 0.7622549019607843, 0.7524509803921569, 0.7864145658263305, 0.8483893557422969, 0.8737161531279178, 0.8967086834733894, 0.9121148459383753], "f1_score": [0.6248371143329121, 0.7294333117862516, 0.7273961954634215, 0.7601623399942719, 0.8176771874250852, 0.8476438749547983, 0.88075200554192, 0.8966230314969797], "loss": [0.6012956500053406, 0.49875393509864807, 0.46495214104652405, 0.4358942210674286, 0.3366694748401642, 0.30695825815200806, 0.26022574305534363, 0.23632752895355225], "epochs": 8, "lr": 1e-06}, {"accuracy": [0.8711484593837535, 0.8813025210084033, 0.8887721755368815], "f1_score": [0.8438114950719974, 0.8569984170824485, 0.8691972360039577], "loss": [0.30982521176338196, 0.28605177998542786, 0.2760820984840393], "epochs": 3, "lr": 6e-07}], "val": [{"accuracy": [0.7411616161616161, 0.7361111111111112, 0.6994949494949495, 0.7146464646464646, 0.7689393939393939, 0.76010101010101, 0.7891414141414141, 0.7651515151515151], "f1_score": [0.5491596506748025, 0.546144820387245, 0.5161839283051408, 0.528477583023038, 0.5688692900814117, 0.5613652340925075, 0.5946134112800785, 0.5817596544869278], "loss": [0.5898150205612183, 0.5175006985664368, 0.5505004525184631, 0.5607340931892395, 0.4875434339046478, 0.5244702696800232, 0.48889708518981934, 0.5267497897148132], "epochs": 8, "lr": 1e-06}, {"accuracy": [0.7638888888888888, 0.76010101010101, 0.7626262626262627], "f1_score": [0.5740587134526534, 0.573446531022289, 0.5845523724311608], "loss": [0.4953523874282837, 0.5134528279304504, 0.5671640038490295], "epochs": 3, "lr": 6e-07}]}