{"train": [{"accuracy_score": [0.6947839046199702, 0.7812220566318927, 0.832488822652757, 0.8718330849478391, 0.9043219076005962], "f1_score": [0.6945070454597191, 0.7722191266486704, 0.8283494395418161, 0.8708882750641329, 0.9025690899509433], "loss": [0.5806455612182617, 0.4624417722225189, 0.38533082604408264, 0.31880027055740356, 0.24541182816028595], "epochs": 5, "lr": 1e-06}, {"accuracy_score": [0.809538002980626, 0.8366616989567809, 0.8566318926974664, 0.8769001490312965], "f1_score": [0.8027585620611601, 0.834023285525376, 0.8538607052101316, 0.875867522624413], "loss": [0.41626811027526855, 0.37219083309173584, 0.33254778385162354, 0.29835474491119385], "epochs": 4, "lr": 6e-07}], "val": [{"accuracy_score": [0.6111111111111112, 0.7465277777777778, 0.7361111111111112, 0.7013888888888888, 0.75], "f1_score": [0.5446897408390267, 0.6226780810854466, 0.6224905139703346, 0.6307031669350509, 0.6498953197811845], "loss": [0.6428792476654053, 0.5414779186248779, 0.5451058745384216, 0.6088817715644836, 0.573293924331665], "epochs": 5, "lr": 1e-06}, {"accuracy_score": [0.7534722222222222, 0.7361111111111112, 0.7465277777777778, 0.7118055555555556], "f1_score": [0.6330156679050235, 0.6378796902918404, 0.643171133250734, 0.6209504780933353], "loss": [0.5300164222717285, 0.5639354586601257, 0.5527954697608948, 0.6115119457244873], "epochs": 4, "lr": 6e-07}]}