{"train": [{"accuracy_score": [0.5986246833152371, 0.7607672819399204, 0.8175895765472313, 0.8476293883460008, 0.8827361563517915, 0.9087947882736156], "f1_score": [0.41774312127783975, 0.7438533904791103, 0.8091507725233423, 0.8416247034436279, 0.8774662461811373, 0.9047555211692699], "loss": [0.6425058245658875, 0.5123627781867981, 0.4221378266811371, 0.35649725794792175, 0.2953069508075714, 0.23701591789722443], "epochs": 6, "lr": 1e-06}, {"accuracy_score": [0.8248280854144047, 0.8483532392327181, 0.8668114368440102, 0.8859934853420195], "f1_score": [0.8196311730126805, 0.8411595097706295, 0.8607821079738822, 0.8822287772087458], "loss": [0.38742485642433167, 0.3480355441570282, 0.3154452443122864, 0.2816600501537323], "epochs": 4, "lr": 6e-07}], "val": [{"accuracy_score": [0.49204545454545456, 0.6943181818181818, 0.7011363636363637, 0.7215909090909091, 0.7102272727272727, 0.7056818181818182], "f1_score": [0.3654982409900137, 0.6914393717209242, 0.7002068655529347, 0.7211498043780515, 0.708828189168253, 0.7042607882140294], "loss": [0.6861198544502258, 0.5734997391700745, 0.5480192303657532, 0.548035204410553, 0.5738247632980347, 0.6304284334182739], "epochs": 6, "lr": 1e-06}, {"accuracy_score": [0.7056818181818182, 0.7090909090909091, 0.7113636363636363, 0.7238636363636364], "f1_score": [0.7056510301309925, 0.70814872392797, 0.7103522630673219, 0.723803361012411], "loss": [0.5451279282569885, 0.5703293681144714, 0.5800182223320007, 0.5712682008743286], "epochs": 4, "lr": 6e-07}]}