{"train": [{"accuracy_score": [0.6036916395222585, 0.7716250452406804, 0.8262757871878393, 0.8617444806369888, 0.8964893231994209, 0.9211002533478103], "f1_score": [0.4007166477996952, 0.7582455600777019, 0.8200732600732601, 0.8575339499907133, 0.8918374889129792, 0.9170714420246038], "loss": [0.6536864638328552, 0.5010568499565125, 0.4184587895870209, 0.35330730676651, 0.28734463453292847, 0.22776992619037628], "epochs": 6, "lr": 1e-06}, {"accuracy_score": [0.8447339847991314, 0.8682591386174449, 0.8903365906623235], "f1_score": [0.8371034959489815, 0.8604147259235903, 0.8856388075844923], "loss": [0.37443405389785767, 0.3397107720375061, 0.30307114124298096], "epochs": 3, "lr": 6e-07}], "val": [{"accuracy_score": [0.49318181818181817, 0.7022727272727273, 0.7056818181818182, 0.7079545454545455, 0.7090909090909091, 0.6977272727272728], "f1_score": [0.3380601898388327, 0.6989826826262246, 0.7047664569513692, 0.7074918356128949, 0.7072384665367122, 0.6927503360215053], "loss": [0.6922529935836792, 0.5789093971252441, 0.5445722341537476, 0.5456279516220093, 0.5686038732528687, 0.6094782948493958], "epochs": 6, "lr": 1e-06}, {"accuracy_score": [0.7079545454545455, 0.7011363636363637, 0.7090909090909091], "f1_score": [0.7055817871039719, 0.6973053849141838, 0.7071303769032364], "loss": [0.5511396527290344, 0.5692758560180664, 0.5539628863334656], "epochs": 3, "lr": 6e-07}]}