{"train": [{"accuracy_score": [0.6424974823766365, 0.7667002349781806, 0.8224236320913058, 0.8348439073514602, 0.8818395434709634, 0.918429003021148, 0.9496475327291037, 0.9620678079892582], "f1_score": [0.5370009180782611, 0.7549624307800719, 0.8182012095762445, 0.8229209154331953, 0.8796144753591563, 0.9149800908832417, 0.9483452922718962, 0.9609772841324872], "loss": [0.6253464818000793, 0.49117130041122437, 0.4192703664302826, 0.3699939250946045, 0.30165383219718933, 0.23598270118236542, 0.17688021063804626, 0.12923026084899902], "epochs": 8, "lr": 1e-06}, {"accuracy_score": [0.9100369251426653, 0.9201074185968445, 0.9452836522322927], "f1_score": [0.9076900236980414, 0.9167411961989937, 0.9437364758664281], "loss": [0.25055956840515137, 0.21602176129817963, 0.1759209930896759], "epochs": 3, "lr": 6e-07}], "val": [{"accuracy_score": [0.5707831325301205, 0.6942771084337349, 0.7063253012048193, 0.7153614457831325, 0.7183734939759037, 0.7349397590361446, 0.7379518072289156, 0.7439759036144579], "f1_score": [0.46700014364295434, 0.6896589038415049, 0.7057640522207451, 0.7034642621695766, 0.7183728552149605, 0.7299790201388183, 0.7375494071146245, 0.7421418128654971], "loss": [0.6629180908203125, 0.5644112825393677, 0.5466198921203613, 0.5637402534484863, 0.5452833771705627, 0.5673122406005859, 0.6012580394744873, 0.6373823881149292], "epochs": 8, "lr": 1e-06}, {"accuracy_score": [0.7183734939759037, 0.7379518072289156, 0.7469879518072289], "f1_score": [0.7181427128377995, 0.7328227328227328, 0.7461565768275034], "loss": [0.5734140872955322, 0.5885953903198242, 0.6116639971733093], "epochs": 3, "lr": 6e-07}]}