{"train": [{"accuracy": [0.623015873015873, 0.7552521008403361, 0.7931839402427638, 0.7930672268907563, 0.8392857142857143, 0.8821195144724557], "f1_score": [0.5827074574973734, 0.7189739920832346, 0.7681076781917103, 0.7685384021518464, 0.8115152510110482, 0.8581459778938754], "loss": [0.647810697555542, 0.5020085573196411, 0.43163973093032837, 0.41713041067123413, 0.34172773361206055, 0.2777651250362396], "epochs": 6, "lr": 1e-06}, {"accuracy": [0.8130252100840336, 0.8280812324929971, 0.8476890756302521, 0.8623949579831933], "f1_score": [0.7752179348817989, 0.7987615248119434, 0.8247055465542842, 0.8412811433819826], "loss": [0.3979188799858093, 0.3708411753177643, 0.33929523825645447, 0.3121747374534607], "epochs": 4, "lr": 6e-07}], "val": [{"accuracy": [0.6022727272727273, 0.7209595959595959, 0.7361111111111112, 0.7108585858585859, 0.7285353535353535, 0.7588383838383839], "f1_score": [0.46043743013440036, 0.5342749842749847, 0.5359958223594591, 0.5304555713646628, 0.5464730555639651, 0.5645190387614634], "loss": [0.6529169082641602, 0.5310462117195129, 0.4964902102947235, 0.5748641490936279, 0.5675565004348755, 0.4976429045200348], "epochs": 6, "lr": 1e-06}, {"accuracy": [0.7588383838383839, 0.7285353535353535, 0.7424242424242424, 0.7373737373737373], "f1_score": [0.5508379387167269, 0.5301466210557124, 0.5459386853326252, 0.5383828292919206], "loss": [0.49139320850372314, 0.514145016670227, 0.5306143760681152, 0.5513081550598145], "epochs": 4, "lr": 6e-07}]}