{"train": [{"accuracy": [0.7238970588235295, 0.7769607843137255, 0.7922794117647058, 0.8314950980392157], "f1_score": [0.6684155237464051, 0.7477003252738524, 0.7635303694127206, 0.8066781257957706], "loss": [0.5469626784324646, 0.4676360487937927, 0.4301494061946869, 0.3834990859031677], "epochs": 4, "lr": 1e-06}, {"accuracy": [0.7498161764705883, 0.7590073529411765, 0.7803308823529411], "f1_score": [0.71746832960068, 0.7298750269338485, 0.7547340187046058], "loss": [0.49780476093292236, 0.48378705978393555, 0.4624490439891815], "epochs": 3, "lr": 6e-07}], "val": [{"accuracy": [0.6293402777777778, 0.623263888888889, 0.6171875, 0.6015625], "f1_score": [0.45592659655159634, 0.446940964128464, 0.4518726643726643, 0.43002738002737995], "loss": [0.6739326119422913, 0.7306970953941345, 0.8098260164260864, 0.91539466381073], "epochs": 4, "lr": 1e-06}, {"accuracy": [0.6102430555555556, 0.6145833333333334, 0.5972222222222222], "f1_score": [0.44415012071262056, 0.4338084369334369, 0.432205815018315], "loss": [0.7449263334274292, 0.7838371396064758, 0.8540043830871582], "epochs": 3, "lr": 6e-07}]}