{"train": [{"accuracy": [0.6440269749518305, 0.7583092485549133, 0.7998554913294798, 0.8204479768786127, 0.8641618497109826, 0.8930635838150289], "f1_score": [0.4847644327413116, 0.6989883109825292, 0.764150092040264, 0.7688001946672453, 0.836569323419033, 0.8711094461094447], "loss": [0.6267393231391907, 0.4944353699684143, 0.43425294756889343, 0.39302635192871094, 0.3214883804321289, 0.28078919649124146], "epochs": 6, "lr": 1e-06}, {"accuracy": [0.8204479768786127, 0.8377890173410405, 0.8504335260115607], "f1_score": [0.7800606907543308, 0.7985909883308713, 0.8151718384377334], "loss": [0.3948843479156494, 0.36308419704437256, 0.34079116582870483], "epochs": 3, "lr": 6e-07}], "val": [{"accuracy": [0.5431818181818182, 0.6806818181818182, 0.6988636363636364, 0.6852272727272727, 0.7159090909090909, 0.7113636363636363], "f1_score": [0.4907884035156764, 0.5486656273019914, 0.507422022422023, 0.5466437602801243, 0.49682373182373224, 0.47321461366915946], "loss": [0.6877912878990173, 0.6185351014137268, 0.5574115514755249, 0.6137392520904541, 0.568383514881134, 0.567534327507019], "epochs": 6, "lr": 1e-06}, {"accuracy": [0.7022727272727273, 0.7215909090909091, 0.7193181818181819], "f1_score": [0.5131213735759195, 0.5359016236288967, 0.5476335280880739], "loss": [0.5669886469841003, 0.5798941254615784, 0.5992657542228699], "epochs": 3, "lr": 6e-07}]}