{"train": [{"accuracy_score": [0.7111315547378105, 0.7868751916590003, 0.8353265869365225, 0.8620055197792088], "f1_score": [0.6893768166003192, 0.7852693949375802, 0.8330597162689075, 0.8572862634588259], "loss": [0.5822005271911621, 0.4646548330783844, 0.3854902386665344, 0.32830578088760376], "epochs": 4, "lr": 1e-06}, {"accuracy_score": [0.7405703771849126, 0.7779822140447715, 0.7911683532658693], "f1_score": [0.7254617820703886, 0.7766377499122052, 0.7907255639831088], "loss": [0.5162727236747742, 0.4707460105419159, 0.44057127833366394], "epochs": 3, "lr": 6e-07}], "val": [{"accuracy_score": [0.6308900523560209, 0.6178010471204188, 0.6204188481675392, 0.6570680628272252], "f1_score": [0.5726696444864054, 0.5942674232504002, 0.578087033355423, 0.6011795178322374], "loss": [0.6349110007286072, 0.7090867161750793, 0.7110747694969177, 0.6962156295776367], "epochs": 4, "lr": 1e-06}, {"accuracy_score": [0.6465968586387435, 0.6230366492146597, 0.6099476439790575], "f1_score": [0.5747680890538034, 0.5940968122786305, 0.589629341235337], "loss": [0.6425438523292542, 0.6931483149528503, 0.7485062479972839], "epochs": 3, "lr": 6e-07}]}