{"train": [{"accuracy": [0.6796626984126983, 0.7623015873015874, 0.8145833333333333, 0.837202380952381, 0.8544642857142857], "f1_score": [0.6067908017908008, 0.7121232339089469, 0.7869756962614076, 0.8109260052117172, 0.8329457843743544], "loss": [0.5981218814849854, 0.48007798194885254, 0.3999815583229065, 0.35476070642471313, 0.32273197174072266], "epochs": 5, "lr": 1e-06}, {"accuracy": [0.7833333333333333, 0.8143849206349206, 0.8375], "f1_score": [0.7604338518624211, 0.7883159829588382, 0.8137637626923323], "loss": [0.44484126567840576, 0.39614352583885193, 0.36564022302627563], "epochs": 3, "lr": 6e-07}], "val": [{"accuracy": [0.75, 0.7708333333333334, 0.6944444444444444, 0.7604166666666666, 0.6666666666666666], "f1_score": [0.5490836324169657, 0.5972277722277723, 0.5097619972619973, 0.602824027824028, 0.47425213675213673], "loss": [0.5478699803352356, 0.5117494463920593, 0.5945370197296143, 0.5352205634117126, 0.6804681420326233], "epochs": 5, "lr": 1e-06}, {"accuracy": [0.6527777777777778, 0.7013888888888888, 0.6979166666666666], "f1_score": [0.4763118054784722, 0.5368608243608244, 0.5145710770710771], "loss": [0.6450064182281494, 0.5709906816482544, 0.5978525876998901], "epochs": 3, "lr": 6e-07}]}