{"train": [{"accuracy": [0.6815476190476191, 0.7614087301587302, 0.8006944444444445, 0.8125, 0.8607142857142858, 0.885218253968254, 0.9056547619047619], "f1_score": [0.6038724635153198, 0.7183345358345334, 0.7653852100280655, 0.7766149723292559, 0.8377098827098801, 0.865498112998112, 0.8856700838843667], "loss": [0.5864945650100708, 0.47567057609558105, 0.4165479242801666, 0.39048969745635986, 0.3193092942237854, 0.2755487859249115, 0.23131825029850006], "epochs": 7, "lr": 1e-06}, {"accuracy": [0.8544642857142857, 0.8681547619047619, 0.8809523809523809], "f1_score": [0.8335839557268105, 0.8448600209314474, 0.864211661354517], "loss": [0.33176296949386597, 0.3068534731864929, 0.2798613905906677], "epochs": 3, "lr": 6e-07}], "val": [{"accuracy": [0.7777777777777778, 0.7430555555555556, 0.7673611111111112, 0.7743055555555556, 0.7048611111111112, 0.7534722222222222, 0.71875], "f1_score": [0.6448113614780281, 0.5862450820784153, 0.599815770649104, 0.6138514263514263, 0.52503885003885, 0.5635995177661844, 0.5482329398996066], "loss": [0.5333689451217651, 0.512941300868988, 0.49911826848983765, 0.490215927362442, 0.5847011804580688, 0.5524993538856506, 0.61531662940979], "epochs": 7, "lr": 1e-06}, {"accuracy": [0.7361111111111112, 0.7152777777777778, 0.71875], "f1_score": [0.5642117142117142, 0.5446932696932696, 0.5445017945017945], "loss": [0.5289336442947388, 0.5922206044197083, 0.5961387753486633], "epochs": 3, "lr": 6e-07}]}