{"train": [{"accuracy_score": [0.5917222027358822, 0.7474570326201333, 0.8130480533146265, 0.8397053665380568, 0.8867064188004209, 0.9140652402665731, 0.9438793405822519], "f1_score": [0.44846793879732594, 0.7356306680376767, 0.8082714702459757, 0.8319622598729863, 0.8849929006729904, 0.9129826461114051, 0.9427466927730502], "loss": [0.6467880010604858, 0.5285370945930481, 0.42482075095176697, 0.3578062057495117, 0.27612975239753723, 0.22231504321098328, 0.1514618843793869], "epochs": 7, "lr": 1e-06}, {"accuracy_score": [0.881445106980007, 0.9035426166257453, 0.9203788144510698], "f1_score": [0.8789289986028888, 0.9010102566012628, 0.9183630091566102], "loss": [0.2917339503765106, 0.25267064571380615, 0.21166366338729858], "epochs": 3, "lr": 6e-07}], "val": [{"accuracy_score": [0.5833333333333334, 0.7247474747474747, 0.7462121212121212, 0.7676767676767676, 0.7537878787878788, 0.7310606060606061, 0.7537878787878788], "f1_score": [0.4499583301765284, 0.7180574153303505, 0.7444911153234388, 0.761838767879089, 0.7533596837944664, 0.7309641027113145, 0.7532493469351889], "loss": [0.656008243560791, 0.5662930607795715, 0.508091926574707, 0.4800052344799042, 0.5251484513282776, 0.5769052505493164, 0.566503643989563], "epochs": 7, "lr": 1e-06}, {"accuracy_score": [0.7525252525252525, 0.7563131313131313, 0.7676767676767676], "f1_score": [0.7515349796083002, 0.754108091673785, 0.7654013329469718], "loss": [0.5103052258491516, 0.5104199051856995, 0.5108057260513306], "epochs": 3, "lr": 6e-07}]}