{"train": [{"accuracy": [0.6885838150289018, 0.7583092485549133, 0.81876204238921, 0.8547687861271677, 0.8769267822736031, 0.8835500963391136, 0.9165462427745664, 0.9432803468208093, 0.9591763005780347], "f1_score": [0.5871430432124071, 0.6755428579127989, 0.7733080503311703, 0.8244353109960034, 0.8465255361209099, 0.8643114752941328, 0.8981173771636183, 0.9294971887457427, 0.9484827632226467], "loss": [0.6134320497512817, 0.49639421701431274, 0.41236209869384766, 0.3536148965358734, 0.3021690249443054, 0.2903813123703003, 0.21583975851535797, 0.16803981363773346, 0.1329798847436905], "epochs": 9, "lr": 1e-06}, {"accuracy": [0.9119701348747592, 0.9344894026974951, 0.9497832369942196], "f1_score": [0.8926945726078661, 0.9218824688477857, 0.93695796817184], "loss": [0.22694963216781616, 0.18550260365009308, 0.1620052009820938], "epochs": 3, "lr": 6e-07}], "val": [{"accuracy": [0.5988636363636364, 0.6488636363636363, 0.6977272727272728, 0.7068181818181818, 0.7147727272727272, 0.7306818181818182, 0.7136363636363636, 0.7215909090909091, 0.7238636363636364], "f1_score": [0.5177150122604668, 0.5498894035257675, 0.5298226520953797, 0.5116005206914301, 0.524331577513396, 0.4978472033017492, 0.5397281001826459, 0.5261003138275868, 0.5086353545444458], "loss": [0.6556441783905029, 0.6633998155593872, 0.6174470782279968, 0.6052595376968384, 0.5806614756584167, 0.5492553114891052, 0.6480351090431213, 0.6799222826957703, 0.6974197030067444], "epochs": 9, "lr": 1e-06}, {"accuracy": [0.7238636363636364, 0.725, 0.7147727272727272], "f1_score": [0.5580356512174697, 0.5235527603709426, 0.520427804518714], "loss": [0.6755055785179138, 0.6320944428443909, 0.6779588460922241], "epochs": 3, "lr": 6e-07}]}