{"train": [{"accuracy_score": [0.6511038726022439, 0.7466521896489323, 0.8121606948968513, 0.8476293883460008, 0.8657256605139342, 0.9145855953673543, 0.9388346000723851], "f1_score": [0.5489318781007915, 0.7247744804284075, 0.8065143019826928, 0.8424706964317854, 0.8573368651890416, 0.9108855846498661, 0.9364427559861181], "loss": [0.6265704035758972, 0.5113083720207214, 0.4386085867881775, 0.3662545382976532, 0.309826523065567, 0.23641742765903473, 0.18211133778095245], "epochs": 7, "lr": 1e-06}, {"accuracy_score": [0.8715164676076729, 0.8838219326818675, 0.8986608758595729], "f1_score": [0.8665697656623559, 0.8780319496023318, 0.8939048352538088], "loss": [0.3226582407951355, 0.2908032238483429, 0.26000335812568665], "epochs": 3, "lr": 6e-07}], "val": [{"accuracy_score": [0.5488636363636363, 0.6727272727272727, 0.7068181818181818, 0.7170454545454545, 0.7034090909090909, 0.7261363636363637, 0.7204545454545455], "f1_score": [0.4776120518859108, 0.6642289348171702, 0.7064770523594053, 0.7162360089666935, 0.697100377041981, 0.7235572066347313, 0.7188732072453002], "loss": [0.6715099215507507, 0.585818350315094, 0.5389821529388428, 0.5283100008964539, 0.5940965414047241, 0.5845248103141785, 0.6254724860191345], "epochs": 7, "lr": 1e-06}, {"accuracy_score": [0.7272727272727273, 0.7113636363636363, 0.7125], "f1_score": [0.7259989621172807, 0.7081740510956529, 0.7088146858680171], "loss": [0.5472826957702637, 0.5783500075340271, 0.6039507985115051], "epochs": 3, "lr": 6e-07}]}