{"train": [{"accuracy": [0.8015075376884422, 0.8391959798994975, 0.8498743718592965, 0.8448492462311558, 0.871859296482412, 0.8561557788944724, 0.8932160804020101, 0.9045226130653267, 0.9120603015075377, 0.9020100502512562], "f1_score": [0.5342915041407511, 0.6676844093929528, 0.7223074803476814, 0.7364926530755678, 0.7793477600010266, 0.7657073245012943, 0.8182875192925441, 0.8445879079044907, 0.8439294095072992, 0.8299658465487607], "loss": [0.5179271697998047, 0.4228922426700592, 0.3632432520389557, 0.3413955867290497, 0.29608258605003357, 0.2868120074272156, 0.24237574636936188, 0.2173948734998703, 0.19966153800487518, 0.188100665807724], "epochs": 10, "lr": 1e-06}, {"accuracy": [0.8932160804020101, 0.9051507537688442, 0.9038944723618091], "f1_score": [0.8249435656470829, 0.832209303817344, 0.827760737308476], "loss": [0.23194123804569244, 0.2162632793188095, 0.20716619491577148], "epochs": 3, "lr": 6e-07}], "val": [{"accuracy": [0.7469135802469137, 0.7191358024691359, 0.7654320987654322, 0.757716049382716, 0.7993827160493827, 0.7916666666666666, 0.7916666666666666, 0.8040123456790123, 0.7993827160493827, 0.7777777777777778], "f1_score": [0.46197259530592877, 0.6074830519274964, 0.6690330245885803, 0.6762406317961874, 0.7260373371484484, 0.7277825055602833, 0.7227213116102006, 0.732675143786255, 0.7283971172860062, 0.7104613493502383], "loss": [0.6061576008796692, 0.5593053102493286, 0.5325571894645691, 0.5318434238433838, 0.49574369192123413, 0.5059704780578613, 0.4932277798652649, 0.5021291971206665, 0.5100191831588745, 0.5391661524772644], "epochs": 10, "lr": 1e-06}, {"accuracy": [0.7870370370370371, 0.7993827160493827, 0.8009259259259259], "f1_score": [0.7184432851099517, 0.7283971172860062, 0.732394765728099], "loss": [0.5141928791999817, 0.5052457451820374, 0.5078638792037964], "epochs": 3, "lr": 6e-07}]}