{"train": [{"accuracy_score": [0.762248743718593, 0.8040201005025126, 0.8385678391959799, 0.8608668341708543, 0.8875628140703518, 0.9016959798994975, 0.9142587939698492, 0.9261934673366834, 0.929962311557789], "f1_score": [0.7618578401901352, 0.8028432106091488, 0.8374841712067697, 0.8600244699557311, 0.8867725561482454, 0.9009571535378188, 0.9137226292586842, 0.9257610548550042, 0.9295030176809385], "loss": [0.5091355443000793, 0.428905725479126, 0.37196633219718933, 0.3294285237789154, 0.29702654480934143, 0.27014076709747314, 0.24282723665237427, 0.2175310254096985, 0.19733035564422607], "epochs": 9, "lr": 1e-06}, {"accuracy_score": [0.9076633165829145, 0.9155150753768844, 0.9217964824120602], "f1_score": [0.9070434753595142, 0.9149696842923305, 0.9213074530601184], "loss": [0.25290077924728394, 0.23761923611164093, 0.22802439332008362], "epochs": 3, "lr": 6e-07}], "val": [{"accuracy_score": [0.7102803738317757, 0.7289719626168224, 0.7546728971962616, 0.764018691588785, 0.7780373831775701, 0.780373831775701, 0.7897196261682243, 0.794392523364486, 0.7967289719626168], "f1_score": [0.7098749234671564, 0.7268185319687466, 0.7521713954834973, 0.7624299979665748, 0.776543067394303, 0.7788089373680507, 0.7886813982576639, 0.7935087719298246, 0.7959168014030857], "loss": [0.5917225480079651, 0.5536538362503052, 0.5189324021339417, 0.49140822887420654, 0.4765070378780365, 0.46559497714042664, 0.47744497656822205, 0.47846856713294983, 0.49266666173934937], "epochs": 9, "lr": 1e-06}, {"accuracy_score": [0.7780373831775701, 0.7897196261682243, 0.7827102803738317], "f1_score": [0.7767099590872896, 0.7888157894736842, 0.7810741687979539], "loss": [0.4728200435638428, 0.4753308594226837, 0.48186346888542175], "epochs": 3, "lr": 6e-07}]}