{"train": [{"accuracy_score": [0.7451048951048951, 0.7800699300699301, 0.8167832167832167, 0.8374125874125874, 0.8534965034965035, 0.8702797202797202, 0.8933566433566433, 0.906993006993007, 0.9195804195804196, 0.9321678321678322, 0.9416083916083916], "f1_score": [0.4407508799374267, 0.6113222563424907, 0.7758136924803591, 0.7997822038718831, 0.8188372203402552, 0.8477747265144043, 0.8812839924709601, 0.8981453842463152, 0.9139507607887489, 0.9252747833439019, 0.9391429690560126], "loss": [0.5494240522384644, 0.47344186902046204, 0.42810145020484924, 0.3726719617843628, 0.3352305591106415, 0.30247464776039124, 0.27445337176322937, 0.24399156868457794, 0.22230365872383118, 0.19791322946548462, 0.1769559681415558], "epochs": 11, "lr": 1e-06}, {"accuracy_score": [0.9118881118881119, 0.9216783216783216, 0.9314685314685315], "f1_score": [0.9020157351288327, 0.9132380686481045, 0.9247417230968036], "loss": [0.22898903489112854, 0.2162557691335678, 0.20150840282440186], "epochs": 3, "lr": 6e-07}], "val": [{"accuracy_score": [0.7980535279805353, 0.8090024330900243, 0.8442822384428224, 0.8454987834549879, 0.8503649635036497, 0.8613138686131386, 0.8613138686131386, 0.8625304136253041, 0.8673965936739659, 0.8698296836982968, 0.8698296836982968], "f1_score": [0.45126835781041386, 0.5392502985307097, 0.7649932157394843, 0.7565951489390412, 0.7526036584284016, 0.780556866446437, 0.7870099667774086, 0.7977367346610729, 0.7924094991834513, 0.8053276654867842, 0.8029599960924143], "loss": [0.5126933455467224, 0.4353497326374054, 0.39729055762290955, 0.3575027883052826, 0.3391982614994049, 0.3279041051864624, 0.3247358500957489, 0.3216528594493866, 0.32208898663520813, 0.3239465057849884, 0.32629311084747314], "epochs": 11, "lr": 1e-06}, {"accuracy_score": [0.8698296836982968, 0.8673965936739659, 0.8686131386861314], "f1_score": [0.8003462883270576, 0.7975985273198896, 0.8049458409973431], "loss": [0.32203418016433716, 0.3216193616390228, 0.32168594002723694], "epochs": 3, "lr": 6e-07}]}