{"train": [{"accuracy": [0.7959310589907606, 0.8296019900497512, 0.8388415067519546, 0.8587420042643923, 0.8731343283582089, 0.8868159203980099, 0.8922352523098792, 0.8731343283582089], "f1_score": [0.5138377377183356, 0.6482814863411884, 0.7076440971963366, 0.7428792324314712, 0.7754076769002143, 0.7999471783053878, 0.8075431478416557, 0.8051265207981623], "loss": [0.527468740940094, 0.4426249563694, 0.3829411566257477, 0.33429256081581116, 0.31008991599082947, 0.2813081741333008, 0.26060113310813904, 0.2593128979206085], "epochs": 8, "lr": 1e-06}, {"accuracy": [0.8780206112295664, 0.8749111584932481, 0.8898365316275765], "f1_score": [0.7886048169630256, 0.7961352356874746, 0.8074048118824239], "loss": [0.29155346751213074, 0.2820607125759125, 0.264512836933136], "epochs": 3, "lr": 6e-07}], "val": [{"accuracy": [0.7885714285714286, 0.855, 0.85, 0.855, 0.8342857142857143, 0.8542857142857143, 0.8392857142857143, 0.812857142857143], "f1_score": [0.5183516483516485, 0.7387892107892108, 0.7476780996780998, 0.7686828726828729, 0.7449439449439452, 0.7917486957486958, 0.7675435675435678, 0.7469978909978912], "loss": [0.5559640526771545, 0.4319325089454651, 0.37284553050994873, 0.3470764756202698, 0.34528666734695435, 0.34551966190338135, 0.3443834185600281, 0.3741113841533661], "epochs": 8, "lr": 1e-06}, {"accuracy": [0.8442857142857143, 0.8285714285714286, 0.8435714285714286], "f1_score": [0.7622102342102341, 0.7524788544788545, 0.7804153624153624], "loss": [0.3453710675239563, 0.35767632722854614, 0.3483657240867615], "epochs": 3, "lr": 6e-07}]}