{"train": [{"accuracy": [0.7995810055865922, 0.8435754189944135, 0.8421787709497207, 0.8596368715083799, 0.8575418994413407, 0.8910614525139665, 0.8889664804469274, 0.9071229050279329], "f1_score": [0.5083717027851113, 0.6968209630220809, 0.7131209262494188, 0.7728874477477834, 0.7696298735404884, 0.8071997524511494, 0.807704492900024, 0.8313706777393928], "loss": [0.5288804769515991, 0.42705193161964417, 0.37043046951293945, 0.3304097354412079, 0.31172212958335876, 0.26734453439712524, 0.2564655840396881, 0.2233576625585556], "epochs": 8, "lr": 1e-06}, {"accuracy": [0.8798882681564246, 0.8791899441340782, 0.8910614525139665, 0.9001396648044693, 0.8896648044692738], "f1_score": [0.7868803759865218, 0.8074220627293256, 0.8105344066237922, 0.8369182028399907, 0.8159043315467899], "loss": [0.28613176941871643, 0.2766025960445404, 0.25497519969940186, 0.24130134284496307, 0.24652479588985443], "epochs": 5, "lr": 6e-07}], "val": [{"accuracy": [0.7792553191489362, 0.8085106382978723, 0.8271276595744681, 0.8377659574468085, 0.8085106382978723, 0.8457446808510638, 0.8085106382978723, 0.8164893617021277], "f1_score": [0.48827059465357325, 0.5866714845438247, 0.645752828731552, 0.6840492840492839, 0.6507279954088462, 0.7061364167747145, 0.6507279954088462, 0.6545171140915819], "loss": [0.5603894591331482, 0.4929702579975128, 0.440980464220047, 0.4201492965221405, 0.41020023822784424, 0.4402134120464325, 0.41143208742141724, 0.4446559250354767], "epochs": 8, "lr": 1e-06}, {"accuracy": [0.8138297872340425, 0.8058510638297872, 0.8164893617021277, 0.824468085106383, 0.8138297872340425], "f1_score": [0.664507124081592, 0.6476332178459836, 0.6695545589162609, 0.675574071318752, 0.662215562215562], "loss": [0.41023585200309753, 0.40703868865966797, 0.4213648736476898, 0.42399847507476807, 0.415676474571228], "epochs": 5, "lr": 6e-07}]}