{"train": [{"accuracy": [0.7881750465549349, 0.8063314711359405, 0.8184357541899442, 0.8261173184357542, 0.8405493482309125, 0.8582402234636871, 0.8635940409683427, 0.8614990689013036, 0.8729050279329609, 0.8796554934823092, 0.8847765363128491, 0.8973463687150838], "f1_score": [0.5151329117809572, 0.5742246580235415, 0.652807806718422, 0.695319795040466, 0.7315968947253869, 0.7451399624583988, 0.7731888533564516, 0.7835398927577699, 0.7872489397629067, 0.8045286805063344, 0.8048177148735812, 0.8168893800178719], "loss": [0.5676382184028625, 0.504771888256073, 0.4524977207183838, 0.4183260202407837, 0.3877841830253601, 0.36468055844306946, 0.3459615111351013, 0.3209253251552582, 0.2970384955406189, 0.2806874215602875, 0.26575997471809387, 0.2501377761363983], "epochs": 12, "lr": 1e-06}, {"accuracy": [0.8733705772811918, 0.8859404096834265, 0.8873370577281192], "f1_score": [0.7930030242879408, 0.8000225100783764, 0.8051830850713537], "loss": [0.2927800416946411, 0.2913019061088562, 0.2737515866756439], "epochs": 3, "lr": 6e-07}], "val": [{"accuracy": [0.8245192307692307, 0.8269230769230769, 0.8509615384615384, 0.8629807692307693, 0.8605769230769231, 0.8581730769230769, 0.8605769230769231, 0.8725961538461539, 0.8701923076923077, 0.8725961538461539, 0.8701923076923077, 0.8846153846153846], "f1_score": [0.535812905043674, 0.535409462332539, 0.6520543559005093, 0.7001847511462896, 0.6839561079945694, 0.6965422398114706, 0.693710456210456, 0.7497271958810422, 0.7363713209867058, 0.7487781449319912, 0.7448333717564488, 0.7465969927508389], "loss": [0.5384446978569031, 0.4692893922328949, 0.40919801592826843, 0.38315826654434204, 0.3638077676296234, 0.35724616050720215, 0.3456737697124481, 0.33740293979644775, 0.33036887645721436, 0.3320774734020233, 0.3362956941127777, 0.33561956882476807], "epochs": 12, "lr": 1e-06}, {"accuracy": [0.8629807692307693, 0.8774038461538461, 0.8846153846153846], "f1_score": [0.7476529880376035, 0.719731870693409, 0.7329456867918405], "loss": [0.33534863591194153, 0.3377703130245209, 0.3336683213710785], "epochs": 3, "lr": 6e-07}]}