{"train": [{"accuracy_score": [0.7451048951048951, 0.7762237762237763, 0.8076923076923077, 0.8458041958041959, 0.8688811188811189, 0.8877622377622377, 0.8968531468531469, 0.9174825174825175, 0.9255244755244755, 0.9395104895104895, 0.943006993006993], "f1_score": [0.7446325671314161, 0.7745830574734386, 0.8061876054694276, 0.84414602274307, 0.8677108199227874, 0.8866681998790467, 0.8960525215056208, 0.9168674692859441, 0.925000729457103, 0.9391063308222911, 0.9426129181130485], "loss": [0.5532256960868835, 0.480967253446579, 0.41314056515693665, 0.3605639934539795, 0.3244669437408447, 0.2900858521461487, 0.2581949830055237, 0.23569706082344055, 0.21447406709194183, 0.18595446646213531, 0.1733633279800415], "epochs": 11, "lr": 1e-06}, {"accuracy_score": [0.9251748251748252, 0.9304195804195804, 0.9342657342657342], "f1_score": [0.9245893592190135, 0.92991362285638, 0.9338526896149904], "loss": [0.21389420330524445, 0.2009878158569336, 0.19721131026744843], "epochs": 3, "lr": 6e-07}], "val": [{"accuracy_score": [0.7980535279805353, 0.805352798053528, 0.8272506082725061, 0.8418491484184915, 0.8625304136253041, 0.8588807785888077, 0.8637469586374696, 0.8576642335766423, 0.8661800486618005, 0.8686131386861314, 0.8661800486618005], "f1_score": [0.7979339063268196, 0.8051266854348792, 0.8265018550228311, 0.8403368375756779, 0.8613763862585235, 0.8578499189008684, 0.8630171228596426, 0.8565943430409323, 0.8653638838097167, 0.8680004995925942, 0.8654143843772326], "loss": [0.5145329833030701, 0.44522911310195923, 0.38601842522621155, 0.3523571193218231, 0.33479923009872437, 0.3266177773475647, 0.32122570276260376, 0.3187319338321686, 0.32280096411705017, 0.3230322301387787, 0.3239092528820038], "epochs": 11, "lr": 1e-06}, {"accuracy_score": [0.8600973236009732, 0.8637469586374696, 0.864963503649635], "f1_score": [0.8591616445295331, 0.8630171228596426, 0.8641656059489515], "loss": [0.31951719522476196, 0.32026731967926025, 0.32279518246650696], "epochs": 3, "lr": 6e-07}]}