{"train": [{"accuracy_score": [0.7682160804020101, 0.8134422110552764, 0.8310301507537688, 0.8536432160804021, 0.8768844221105527, 0.8938442211055276, 0.9042085427135679, 0.9205402010050251], "f1_score": [0.49220716212217985, 0.6958347106504044, 0.747132281073887, 0.7979628390347597, 0.8529026835778426, 0.8754631083202511, 0.8879136251332959, 0.9084955540067211], "loss": [0.510703980922699, 0.4290253818035126, 0.3788738548755646, 0.33522018790245056, 0.3035159111022949, 0.27885913848876953, 0.24234269559383392, 0.2194288671016693], "epochs": 8, "lr": 1e-06}, {"accuracy_score": [0.8828517587939698, 0.8815954773869347, 0.9048366834170855], "f1_score": [0.8567496186334556, 0.8517330986210654, 0.8896399763918945], "loss": [0.2839204668998718, 0.27432000637054443, 0.25696438550949097], "epochs": 3, "lr": 6e-07}], "val": [{"accuracy_score": [0.719626168224299, 0.7289719626168224, 0.7593457943925234, 0.7827102803738317, 0.780373831775701, 0.7827102803738317, 0.794392523364486, 0.7827102803738317], "f1_score": [0.4818615406850701, 0.6464286636206407, 0.7044397780110994, 0.7532922387223311, 0.7586588714678005, 0.7600749160423663, 0.7659352142110762, 0.7557283142389526], "loss": [0.5689390301704407, 0.5392791032791138, 0.5112206339836121, 0.49121877551078796, 0.4807848036289215, 0.4864828884601593, 0.4917955696582794, 0.5074924826622009], "epochs": 8, "lr": 1e-06}, {"accuracy_score": [0.7920560747663551, 0.794392523364486, 0.7850467289719626], "f1_score": [0.7674434419912046, 0.7582621082621082, 0.7565989565989566], "loss": [0.48458021879196167, 0.49471917748451233, 0.49150028824806213], "epochs": 3, "lr": 6e-07}]}