{"train": [{"accuracy_score": [0.7622549019607843, 0.8081232492997199, 0.8357843137254902, 0.8539915966386554, 0.8746498599439776, 0.8925070028011205, 0.9023109243697479, 0.9226190476190477], "f1_score": [0.7618131162557957, 0.8064947827002957, 0.834485458362799, 0.8529444704089753, 0.873650493931208, 0.891811440723715, 0.901667638483965, 0.9221943698484323], "loss": [0.5225188136100769, 0.4355294406414032, 0.37937265634536743, 0.3335479199886322, 0.3126283884048462, 0.27526476979255676, 0.24952569603919983, 0.22590138018131256], "epochs": 8, "lr": 1e-06}, {"accuracy_score": [0.8795518207282913, 0.8921568627450981, 0.8995098039215687], "f1_score": [0.8787095257683493, 0.8914651552570639, 0.898859555334548], "loss": [0.28837642073631287, 0.2728988528251648, 0.25691404938697815], "epochs": 3, "lr": 6e-07}], "val": [{"accuracy_score": [0.7393617021276596, 0.7686170212765957, 0.7898936170212766, 0.7952127659574468, 0.8018617021276596, 0.8071808510638298, 0.8045212765957447, 0.8098404255319149], "f1_score": [0.7388888888888889, 0.7675053304904051, 0.7885475098949286, 0.7939007374925253, 0.8001794048253834, 0.8058179810697463, 0.8033916994957804, 0.8085808933342589], "loss": [0.5554684400558472, 0.49393078684806824, 0.45942047238349915, 0.4473094642162323, 0.418253630399704, 0.41859057545661926, 0.45079466700553894, 0.4416021406650543], "epochs": 8, "lr": 1e-06}, {"accuracy_score": [0.8058510638297872, 0.8071808510638298, 0.8031914893617021], "f1_score": [0.804607192687719, 0.8059037030312416, 0.801844532279315], "loss": [0.4364396333694458, 0.4419364035129547, 0.43925532698631287], "epochs": 3, "lr": 6e-07}]}