{"train": [{"accuracy": [0.7959310589907606, 0.8176083866382374, 0.8288912579957356, 0.8505685856432126, 0.8625621890547264, 0.8768656716417911, 0.8843283582089553, 0.8842395167022032, 0.8942786069651741, 0.9092039800995025], "f1_score": [0.5023573441483898, 0.6024172345067875, 0.6829922979176717, 0.7334554886793693, 0.7615601369332713, 0.7816375995480476, 0.7914763787898117, 0.8031350352245874, 0.8197035689573, 0.8493672993672996], "loss": [0.5406450629234314, 0.4718937873840332, 0.4083348512649536, 0.3627678155899048, 0.33617103099823, 0.299354612827301, 0.27920618653297424, 0.26421788334846497, 0.24030518531799316, 0.21766574680805206], "epochs": 10, "lr": 1e-06}, {"accuracy": [0.8824626865671642, 0.8935678749111585, 0.902363184079602], "f1_score": [0.8052637798906451, 0.8153328705567509, 0.8336286433301356], "loss": [0.2725701928138733, 0.256108820438385, 0.24057528376579285], "epochs": 3, "lr": 6e-07}], "val": [{"accuracy": [0.7885714285714286, 0.8392857142857143, 0.845, 0.82, 0.82, 0.8492857142857143, 0.8542857142857143, 0.8392857142857143, 0.8292857142857143, 0.8235714285714286], "f1_score": [0.5183516483516485, 0.6664135864135865, 0.7563920523920525, 0.7302528582528584, 0.7390067710067711, 0.7560688200688201, 0.7836012876012876, 0.7702910422910424, 0.7564986124986126, 0.7577597957597958], "loss": [0.5673264265060425, 0.46733400225639343, 0.3968823552131653, 0.38329070806503296, 0.3808162212371826, 0.3277566730976105, 0.31784674525260925, 0.3528367877006531, 0.34056755900382996, 0.33742451667785645], "epochs": 10, "lr": 1e-06}, {"accuracy": [0.8442857142857143, 0.8442857142857143, 0.8342857142857143], "f1_score": [0.7754192474192476, 0.7911652791652791, 0.7780628260628261], "loss": [0.3502311110496521, 0.34080812335014343, 0.32588672637939453], "epochs": 3, "lr": 6e-07}]}