{"train": [{"accuracy_score": [0.7576228998133168, 0.7971375233354075, 0.8294959551960174, 0.8534536403235843, 0.8702551337896702, 0.8929682638456752, 0.9072806471686372, 0.917548226509023, 0.925326695706285, 0.9349719975108899], "f1_score": [0.44317394317394315, 0.6806019017080602, 0.7573861676799758, 0.8118426042352753, 0.8437889089015795, 0.8682854406971738, 0.8875865127289817, 0.8955456870474332, 0.9102714181314153, 0.923091522731087], "loss": [0.5366412997245789, 0.4575886130332947, 0.3944224715232849, 0.34794825315475464, 0.3228110671043396, 0.2850341796875, 0.25385773181915283, 0.23238353431224823, 0.210452601313591, 0.1908375322818756], "epochs": 10, "lr": 1e-06}, {"accuracy_score": [0.9051026757934039, 0.9191039203484754, 0.9215930304915992], "f1_score": [0.8795415731919652, 0.9047846177298302, 0.9045376019063949], "loss": [0.24464553594589233, 0.2278539538383484, 0.22004209458827972], "epochs": 3, "lr": 6e-07}], "val": [{"accuracy_score": [0.7386934673366834, 0.8316582914572864, 0.8417085427135679, 0.8467336683417085, 0.8366834170854272, 0.8567839195979899, 0.8567839195979899, 0.8567839195979899, 0.8442211055276382, 0.8291457286432161], "f1_score": [0.44101123595505615, 0.7878787878787878, 0.8139908256880735, 0.8252264170143482, 0.8246895181321411, 0.8418568056648308, 0.8406241592682271, 0.8376783079193311, 0.8309990662931839, 0.8030453492221118], "loss": [0.5391689538955688, 0.44470149278640747, 0.40237724781036377, 0.3826884925365448, 0.38960057497024536, 0.3566354811191559, 0.35226431488990784, 0.352763831615448, 0.36202073097229004, 0.3845934569835663], "epochs": 10, "lr": 1e-06}, {"accuracy_score": [0.8341708542713567, 0.8417085427135679, 0.8442211055276382], "f1_score": [0.7920879120879121, 0.8329190616746932, 0.8184210526315789], "loss": [0.3657192289829254, 0.3633577823638916, 0.3662816286087036], "epochs": 3, "lr": 6e-07}]}