{"train": [{"accuracy_score": [0.748512888301388, 0.790482485128883, 0.7994051553205552, 0.8179114342366159, 0.8218770654329147, 0.841044282881692, 0.8608724388631858, 0.8717779246530073, 0.8721083939193655, 0.9038334434897555, 0.9144084600132187, 0.9203569068076669, 0.9296100462656973, 0.9431592861863847, 0.949438202247191, 0.9540647719762062, 0.9563780568407139], "f1_score": [0.7481101308406717, 0.7892436348520222, 0.7985686698613643, 0.8168625919695613, 0.8208867927491291, 0.8400962297032635, 0.8598456806931443, 0.8707022741038489, 0.8712365202714776, 0.9032795177189517, 0.9138620852999831, 0.9198981572861422, 0.9291531736792462, 0.9428460989403173, 0.9491154403509552, 0.9537151388163991, 0.9560331857910288], "loss": [0.5509762167930603, 0.4824043810367584, 0.44580739736557007, 0.41321852803230286, 0.39265304803848267, 0.35746222734451294, 0.33936843276023865, 0.3066685199737549, 0.28984108567237854, 0.2578704357147217, 0.23446118831634521, 0.21526473760604858, 0.19474254548549652, 0.1802598237991333, 0.16528065502643585, 0.152371346950531, 0.14295253157615662], "epochs": 17, "lr": 1e-06}, {"accuracy_score": [0.9464639788499669, 0.9471249173826835, 0.9537343027098479], "f1_score": [0.9460960509231402, 0.9467788777571853, 0.953431518037537], "loss": [0.16669417917728424, 0.16268068552017212, 0.15253125131130219], "epochs": 3, "lr": 6e-07}], "val": [{"accuracy_score": [0.7957317073170732, 0.8064024390243902, 0.8094512195121951, 0.8170731707317073, 0.8185975609756098, 0.836890243902439, 0.8475609756097561, 0.8551829268292683, 0.8582317073170732, 0.8582317073170732, 0.8673780487804879, 0.8719512195121951, 0.875, 0.875, 0.8826219512195121, 0.8780487804878049, 0.875], "f1_score": [0.7955017075644641, 0.8059112818493781, 0.8089677970958445, 0.8165804557528311, 0.8180186354661314, 0.836311696186001, 0.8468720821661998, 0.8543023133482179, 0.8577792697340356, 0.8576199511303727, 0.866857962697274, 0.8715201029629838, 0.8744855006859991, 0.8743823268413433, 0.8821616451458631, 0.8773923444976077, 0.8743271531100478], "loss": [0.521591067314148, 0.46935904026031494, 0.4354642629623413, 0.40333127975463867, 0.39151662588119507, 0.3632248342037201, 0.3436235189437866, 0.3317129611968994, 0.3327338397502899, 0.31686902046203613, 0.3114021122455597, 0.3123083710670471, 0.31052395701408386, 0.30890023708343506, 0.31127747893333435, 0.3226848840713501, 0.32868242263793945], "epochs": 17, "lr": 1e-06}, {"accuracy_score": [0.8810975609756098, 0.8780487804878049, 0.8765243902439024], "f1_score": [0.8805602240896359, 0.8774461725281397, 0.8759406132459826], "loss": [0.31175604462623596, 0.31354546546936035, 0.3179420232772827], "epochs": 3, "lr": 6e-07}]}