{"train": [{"accuracy": [0.7211055276381909, 0.7543969849246231, 0.7832914572864321, 0.8077889447236181, 0.8253768844221105, 0.839824120603015, 0.8567839195979899, 0.8611809045226131, 0.864321608040201], "f1_score": [0.46743326466944635, 0.6783798418220532, 0.7201982830123534, 0.7851949697427083, 0.8147235511557118, 0.8293934708507575, 0.8557576566370535, 0.8394065454366962, 0.8419667713637564], "loss": [0.5002235770225525, 0.40655845403671265, 0.35617271065711975, 0.3158799111843109, 0.28936320543289185, 0.2615438401699066, 0.24652303755283356, 0.2315388321876526, 0.21845318377017975], "epochs": 9, "lr": 1e-06}, {"accuracy": [0.8467336683417085, 0.8599246231155779, 0.8630653266331658], "f1_score": [0.8342705033659809, 0.8493252978177602, 0.841654799695001], "loss": [0.24900108575820923, 0.23653572797775269, 0.225981205701828], "epochs": 3, "lr": 6e-07}], "val": [{"accuracy": [0.6589506172839507, 0.66820987654321, 0.6774691358024691, 0.7052469135802469, 0.7098765432098766, 0.7098765432098766, 0.7098765432098766, 0.7330246913580247, 0.7376543209876544], "f1_score": [0.48110839777506453, 0.6491441685886129, 0.6593515537959982, 0.7354122215233324, 0.7506826506826506, 0.7629388101610323, 0.7562403645736979, 0.7250189111300221, 0.7299945938834826], "loss": [0.6032847166061401, 0.5655835270881653, 0.5274795293807983, 0.5116938352584839, 0.5025550723075867, 0.4972226321697235, 0.5116819143295288, 0.5350745916366577, 0.5364860892295837], "epochs": 9, "lr": 1e-06}, {"accuracy": [0.7330246913580247, 0.7283950617283951, 0.7283950617283951], "f1_score": [0.7678051372495815, 0.7597419041863487, 0.7597419041863487], "loss": [0.502227783203125, 0.5045059323310852, 0.5040062069892883], "epochs": 3, "lr": 6e-07}]}