{"train": [{"accuracy_score": [0.7576228998133168, 0.7874922215308028, 0.8123833229620411, 0.8388301182327318, 0.8500311138767891, 0.8742999377722465, 0.8914125700062228, 0.9038581207218419, 0.9191039203484754, 0.9234598630989421], "f1_score": [0.7572673940903765, 0.7867548079842046, 0.8115712025201076, 0.8377519405228574, 0.8487482157118895, 0.8733247273828442, 0.8907028013542225, 0.9032869218146213, 0.9186426711031354, 0.9230995479602186], "loss": [0.5302786231040955, 0.454202800989151, 0.40017104148864746, 0.35792818665504456, 0.3327808678150177, 0.30045899748802185, 0.2747800648212433, 0.25030839443206787, 0.22645261883735657, 0.22041404247283936], "epochs": 10, "lr": 1e-06}, {"accuracy_score": [0.8976353453640323, 0.9072806471686372, 0.9156813939016801], "f1_score": [0.896945284142967, 0.9067694121531542, 0.9152125420107227], "loss": [0.2596229314804077, 0.2499760240316391, 0.23312987387180328], "epochs": 3, "lr": 6e-07}], "val": [{"accuracy_score": [0.7386934673366834, 0.7487437185929648, 0.8366834170854272, 0.8542713567839196, 0.8567839195979899, 0.8592964824120602, 0.8618090452261307, 0.8542713567839196, 0.8567839195979899, 0.8366834170854272], "f1_score": [0.7380319485582643, 0.7478267481055326, 0.8347545591006356, 0.8527843677457208, 0.8550924595190189, 0.8575555385126672, 0.8606043238768428, 0.853069226264735, 0.8552477938783714, 0.8354105828386744], "loss": [0.5487172603607178, 0.4652946889400482, 0.40027686953544617, 0.36692240834236145, 0.3554637134075165, 0.34458285570144653, 0.3407825231552124, 0.34702545404434204, 0.3421178162097931, 0.360309898853302], "epochs": 10, "lr": 1e-06}, {"accuracy_score": [0.8542713567839196, 0.8492462311557789, 0.8417085427135679], "f1_score": [0.8527843677457208, 0.8477079666335042, 0.8400107195497789], "loss": [0.34047412872314453, 0.3409670293331146, 0.3472994863986969], "epochs": 3, "lr": 6e-07}]}