{"train": [{"accuracy": [0.7194385216773277, 0.7093994314143568, 0.7310767590618338, 0.7659026297085999, 0.7939765458422176, 0.8096126510305615, 0.8326226012793178, 0.8493248045486852, 0.8605188343994314, 0.8731343283582089, 0.8840618336886994, 0.8936567164179104, 0.8998756218905473], "f1_score": [0.4393245229066131, 0.5978471362799725, 0.7028660670451714, 0.7108499157006618, 0.7702751090810791, 0.7811646203437245, 0.8180514896932808, 0.8489168653347753, 0.8494816957503524, 0.8522400761206739, 0.8583101806982405, 0.8768491320730132, 0.8914971153777124], "loss": [0.5434388518333435, 0.4760992228984833, 0.4109046757221222, 0.36870500445365906, 0.32837435603141785, 0.298600435256958, 0.27851563692092896, 0.25776541233062744, 0.23920938372612, 0.2167455106973648, 0.2010396122932434, 0.1836700588464737, 0.17022493481636047], "epochs": 13, "lr": 1e-06}, {"accuracy": [0.8773098791755508, 0.8818407960199005, 0.8941897654584222], "f1_score": [0.8524937610758508, 0.8642887792141526, 0.872959240869689], "loss": [0.2038096934556961, 0.20189204812049866, 0.18733684718608856], "epochs": 3, "lr": 6e-07}], "val": [{"accuracy": [0.6885714285714286, 0.7035714285714286, 0.735, 0.78, 0.7842857142857143, 0.8042857142857143, 0.8042857142857143, 0.8235714285714286, 0.8235714285714286, 0.7942857142857143, 0.7992857142857143, 0.7835714285714286, 0.7985714285714286], "f1_score": [0.43835164835164847, 0.6521538461538462, 0.8215244755244755, 0.7902373182373184, 0.8250001110001111, 0.809083583083583, 0.8238694638694639, 0.8355981795981795, 0.8398278388278387, 0.7848271728271728, 0.7773586413586415, 0.7676523476523477, 0.8090563880563879], "loss": [0.5709447860717773, 0.4779481887817383, 0.4026632308959961, 0.34350818395614624, 0.3553270697593689, 0.33649754524230957, 0.332978218793869, 0.3460376262664795, 0.3338656425476074, 0.32938694953918457, 0.3414369523525238, 0.35031652450561523, 0.3687950372695923], "epochs": 13, "lr": 1e-06}, {"accuracy": [0.7935714285714286, 0.8192857142857143, 0.8042857142857143], "f1_score": [0.7952980352980353, 0.8257727827727828, 0.7841884781884783], "loss": [0.34126394987106323, 0.35202527046203613, 0.3432360589504242], "epochs": 3, "lr": 6e-07}]}