{"train": [{"accuracy": [0.7848684210526315, 0.825, 0.8217105263157894, 0.8453947368421053, 0.8506578947368421, 0.875, 0.843421052631579, 0.8848684210526315, 0.8973684210526316, 0.8967105263157895, 0.8835526315789474], "f1_score": [0.5216387121650287, 0.6438004101162006, 0.7041534196797363, 0.741453604874658, 0.7672791243843878, 0.7776621916095602, 0.7582832956517171, 0.8123104380999118, 0.8332713485345065, 0.8215007799218329, 0.8245927172242962], "loss": [0.5421481728553772, 0.44901326298713684, 0.39857444167137146, 0.3552685081958771, 0.3299543559551239, 0.2866653800010681, 0.3022953271865845, 0.24570989608764648, 0.22458933293819427, 0.2137780487537384, 0.21590392291545868], "epochs": 11, "lr": 1e-06}, {"accuracy": [0.8980263157894737, 0.8921052631578947, 0.9032894736842105, 0.8914473684210527], "f1_score": [0.8339369402527295, 0.8288642351800245, 0.8446969404864141, 0.8250265523949737], "loss": [0.22829848527908325, 0.2256678193807602, 0.2078436315059662, 0.21135064959526062], "epochs": 4, "lr": 6e-07}], "val": [{"accuracy": [0.8292682926829268, 0.8384146341463414, 0.850609756097561, 0.8597560975609756, 0.8567073170731707, 0.8658536585365854, 0.8475609756097561, 0.8719512195121951, 0.875, 0.8628048780487805, 0.850609756097561], "f1_score": [0.5129813276154737, 0.5573922012946398, 0.683117424580839, 0.7191310044968582, 0.7211403772379382, 0.7134042109651864, 0.7440150635272587, 0.7607333046357436, 0.7619402277938863, 0.7543104591885079, 0.7521760082735692], "loss": [0.4993530511856079, 0.41734275221824646, 0.3694453239440918, 0.35418468713760376, 0.341129869222641, 0.3200221657752991, 0.3375720977783203, 0.31892818212509155, 0.31880784034729004, 0.31865888833999634, 0.3359163999557495], "epochs": 11, "lr": 1e-06}, {"accuracy": [0.875, 0.8719512195121951, 0.875, 0.8597560975609756], "f1_score": [0.7497118058093668, 0.7570800473239497, 0.7602070016704163, 0.7605448751790216], "loss": [0.3138948380947113, 0.314513236284256, 0.31585693359375, 0.320119708776474], "epochs": 4, "lr": 6e-07}]}