{"train": [{"accuracy_score": [0.7616206030150754, 0.7983668341708543, 0.8313442211055276, 0.847675879396985, 0.8693467336683417, 0.8913316582914573, 0.9038944723618091, 0.9186557788944724, 0.9277638190954773, 0.9409547738693468], "f1_score": [0.7612407447859442, 0.7972718707540339, 0.830238208496251, 0.8465808189264412, 0.8685099480410668, 0.8905794107364207, 0.9031879578754578, 0.9181552334764642, 0.9273229041621411, 0.9405522497688994], "loss": [0.5307844281196594, 0.45581912994384766, 0.3929463028907776, 0.3464166820049286, 0.31296128034591675, 0.2843090891838074, 0.25261110067367554, 0.22674408555030823, 0.20734742283821106, 0.18310461938381195], "epochs": 10, "lr": 1e-06}, {"accuracy_score": [0.9114321608040201, 0.9189698492462312, 0.9246231155778895], "f1_score": [0.910891560755321, 0.9185145595589101, 0.9241479749764552], "loss": [0.2373533397912979, 0.2292190045118332, 0.21274566650390625], "epochs": 3, "lr": 6e-07}], "val": [{"accuracy_score": [0.7102803738317757, 0.7266355140186916, 0.764018691588785, 0.7873831775700935, 0.794392523364486, 0.7873831775700935, 0.7990654205607477, 0.794392523364486, 0.7920560747663551, 0.794392523364486], "f1_score": [0.7098749234671564, 0.7232987981765437, 0.7618331377442797, 0.785951780346122, 0.7933773671852713, 0.7857822511893958, 0.7980733361128789, 0.7933773671852713, 0.7912252336192487, 0.7936309641221206], "loss": [0.5894677639007568, 0.5454227328300476, 0.5126914978027344, 0.4874631464481354, 0.46545958518981934, 0.46102696657180786, 0.4597480893135071, 0.47725987434387207, 0.49035096168518066, 0.5029371380805969], "epochs": 10, "lr": 1e-06}, {"accuracy_score": [0.7990654205607477, 0.7850467289719626, 0.7967289719626168], "f1_score": [0.798201754385965, 0.7838383838383839, 0.7957914479853901], "loss": [0.4698215126991272, 0.47696593403816223, 0.488446444272995], "epochs": 3, "lr": 6e-07}]}