{"train": [{"accuracy_score": [0.748512888301388, 0.7941176470588235, 0.8314606741573034, 0.8440185062789161, 0.8618638466622605, 0.8750826173165895, 0.8929279576999339, 0.9064771976206213, 0.9137475214805023, 0.9246530072703238, 0.934897554527429, 0.9441506939854594, 0.9477858559153999], "f1_score": [0.7481101308406717, 0.7926912936738997, 0.8301876577899374, 0.8431279169026256, 0.8607881205205417, 0.8743567504297118, 0.8921681976560025, 0.9058701791137402, 0.9131403360532173, 0.9241434906343717, 0.9344537325412947, 0.9437190603900246, 0.9473975132345687], "loss": [0.5430172681808472, 0.4645087718963623, 0.4002333879470825, 0.35979124903678894, 0.32460442185401917, 0.29821568727493286, 0.2724349796772003, 0.24858693778514862, 0.23001404106616974, 0.20580336451530457, 0.19458405673503876, 0.1767156720161438, 0.1603253185749054], "epochs": 13, "lr": 1e-06}, {"accuracy_score": [0.9309319233311302, 0.9355584930601454, 0.9395241242564442], "f1_score": [0.9304301012460418, 0.9351741471769988, 0.9390915907352801], "loss": [0.19393067061901093, 0.18621797859668732, 0.1742028146982193], "epochs": 3, "lr": 6e-07}], "val": [{"accuracy_score": [0.7957317073170732, 0.8079268292682927, 0.8216463414634146, 0.8399390243902439, 0.8521341463414634, 0.8551829268292683, 0.8582317073170732, 0.8628048780487805, 0.864329268292683, 0.8719512195121951, 0.8689024390243902, 0.8719512195121951, 0.864329268292683], "f1_score": [0.7955017075644641, 0.8071362571516572, 0.8208767127124043, 0.8391822764299772, 0.8513712052732016, 0.8547207594057351, 0.8576757532281205, 0.8621269440941572, 0.863687834307314, 0.8713725490196078, 0.8683099906629319, 0.8713725490196078, 0.8635042725051725], "loss": [0.511505663394928, 0.44440361857414246, 0.39446836709976196, 0.368491530418396, 0.35279029607772827, 0.33759379386901855, 0.3332633078098297, 0.3256300985813141, 0.3252423405647278, 0.32084545493125916, 0.3230995535850525, 0.3257816731929779, 0.33106011152267456], "epochs": 13, "lr": 1e-06}, {"accuracy_score": [0.864329268292683, 0.8612804878048781, 0.8689024390243902], "f1_score": [0.863687834307314, 0.8605647389676427, 0.8683099906629319], "loss": [0.3225969672203064, 0.32307568192481995, 0.3249478340148926], "epochs": 3, "lr": 6e-07}]}