{"train": [{"accuracy_score": [0.759453781512605, 0.7899159663865546, 0.8305322128851541, 0.8473389355742297, 0.8700980392156863, 0.8851540616246498, 0.9037114845938375, 0.9166666666666666], "f1_score": [0.444141689373297, 0.6183064297675335, 0.7652773718152113, 0.7894140674056807, 0.8383836666983941, 0.8597592931052673, 0.8845618844265221, 0.9021751406799141], "loss": [0.540846049785614, 0.45213454961776733, 0.3918347954750061, 0.3413056433200836, 0.30219709873199463, 0.2737317681312561, 0.2451978474855423, 0.22501616179943085], "epochs": 8, "lr": 1e-06}, {"accuracy_score": [0.8718487394957983, 0.8869047619047619, 0.8942577030812325], "f1_score": [0.8395324895536849, 0.8626633185545571, 0.8706864047893839], "loss": [0.28734105825424194, 0.27296334505081177, 0.2573174834251404], "epochs": 3, "lr": 6e-07}], "val": [{"accuracy_score": [0.7393617021276596, 0.7553191489361702, 0.7925531914893617, 0.7925531914893617, 0.8085106382978723, 0.8111702127659575, 0.8125, 0.8098404255319149], "f1_score": [0.43796711509715996, 0.5399561896868155, 0.6847323136656205, 0.6880018179063778, 0.7332253178824275, 0.7346300614797541, 0.7421211315066063, 0.7502392344497608], "loss": [0.5698020458221436, 0.5085930228233337, 0.4610702097415924, 0.4516984522342682, 0.4342740774154663, 0.43950194120407104, 0.4382314383983612, 0.4364597499370575], "epochs": 8, "lr": 1e-06}, {"accuracy_score": [0.8098404255319149, 0.8111702127659575, 0.8098404255319149], "f1_score": [0.7291835303005774, 0.7350452604152677, 0.7259794346367892], "loss": [0.4504505395889282, 0.43364110589027405, 0.45368877053260803], "epochs": 3, "lr": 6e-07}]}