{"train": [{"accuracy": [0.7206703910614525, 0.7332402234636871, 0.7814245810055865, 0.8002793296089385, 0.8177374301675978, 0.8372905027932961, 0.8491620111731844, 0.86731843575419, 0.8812849162011173, 0.8910614525139665], "f1_score": [0.4414739822561059, 0.7071456631512502, 0.7396510534778691, 0.7594342497973784, 0.8160031929585001, 0.8223930941808041, 0.8486585264518224, 0.8474958623003315, 0.8629538834846097, 0.8655362173518598], "loss": [0.532314658164978, 0.43842846155166626, 0.3692457675933838, 0.330386221408844, 0.3011821508407593, 0.271068811416626, 0.25689777731895447, 0.2344387322664261, 0.21069537103176117, 0.189862921833992], "epochs": 10, "lr": 1e-06}, {"accuracy": [0.8659217877094972, 0.8743016759776536, 0.8861731843575419], "f1_score": [0.8480217795860253, 0.8599464315944765, 0.8748192062437875], "loss": [0.23899753391742706, 0.22349445521831512, 0.20967230200767517], "epochs": 3, "lr": 6e-07}], "val": [{"accuracy": [0.699468085106383, 0.6835106382978723, 0.7154255319148937, 0.7207446808510638, 0.7180851063829787, 0.726063829787234, 0.7127659574468085, 0.7393617021276596, 0.726063829787234, 0.726063829787234], "f1_score": [0.43507910529187116, 0.5830956277764787, 0.6195495993368333, 0.643062256892044, 0.6886236104321208, 0.6742872375851096, 0.6935859648625604, 0.6475786624722792, 0.6882773255113678, 0.6697648096584263], "loss": [0.5602675080299377, 0.4777950048446655, 0.44584712386131287, 0.43331849575042725, 0.41643401980400085, 0.4127984344959259, 0.40857768058776855, 0.47597306966781616, 0.42076992988586426, 0.44642722606658936], "epochs": 10, "lr": 1e-06}, {"accuracy": [0.7207446808510638, 0.7207446808510638, 0.7287234042553191], "f1_score": [0.6779643524324372, 0.668970509396041, 0.6612463777357391], "loss": [0.41686946153640747, 0.4215746521949768, 0.4396151602268219], "epochs": 3, "lr": 6e-07}]}