{"train": [{"accuracy": [0.7988826815642458, 0.8331005586592178, 0.854050279329609, 0.861731843575419, 0.8736033519553073, 0.8924581005586593, 0.8980446927374302], "f1_score": [0.5135746934629625, 0.6756688376800116, 0.72107520040481, 0.7624264004152278, 0.7776415390940534, 0.8113916189335186, 0.8209479223445708], "loss": [0.5264430642127991, 0.4290730953216553, 0.3555373251438141, 0.32206135988235474, 0.28861552476882935, 0.26231592893600464, 0.24288314580917358], "epochs": 7, "lr": 1e-06}, {"accuracy": [0.8680167597765364, 0.8791899441340782, 0.888268156424581], "f1_score": [0.7635624772496286, 0.7795160147115459, 0.7859607493685707], "loss": [0.30565163493156433, 0.28332042694091797, 0.2684146761894226], "epochs": 3, "lr": 6e-07}], "val": [{"accuracy": [0.7792553191489362, 0.8138297872340425, 0.8111702127659575, 0.8297872340425532, 0.8297872340425532, 0.8191489361702128, 0.8271276595744681], "f1_score": [0.48827059465357325, 0.5993580887197906, 0.6000453447261954, 0.6642889025867746, 0.6630702630702628, 0.6518332731098686, 0.6548543654926632], "loss": [0.5544359087944031, 0.4805849492549896, 0.4477231800556183, 0.4275849759578705, 0.447549968957901, 0.4335227608680725, 0.4568246603012085], "epochs": 7, "lr": 1e-06}, {"accuracy": [0.8271276595744681, 0.8218085106382979, 0.8218085106382979], "f1_score": [0.6642123833613193, 0.6494413388030407, 0.6494413388030407], "loss": [0.42802849411964417, 0.4478066563606262, 0.455272376537323], "epochs": 3, "lr": 6e-07}]}