{"train": [{"accuracy": [0.7863128491620112, 0.8158752327746741, 0.8226256983240223, 0.8379888268156425, 0.8354283054003724, 0.869413407821229, 0.8677839851024209, 0.8850093109869646, 0.8971135940409684, 0.9145716945996276, 0.8966480446927374], "f1_score": [0.5010207669425555, 0.6048634171539207, 0.6819458939570681, 0.728276813193015, 0.740952297237214, 0.7997782168173234, 0.7977373650558012, 0.8119101878878417, 0.8232670185184154, 0.8390235462861164, 0.8367447264095313], "loss": [0.5534929633140564, 0.4849188029766083, 0.42543041706085205, 0.38370388746261597, 0.36803045868873596, 0.30817005038261414, 0.2886468768119812, 0.2588444948196411, 0.23627589643001556, 0.22418086230754852, 0.20403313636779785], "epochs": 11, "lr": 1e-06}, {"accuracy": [0.8868715083798883, 0.9006052141527002, 0.9057262569832403], "f1_score": [0.8200426823331857, 0.8170366256958439, 0.8409837214306487], "loss": [0.2495567500591278, 0.22981314361095428, 0.2172430008649826], "epochs": 3, "lr": 6e-07}], "val": [{"accuracy": [0.8245192307692307, 0.8317307692307693, 0.8677884615384616, 0.8557692307692307, 0.8413461538461539, 0.8605769230769231, 0.8533653846153846, 0.8701923076923077, 0.8701923076923077, 0.8701923076923077, 0.8605769230769231], "f1_score": [0.535812905043674, 0.5627180511795894, 0.7007406055482979, 0.7000686279532433, 0.70825968902892, 0.7217200534508226, 0.7347887155579463, 0.7436721398259858, 0.7412604489527566, 0.7097022635484171, 0.7467575159882853], "loss": [0.5293259620666504, 0.45233696699142456, 0.3910079300403595, 0.3653002381324768, 0.36846020817756653, 0.33916333317756653, 0.3402540683746338, 0.33105894923210144, 0.3332679271697998, 0.34270769357681274, 0.34606650471687317], "epochs": 11, "lr": 1e-06}, {"accuracy": [0.8605769230769231, 0.8725961538461539, 0.8725961538461539], "f1_score": [0.7416583416583418, 0.7291328329789868, 0.7413898067744221], "loss": [0.3347826600074768, 0.33515915274620056, 0.3358447551727295], "epochs": 3, "lr": 6e-07}]}