{"train": [{"accuracy": [0.7098684210526316, 0.6973684210526315, 0.7552631578947369, 0.7835526315789474, 0.7986842105263158, 0.8151315789473684, 0.8296052631578947, 0.8539473684210527, 0.8710526315789474, 0.8723684210526316, 0.8723684210526316, 0.8901315789473684, 0.8868421052631579, 0.9019736842105263], "f1_score": [0.4376211507790463, 0.704581514976252, 0.717097259465681, 0.7494227556069661, 0.7679974849711694, 0.8133738921896818, 0.811732112916323, 0.8487114639746216, 0.849021504810978, 0.8492340408129887, 0.8730447184394553, 0.8754962289172816, 0.8646411629306371, 0.9135256848414741], "loss": [0.5454723238945007, 0.46196797490119934, 0.40131276845932007, 0.353254109621048, 0.32830923795700073, 0.301516056060791, 0.28286707401275635, 0.25605595111846924, 0.2379062920808792, 0.22562557458877563, 0.21965843439102173, 0.20236121118068695, 0.19695597887039185, 0.1856907606124878], "epochs": 14, "lr": 1e-06}, {"accuracy": [0.8901315789473684, 0.8921052631578947, 0.8940789473684211], "f1_score": [0.8732158192684508, 0.8891171401697718, 0.8695706486495967], "loss": [0.20399624109268188, 0.19947759807109833, 0.1907902956008911], "epochs": 3, "lr": 6e-07}], "val": [{"accuracy": [0.7621951219512195, 0.7317073170731707, 0.7804878048780488, 0.7804878048780488, 0.7957317073170732, 0.7896341463414634, 0.8048780487804879, 0.8079268292682927, 0.8109756097560976, 0.8140243902439024, 0.8109756097560976, 0.8201219512195121, 0.7957317073170732, 0.7987804878048781], "f1_score": [0.4520057178593763, 0.679067274189225, 0.6654410630020382, 0.704992568407202, 0.7221148769929254, 0.7648416624026376, 0.7500073097634071, 0.7728645338401432, 0.7713615652640041, 0.7660770124184756, 0.8014649984162179, 0.7479942821406234, 0.7922315489388658, 0.7953004312760408], "loss": [0.5023130774497986, 0.42612990736961365, 0.3701510727405548, 0.34241771697998047, 0.33495423197746277, 0.3251274824142456, 0.3153291344642639, 0.3053129017353058, 0.3062726855278015, 0.3113592565059662, 0.300004780292511, 0.32281434535980225, 0.3106207251548767, 0.31363818049430847], "epochs": 14, "lr": 1e-06}, {"accuracy": [0.8140243902439024, 0.8079268292682927, 0.8109756097560976], "f1_score": [0.7759849906191366, 0.786732779415706, 0.7815062985794691], "loss": [0.30272844433784485, 0.30257922410964966, 0.3009762763977051], "epochs": 3, "lr": 6e-07}]}