{"train": [{"accuracy": [0.8015075376884422, 0.8379396984924623, 0.8341708542713567, 0.8517587939698492, 0.8624371859296482, 0.885678391959799, 0.8982412060301508, 0.8731155778894473], "f1_score": [0.5147211247713769, 0.66704576830205, 0.7292822755134315, 0.7511541501491253, 0.7698677369531641, 0.7843749494503266, 0.81379315826552, 0.7955372935272433], "loss": [0.5129386186599731, 0.4207060635089874, 0.36471012234687805, 0.32450905442237854, 0.30426010489463806, 0.2699783742427826, 0.24746491014957428, 0.24873225390911102], "epochs": 8, "lr": 1e-06}, {"accuracy": [0.871859296482412, 0.8793969849246231, 0.8894472361809045], "f1_score": [0.7752372139306816, 0.7932535917460539, 0.8199787649536394], "loss": [0.2826552391052246, 0.26567983627319336, 0.2548408806324005], "epochs": 3, "lr": 6e-07}], "val": [{"accuracy": [0.7469135802469137, 0.742283950617284, 0.7469135802469137, 0.7839506172839507, 0.7901234567901234, 0.7978395061728395, 0.8117283950617284, 0.7870370370370371], "f1_score": [0.46197259530592877, 0.610754677421344, 0.6515887404776294, 0.6877653210986544, 0.735775541331097, 0.7329078329078328, 0.7394309394309395, 0.7243197132086022], "loss": [0.6189646124839783, 0.5516881346702576, 0.5316715836524963, 0.4895317256450653, 0.47458308935165405, 0.48388245701789856, 0.48153936862945557, 0.5016435384750366], "epochs": 8, "lr": 1e-06}, {"accuracy": [0.8086419753086419, 0.8024691358024691, 0.7978395061728395], "f1_score": [0.7535990758212981, 0.7405051738385071, 0.7359490303934748], "loss": [0.47548019886016846, 0.4806674122810364, 0.49086663126945496], "epochs": 3, "lr": 6e-07}]}