{"train": [{"accuracy_score": [0.7451048951048951, 0.7898601398601398, 0.8188811188811189, 0.8433566433566434, 0.8608391608391608, 0.8818181818181818, 0.8993006993006993, 0.9101398601398601, 0.9234265734265734, 0.9307692307692308, 0.9423076923076923, 0.9482517482517483, 0.9552447552447553], "f1_score": [0.7446325671314161, 0.7885747510630857, 0.817418250583185, 0.8422457522777641, 0.859901310105154, 0.8809940617676619, 0.8986103233125354, 0.9096000754665092, 0.9228697658570213, 0.9302782565870475, 0.9419087821389756, 0.9478596951797564, 0.9549056823176272], "loss": [0.5435345768928528, 0.473222017288208, 0.41087567806243896, 0.36667346954345703, 0.332395076751709, 0.30155253410339355, 0.27349257469177246, 0.25151824951171875, 0.22214572131633759, 0.20035116374492645, 0.17966727912425995, 0.16816769540309906, 0.15331509709358215], "epochs": 13, "lr": 1e-06}, {"accuracy_score": [0.9395104895104895, 0.9447552447552447, 0.9458041958041958], "f1_score": [0.9390180698931948, 0.9443568529926477, 0.945383528248716], "loss": [0.1864941418170929, 0.17529979348182678, 0.16569145023822784], "epochs": 3, "lr": 6e-07}], "val": [{"accuracy_score": [0.7980535279805353, 0.8199513381995134, 0.8418491484184915, 0.8467153284671532, 0.8613138686131386, 0.8600973236009732, 0.8661800486618005, 0.8613138686131386, 0.8710462287104623, 0.8710462287104623, 0.8673965936739659, 0.8576642335766423, 0.8637469586374696], "f1_score": [0.7979339063268196, 0.8194339723457436, 0.8410020176049422, 0.846050941780822, 0.860712756849315, 0.8594681703508018, 0.8655560643998644, 0.8606199428843408, 0.8704009995240362, 0.870528098903385, 0.8669616541074279, 0.8569271484953207, 0.863156392694064], "loss": [0.5076140761375427, 0.44144490361213684, 0.3860597312450409, 0.35894960165023804, 0.3445482552051544, 0.335774302482605, 0.3319155275821686, 0.3349657356739044, 0.32805341482162476, 0.3261512517929077, 0.32891786098480225, 0.338988333940506, 0.3382226526737213], "epochs": 13, "lr": 1e-06}, {"accuracy_score": [0.8722627737226277, 0.8661800486618005, 0.8722627737226277], "f1_score": [0.8717691577413187, 0.8656830821885251, 0.8718437952411003], "loss": [0.328746497631073, 0.332220196723938, 0.3302944004535675], "epochs": 3, "lr": 6e-07}]}