{"train": [{"accuracy_score": [0.7576228998133168, 0.7862476664592408, 0.8301182327317984, 0.8447417548226509, 0.8602986932171749, 0.8724331051649036, 0.895457373988799, 0.8982576228998134, 0.9197261978842564, 0.9299937772246422, 0.9380833851897946, 0.9430616054760423], "f1_score": [0.7572673940903765, 0.7854740911068951, 0.8288190213313387, 0.8434045426748804, 0.8593424617851955, 0.8715264345080618, 0.894692005242464, 0.8974962321030382, 0.9191298292700528, 0.9296045090494929, 0.9377274116478578, 0.9427342529224019], "loss": [0.5242033004760742, 0.453923761844635, 0.3895774483680725, 0.3462722897529602, 0.32328757643699646, 0.30533233284950256, 0.27263975143432617, 0.25281766057014465, 0.22661921381950378, 0.2067604959011078, 0.18552793562412262, 0.1728156954050064], "epochs": 12, "lr": 1e-06}, {"accuracy_score": [0.9247044181705041, 0.931860609831985, 0.9365276913503423], "f1_score": [0.9242679347942506, 0.9314152249185522, 0.9361475111927086], "loss": [0.22217364609241486, 0.20042051374912262, 0.1915685534477234], "epochs": 3, "lr": 6e-07}], "val": [{"accuracy_score": [0.7386934673366834, 0.7864321608040201, 0.8467336683417085, 0.8668341708542714, 0.8668341708542714, 0.8618090452261307, 0.8743718592964824, 0.8492462311557789, 0.8618090452261307, 0.8668341708542714, 0.8668341708542714, 0.864321608040201], "f1_score": [0.7380319485582643, 0.7845703187187569, 0.8441750158854451, 0.8647846515772133, 0.8654058434307665, 0.8603268186545688, 0.8732161060142711, 0.8481379731379731, 0.8606043238768428, 0.8659123414804691, 0.8660213537597734, 0.863546322633076], "loss": [0.5425772666931152, 0.45441386103630066, 0.4049180746078491, 0.37225615978240967, 0.354671835899353, 0.35028594732284546, 0.3377326726913452, 0.33606383204460144, 0.3346502184867859, 0.3373051583766937, 0.3355526626110077, 0.34146571159362793], "epochs": 12, "lr": 1e-06}, {"accuracy_score": [0.864321608040201, 0.8517587939698492, 0.8618090452261307], "f1_score": [0.8636467453368861, 0.8509675494881412, 0.8610714444380978], "loss": [0.34480416774749756, 0.3366851508617401, 0.3398974537849426], "epochs": 3, "lr": 6e-07}]}