{"train": [{"accuracy_score": [0.7491738268341044, 0.8093192333113021, 0.8327825512227363, 0.8552544613350959, 0.871447455386649, 0.8830138797091871, 0.9008592200925314, 0.9104428288169201, 0.9190350297422339, 0.9289491077329808, 0.9355584930601454, 0.9424983476536682, 0.9448116325181758, 0.9491077329808327, 0.9524124256444151], "f1_score": [0.44538680868031744, 0.7227163570973323, 0.7700606083635744, 0.8238133611116571, 0.8424423496713584, 0.8574952819627035, 0.8829599974581388, 0.897780732452303, 0.9062717674856933, 0.9220462564001255, 0.9263707435769535, 0.9378852162535822, 0.938557734542542, 0.9466165498275592, 0.9469122631088861], "loss": [0.5326223969459534, 0.4366056025028229, 0.3818437159061432, 0.3480801284313202, 0.3179565966129303, 0.2919260859489441, 0.26820746064186096, 0.24801746010780334, 0.2285725623369217, 0.21443860232830048, 0.19566459953784943, 0.18362461030483246, 0.16690896451473236, 0.15507733821868896, 0.1465316116809845], "epochs": 15, "lr": 1e-06}, {"accuracy_score": [0.9451421017845341, 0.9464639788499669, 0.9491077329808327], "f1_score": [0.9388070726300144, 0.9433805264599489, 0.9446287852265314], "loss": [0.17034941911697388, 0.1632072627544403, 0.15351127088069916], "epochs": 3, "lr": 6e-07}], "val": [{"accuracy_score": [0.7957317073170732, 0.8170731707317073, 0.8292682926829268, 0.8384146341463414, 0.850609756097561, 0.8567073170731707, 0.8551829268292683, 0.8551829268292683, 0.8612804878048781, 0.8658536585365854, 0.8658536585365854, 0.8689024390243902, 0.8704268292682927, 0.8765243902439024, 0.8704268292682927], "f1_score": [0.45333333333333337, 0.6330201342281879, 0.6756648113790972, 0.7417702428623434, 0.7583430332078056, 0.7692307692307693, 0.7723787167449139, 0.7749993551881561, 0.7847117794486216, 0.8006616209713799, 0.789642740085218, 0.8120810259399593, 0.801952108276939, 0.8211823637355553, 0.7931565555109147], "loss": [0.4945594370365143, 0.41969993710517883, 0.39081451296806335, 0.36443445086479187, 0.3506069481372833, 0.3379174768924713, 0.33293968439102173, 0.33033376932144165, 0.33059465885162354, 0.32495740056037903, 0.3257361948490143, 0.3229146897792816, 0.32881635427474976, 0.32692044973373413, 0.3438650667667389], "epochs": 15, "lr": 1e-06}, {"accuracy_score": [0.8704268292682927, 0.8734756097560976, 0.8719512195121951], "f1_score": [0.801952108276939, 0.8197523054088908, 0.806782507589949], "loss": [0.32855546474456787, 0.32398900389671326, 0.33084389567375183], "epochs": 3, "lr": 6e-07}]}