{"train": [{"accuracy": [0.7022811918063314, 0.7309124767225327, 0.744413407821229, 0.7828212290502793, 0.8098230912476723, 0.8268156424581006, 0.8447392923649908, 0.8542830540037244, 0.8684823091247673], "f1_score": [0.43713456003958867, 0.6880457066211257, 0.7456735691372567, 0.7718400314769033, 0.8059686744044283, 0.8364338950931125, 0.8324967242565008, 0.8518963500807076, 0.8755170031706345], "loss": [0.5390114784240723, 0.44209885597229004, 0.38849639892578125, 0.34145036339759827, 0.3058170676231384, 0.2829761207103729, 0.2635546922683716, 0.24365168809890747, 0.22532129287719727], "epochs": 9, "lr": 1e-06}, {"accuracy": [0.8342644320297952, 0.8426443202979517, 0.840782122905028, 0.8663873370577282], "f1_score": [0.8389086549701076, 0.8323055436183934, 0.8709462790468374, 0.8359667489555753], "loss": [0.26571932435035706, 0.2546583414077759, 0.2604694068431854, 0.22943471372127533], "epochs": 4, "lr": 6e-07}], "val": [{"accuracy": [0.7764423076923077, 0.7764423076923077, 0.7716346153846154, 0.7932692307692307, 0.8076923076923077, 0.8004807692307693, 0.8125, 0.8028846153846154, 0.7956730769230769], "f1_score": [0.44927444350521256, 0.6493863508286583, 0.7137121959237345, 0.7082085649393342, 0.721117290828829, 0.7340211070980301, 0.736345065191219, 0.7495981582520043, 0.7444752363021594], "loss": [0.5062472820281982, 0.4095126688480377, 0.3647359013557434, 0.34165140986442566, 0.3313162624835968, 0.3298368752002716, 0.3342343866825104, 0.3340454697608948, 0.33957624435424805], "epochs": 9, "lr": 1e-06}, {"accuracy": [0.8052884615384616, 0.8125, 0.7836538461538461, 0.8293269230769231], "f1_score": [0.7391814915853375, 0.7435079343733192, 0.7376093457824227, 0.7405916199185433], "loss": [0.328122615814209, 0.32835879921913147, 0.3461662828922272, 0.33337166905403137], "epochs": 4, "lr": 6e-07}]}