{"train": [{"accuracy_score": [0.759453781512605, 0.7598039215686274, 0.8137254901960784, 0.8361344537815126, 0.8539915966386554, 0.8714985994397759, 0.8872549019607843, 0.9037114845938375, 0.9142156862745098, 0.9257703081232493, 0.9355742296918768], "f1_score": [0.7590766269067644, 0.7594070202670178, 0.8127513155786696, 0.8351201989499862, 0.8531120592952918, 0.8707385517541182, 0.8866183204412805, 0.903193063525392, 0.9137358721409103, 0.9253590328746102, 0.9352503199878954], "loss": [0.5526559948921204, 0.49850690364837646, 0.4246988892555237, 0.37645772099494934, 0.33928027749061584, 0.30567261576652527, 0.27487093210220337, 0.2564963400363922, 0.2257716804742813, 0.2164158672094345, 0.18695807456970215], "epochs": 11, "lr": 1e-06}, {"accuracy_score": [0.9121148459383753, 0.9205182072829131, 0.9243697478991597], "f1_score": [0.9116597005118234, 0.9200480960441004, 0.9239346590909091], "loss": [0.23903359472751617, 0.21983376145362854, 0.20763273537158966], "epochs": 3, "lr": 6e-07}], "val": [{"accuracy_score": [0.7393617021276596, 0.7406914893617021, 0.7672872340425532, 0.785904255319149, 0.7992021276595744, 0.8031914893617021, 0.7992021276595744, 0.8045212765957447, 0.8071808510638298, 0.8045212765957447, 0.8031914893617021], "f1_score": [0.7389462348832103, 0.7402500783819834, 0.7665934167282995, 0.7849913781315319, 0.7978721321221895, 0.801844532279315, 0.7981222410081088, 0.8029571401834177, 0.8058179810697463, 0.8029571401834177, 0.8016637322061202], "loss": [0.5782449841499329, 0.5400170683860779, 0.4961775839328766, 0.47335317730903625, 0.43395236134529114, 0.4316243529319763, 0.4459038972854614, 0.4113340973854065, 0.4471203684806824, 0.4196745753288269, 0.4510226845741272], "epochs": 11, "lr": 1e-06}, {"accuracy_score": [0.8071808510638298, 0.8058510638297872, 0.8018617021276596], "f1_score": [0.8057294144266933, 0.8043439520411727, 0.8002762849478178], "loss": [0.41749244928359985, 0.43496525287628174, 0.44086018204689026], "epochs": 3, "lr": 6e-07}]}