{"train": [{"accuracy": [0.7894736842105263, 0.8197368421052632, 0.8375, 0.85, 0.8585526315789473, 0.8703947368421052, 0.8901315789473684, 0.8888157894736842, 0.9019736842105263, 0.9032894736842105], "f1_score": [0.5164807122701868, 0.6787784729890001, 0.7156650659282245, 0.7519676522308106, 0.7764794854268539, 0.7889391894655057, 0.8128680383943543, 0.8206281729965937, 0.8342951785057048, 0.8402571989414093], "loss": [0.529819905757904, 0.44997143745422363, 0.3879489004611969, 0.3479553163051605, 0.3212161362171173, 0.28734293580055237, 0.26845595240592957, 0.24099989235401154, 0.2241971343755722, 0.20303216576576233], "epochs": 10, "lr": 1e-06}, {"accuracy": [0.8822368421052632, 0.8809210526315789, 0.8940789473684211, 0.8894736842105263], "f1_score": [0.8151968791442475, 0.8228263257210626, 0.8260860776650251, 0.828490252437621], "loss": [0.2531279921531677, 0.24599292874336243, 0.22546876966953278, 0.22281239926815033], "epochs": 4, "lr": 6e-07}], "val": [{"accuracy": [0.8292682926829268, 0.8414634146341463, 0.8597560975609756, 0.8719512195121951, 0.8567073170731707, 0.8628048780487805, 0.875, 0.8597560975609756, 0.8658536585365854, 0.850609756097561], "f1_score": [0.5129813276154737, 0.6079513981953002, 0.6508255971670602, 0.7132880669466035, 0.7177372762738616, 0.7178623544477202, 0.7303701718335864, 0.7245174879321221, 0.7252419667053812, 0.7082020960069739], "loss": [0.49225112795829773, 0.41651469469070435, 0.3714163899421692, 0.34760814905166626, 0.33618104457855225, 0.3249123692512512, 0.3180408477783203, 0.3211528956890106, 0.3189295530319214, 0.31943294405937195], "epochs": 10, "lr": 1e-06}, {"accuracy": [0.8719512195121951, 0.8689024390243902, 0.8658536585365854, 0.8597560975609756], "f1_score": [0.7468626224723787, 0.7514905149051491, 0.7313415581708265, 0.7408474993840848], "loss": [0.31299299001693726, 0.31356972455978394, 0.3142048120498657, 0.3151289224624634], "epochs": 4, "lr": 6e-07}]}