{"train": [{"accuracy_score": [0.759453781512605, 0.759453781512605, 0.7934173669467787, 0.8452380952380952, 0.8820028011204482, 0.8953081232492998, 0.9142156862745098, 0.9275210084033614], "f1_score": [0.444141689373297, 0.444141689373297, 0.6769459221775298, 0.7842871943240839, 0.8564407937146176, 0.8610980475986888, 0.8955259152929386, 0.9104154935355557], "loss": [0.5209277868270874, 0.4743640422821045, 0.4047395586967468, 0.3388039171695709, 0.2963651418685913, 0.2574717402458191, 0.22816091775894165, 0.19272257387638092], "epochs": 8, "lr": 1e-06}, {"accuracy_score": [0.898109243697479, 0.9026610644257703, 0.9128151260504201], "f1_score": [0.872251371063493, 0.8770584250586652, 0.8924890171136319], "loss": [0.26495790481567383, 0.24965544044971466, 0.2367161363363266], "epochs": 3, "lr": 6e-07}], "val": [{"accuracy_score": [0.7393617021276596, 0.7393617021276596, 0.7672872340425532, 0.7898936170212766, 0.7992021276595744, 0.7965425531914894, 0.8058510638297872, 0.8018617021276596], "f1_score": [0.43796711509715996, 0.43796711509715996, 0.6185226706527155, 0.6712051409959212, 0.7215608465608465, 0.6951074100428871, 0.7241935483870968, 0.7154398236697816], "loss": [0.5526015162467957, 0.5141353011131287, 0.4801933467388153, 0.4920405447483063, 0.4467005133628845, 0.49147844314575195, 0.47035858035087585, 0.5079815983772278], "epochs": 8, "lr": 1e-06}, {"accuracy_score": [0.7938829787234043, 0.7952127659574468, 0.8058510638297872], "f1_score": [0.7028431128349286, 0.7034156423365605, 0.7241935483870968], "loss": [0.47046536207199097, 0.4838014543056488, 0.46780842542648315], "epochs": 3, "lr": 6e-07}]}