{"train": [{"accuracy": [0.7995810055865922, 0.8519553072625698, 0.8652234636871509, 0.8756983240223464, 0.8889664804469274, 0.9001396648044693, 0.9113128491620112], "f1_score": [0.5302976353255691, 0.7090184799682016, 0.7312787770888336, 0.7822453152062095, 0.8050430947078993, 0.8178297803996128, 0.8402691659674901], "loss": [0.6011078953742981, 0.45391416549682617, 0.4181630611419678, 0.35285046696662903, 0.3321801424026489, 0.30103635787963867, 0.28424501419067383], "epochs": 7, "lr": 1e-06}, {"accuracy": [0.8736033519553073, 0.8931564245810056, 0.8819832402234636], "f1_score": [0.78265213991471, 0.8017125022711614, 0.8061700558907263], "loss": [0.34483951330184937, 0.33381903171539307, 0.31471219658851624], "epochs": 3, "lr": 6e-07}], "val": [{"accuracy": [0.7792553191489362, 0.8191489361702128, 0.8191489361702128, 0.8164893617021277, 0.8218085106382979, 0.8377659574468085, 0.8404255319148937], "f1_score": [0.48827059465357325, 0.6112242367561515, 0.6068725600640492, 0.6569246356480397, 0.6760813654430675, 0.6819733458031331, 0.6798577309215605], "loss": [0.6285957098007202, 0.5769256949424744, 0.6125919818878174, 0.5243727564811707, 0.5283812284469604, 0.555637776851654, 0.5803785920143127], "epochs": 7, "lr": 1e-06}, {"accuracy": [0.8191489361702128, 0.824468085106383, 0.8191489361702128], "f1_score": [0.664733847712571, 0.6278189895211168, 0.6816063369254859], "loss": [0.5283104777336121, 0.5918560028076172, 0.5378488302230835], "epochs": 3, "lr": 6e-07}]}