{"train": [{"accuracy_score": [0.7613065326633166, 0.8090452261306532, 0.8611809045226131, 0.8919597989949749, 0.9117462311557789, 0.926821608040201], "f1_score": [0.7609321496387071, 0.807047228711995, 0.8603197743087192, 0.8912678416493438, 0.9112873391922891, 0.926447754469987], "loss": [0.5267400145530701, 0.3984261155128479, 0.3178698420524597, 0.2834886610507965, 0.2314072847366333, 0.20447835326194763], "epochs": 6, "lr": 1e-06}, {"accuracy_score": [0.8815954773869347, 0.8910175879396985, 0.9020100502512562], "f1_score": [0.8807820721808117, 0.8903896168317249, 0.9015049962958086], "loss": [0.2910991311073303, 0.26427891850471497, 0.24381007254123688], "epochs": 3, "lr": 6e-07}], "val": [{"accuracy_score": [0.7126168224299065, 0.7523364485981309, 0.7827102803738317, 0.7710280373831776, 0.7827102803738317, 0.780373831775701], "f1_score": [0.7122634032761438, 0.747371703492516, 0.781410802053873, 0.768111455108359, 0.7812474238702125, 0.7789790581668754], "loss": [0.5855489373207092, 0.5018197298049927, 0.47272932529449463, 0.5037735104560852, 0.5118861794471741, 0.5142747163772583], "epochs": 6, "lr": 1e-06}, {"accuracy_score": [0.7780373831775701, 0.7850467289719626, 0.7897196261682243], "f1_score": [0.7753280839895014, 0.7829566751185095, 0.7883842046278593], "loss": [0.4888744652271271, 0.47962281107902527, 0.4997272789478302], "epochs": 3, "lr": 6e-07}]}