{"train": [{"accuracy_score": [0.7451048951048951, 0.7451048951048951, 0.8020979020979021, 0.8643356643356643, 0.8758741258741258, 0.9027972027972028, 0.9216783216783216, 0.9328671328671329, 0.9423076923076923, 0.9475524475524476, 0.9583916083916084], "f1_score": [0.4407508799374267, 0.4407508799374267, 0.7157642191411708, 0.835249630251429, 0.8408005097286059, 0.8903200851785923, 0.9117955164466793, 0.9219746632523809, 0.9362148281185996, 0.9418878386416709, 0.9510729773591933], "loss": [0.5477560758590698, 0.49675890803337097, 0.40910032391548157, 0.33595025539398193, 0.2855388820171356, 0.25437551736831665, 0.22185450792312622, 0.18386995792388916, 0.16695746779441833, 0.15164175629615784, 0.12820586562156677], "epochs": 11, "lr": 1e-06}, {"accuracy_score": [0.941958041958042, 0.9468531468531468, 0.9545454545454546], "f1_score": [0.9339538397588781, 0.9396523644082639, 0.9478528300201966], "loss": [0.16849325597286224, 0.157498300075531, 0.14116057753562927], "epochs": 3, "lr": 6e-07}], "val": [{"accuracy_score": [0.7980535279805353, 0.7980535279805353, 0.8236009732360098, 0.8564476885644768, 0.864963503649635, 0.8637469586374696, 0.8625304136253041, 0.8637469586374696, 0.8673965936739659, 0.8600973236009732, 0.8600973236009732], "f1_score": [0.45126835781041386, 0.45126835781041386, 0.6865624754574726, 0.7903841869051786, 0.7877125523370077, 0.8067774519387423, 0.8049505856515373, 0.7980613106449308, 0.8093645484949834, 0.8071081130690163, 0.7824214792299898], "loss": [0.5056285858154297, 0.469481885433197, 0.3991221785545349, 0.3587573766708374, 0.3286382853984833, 0.3350978195667267, 0.32949087023735046, 0.32197901606559753, 0.3300307095050812, 0.34194549918174744, 0.35377705097198486], "epochs": 11, "lr": 1e-06}, {"accuracy_score": [0.8600973236009732, 0.864963503649635, 0.8613138686131386], "f1_score": [0.7935359382537386, 0.8067017598994344, 0.7966162239397285], "loss": [0.32895627617836, 0.33663028478622437, 0.33854052424430847], "epochs": 3, "lr": 6e-07}]}