{"train": [{"accuracy_score": [0.7488433575677462, 0.7544613350958361, 0.8043621943159286, 0.8374091209517515, 0.8588896232650364, 0.8773959021810972, 0.8975545274289491, 0.9081295439524124, 0.9249834765366821, 0.9342366159947125, 0.9391936549900859, 0.9547257105089226, 0.963978849966953], "f1_score": [0.4431345794330012, 0.48208688653638654, 0.6891876897129063, 0.77748942403317, 0.822532524723823, 0.8497239212187382, 0.8801643157437179, 0.8918054107320874, 0.9123287963580029, 0.92206747212076, 0.9276100234708828, 0.947096870803505, 0.9622030022865096], "loss": [0.5268125534057617, 0.4752037823200226, 0.41098910570144653, 0.355389803647995, 0.31225189566612244, 0.28444603085517883, 0.2608851194381714, 0.2304689735174179, 0.19957956671714783, 0.1705068051815033, 0.15150368213653564, 0.13020169734954834, 0.11354047060012817], "epochs": 13, "lr": 1e-06}, {"accuracy_score": [0.9405155320555189, 0.9540647719762062, 0.9590218109715797], "f1_score": [0.930239738458254, 0.948029992837363, 0.9555819486433448], "loss": [0.1549942046403885, 0.14227063953876495, 0.12999452650547028], "epochs": 3, "lr": 6e-07}], "val": [{"accuracy_score": [0.7957317073170732, 0.7957317073170732, 0.8079268292682927, 0.8277439024390244, 0.8414634146341463, 0.8521341463414634, 0.8612804878048781, 0.8612804878048781, 0.8628048780487805, 0.864329268292683, 0.864329268292683, 0.8689024390243902, 0.864329268292683], "f1_score": [0.45333333333333337, 0.45333333333333337, 0.571719263172926, 0.6968612023095211, 0.7628166160081054, 0.7668260110782306, 0.8154151542649728, 0.8135955340118083, 0.7999317006537223, 0.7982977876216311, 0.7935687037558565, 0.8098682510979074, 0.810752688172043], "loss": [0.48976466059684753, 0.4328499436378479, 0.3894459307193756, 0.3560476303100586, 0.34175199270248413, 0.3290603458881378, 0.32626819610595703, 0.31841787695884705, 0.30222252011299133, 0.2966242730617523, 0.3021495044231415, 0.3080364465713501, 0.31666141748428345], "epochs": 13, "lr": 1e-06}, {"accuracy_score": [0.864329268292683, 0.8704268292682927, 0.864329268292683], "f1_score": [0.7997037483367226, 0.8232468443197756, 0.8194721407624634], "loss": [0.30896180868148804, 0.30157867074012756, 0.31141215562820435], "epochs": 3, "lr": 6e-07}]}