{"train": [{"accuracy_score": [0.7451048951048951, 0.7451048951048951, 0.8087412587412588, 0.8706293706293706, 0.8842657342657343, 0.8993006993006993, 0.922027972027972, 0.9353146853146853, 0.9370629370629371], "f1_score": [0.7446325671314161, 0.7446170523550109, 0.807550152386986, 0.8695512820512821, 0.8833235903736848, 0.8986452065414006, 0.9216093473890288, 0.9348285927939959, 0.9366387834646426], "loss": [0.5442899465560913, 0.47309520840644836, 0.39975184202194214, 0.336935430765152, 0.2935872972011566, 0.24687156081199646, 0.21783165633678436, 0.18904122710227966, 0.16219599545001984], "epochs": 9, "lr": 1e-06}, {"accuracy_score": [0.9125874125874126, 0.9223776223776223, 0.9293706293706294], "f1_score": [0.9120765718372529, 0.9218985256520019, 0.9289346945121819], "loss": [0.22519974410533905, 0.2084554135799408, 0.19318360090255737], "epochs": 3, "lr": 6e-07}], "val": [{"accuracy_score": [0.7980535279805353, 0.7980535279805353, 0.843065693430657, 0.8309002433090025, 0.8467153284671532, 0.8576642335766423, 0.8479318734793188, 0.8442822384428224, 0.8540145985401459], "f1_score": [0.7979339063268196, 0.7979339063268196, 0.8426742907672518, 0.8296291767751248, 0.8457804487274936, 0.856976510740815, 0.8471971268598452, 0.8433912836389617, 0.8532841504045693], "loss": [0.506420910358429, 0.44251883029937744, 0.39050304889678955, 0.38214749097824097, 0.3642560839653015, 0.34204769134521484, 0.3474259078502655, 0.34927666187286377, 0.3478822112083435], "epochs": 9, "lr": 1e-06}, {"accuracy_score": [0.8503649635036497, 0.8491484184914841, 0.8442822384428224], "f1_score": [0.8496920430708577, 0.8484450180507561, 0.8433912836389617], "loss": [0.34116825461387634, 0.3431703448295593, 0.3458784520626068], "epochs": 3, "lr": 6e-07}]}