{"train": [{"accuracy": [0.7959310589907606, 0.8344882729211087, 0.8623845060412225, 0.8694029850746269, 0.8830845771144279, 0.8861940298507462, 0.8966773276474769], "f1_score": [0.5176402370432229, 0.6509915733796338, 0.7484008114605133, 0.7616287526735289, 0.7765380280305656, 0.7934290695484729, 0.8190104809507793], "loss": [0.5869017839431763, 0.4839743971824646, 0.41140127182006836, 0.38192206621170044, 0.3522281050682068, 0.32470837235450745, 0.3010772168636322], "epochs": 7, "lr": 1e-06}, {"accuracy": [0.8768656716417911, 0.8742892679459844, 0.8817519545131486], "f1_score": [0.7721423407990576, 0.7981039689994913, 0.7996136809569648], "loss": [0.36049753427505493, 0.3539048433303833, 0.3324776887893677], "epochs": 3, "lr": 6e-07}], "val": [{"accuracy": [0.7885714285714286, 0.8385714285714286, 0.8592857142857143, 0.8692857142857143, 0.8685714285714287, 0.8642857142857143, 0.8692857142857143], "f1_score": [0.5183516483516485, 0.6738716838716841, 0.7736829836829839, 0.7700386280386282, 0.7633952713952715, 0.7703742923742923, 0.7742850482850484], "loss": [0.6588109135627747, 0.5233368873596191, 0.47778618335723877, 0.46267208456993103, 0.4641457498073578, 0.46833980083465576, 0.47288990020751953], "epochs": 7, "lr": 1e-06}, {"accuracy": [0.85, 0.85, 0.85], "f1_score": [0.7697296037296038, 0.7758834498834501, 0.7697296037296038], "loss": [0.4627893567085266, 0.47251975536346436, 0.4689444303512573], "epochs": 3, "lr": 6e-07}]}