{"train": [{"accuracy_score": [0.7573117610454263, 0.7722464219041693, 0.8372744243932794, 0.8771001866832607, 0.8976353453640323, 0.9119477286869944, 0.9234598630989421, 0.9390168014934661, 0.9499066583696328], "f1_score": [0.44282238442822386, 0.5390555555555555, 0.7643654444767102, 0.8442920370727452, 0.871881038996942, 0.8911870575906127, 0.9003609129479078, 0.9244902293967715, 0.9367494199224775], "loss": [0.5232847929000854, 0.4472367465496063, 0.35759925842285156, 0.3010020852088928, 0.25842761993408203, 0.2255360633134842, 0.19693860411643982, 0.16647471487522125, 0.1441173404455185], "epochs": 9, "lr": 1e-06}, {"accuracy_score": [0.9200373366521468, 0.9287492221530803, 0.9368388301182328], "f1_score": [0.9031268378578712, 0.9117573102470069, 0.9221233676554493], "loss": [0.20972587168216705, 0.1899937093257904, 0.1727483570575714], "epochs": 3, "lr": 6e-07}], "val": [{"accuracy_score": [0.7386934673366834, 0.7412060301507538, 0.8115577889447236, 0.864321608040201, 0.8618090452261307, 0.8567839195979899, 0.8442211055276382, 0.8417085427135679, 0.8341708542713567], "f1_score": [0.44101123595505615, 0.456884251828072, 0.7392260614560755, 0.8398665554628857, 0.8329369124476158, 0.8193154454764361, 0.7974055475848878, 0.8041595441595442, 0.7940066068900424], "loss": [0.5477007031440735, 0.4752548336982727, 0.3835558295249939, 0.35913893580436707, 0.34120845794677734, 0.3367702066898346, 0.3537718951702118, 0.3570749759674072, 0.38062888383865356], "epochs": 9, "lr": 1e-06}, {"accuracy_score": [0.8592964824120602, 0.8517587939698492, 0.8517587939698492], "f1_score": [0.82909466514056, 0.8184650240725007, 0.816219470244238], "loss": [0.33739128708839417, 0.3432919681072235, 0.3534899055957794], "epochs": 3, "lr": 6e-07}]}