{
    "train": [
        {
            "accuracy_score": [
                0.7616206030150754,
                0.7741834170854272,
                0.8470477386934674,
                0.8762562814070352,
                0.8837939698492462,
                0.9111180904522613,
                0.9296482412060302
            ],
            "f1_score": [
                0.7612407447859442,
                0.77351478695879,
                0.8454373708101418,
                0.8753330590552512,
                0.8831737146411276,
                0.9105443147015968,
                0.9291904943448976
            ],
            "loss": [
                0.523659348487854,
                0.4509899914264679,
                0.35911545157432556,
                0.29757487773895264,
                0.2662283778190613,
                0.2357291728258133,
                0.19832655787467957
            ],
            "epochs": 7,
            "lr": 1e-06
        },
        {
            "accuracy_score": [
                0.884108040201005,
                0.8938442211055276,
                0.9020100502512562,
                0.9067211055276382
            ],
            "f1_score": [
                0.8833716652635285,
                0.8931535137882831,
                0.901450121901666,
                0.9061094002297702
            ],
            "loss": [
                0.27649739384651184,
                0.2574503421783447,
                0.24067839980125427,
                0.22451582551002502
            ],
            "epochs": 4,
            "lr": 6e-07
        }
    ],
    "val": [
        {
            "accuracy_score": [
                0.7102803738317757,
                0.7266355140186916,
                0.7523364485981309,
                0.7710280373831776,
                0.7710280373831776,
                0.7710280373831776,
                0.780373831775701
            ],
            "f1_score": [
                0.7098749234671564,
                0.725543284645529,
                0.7470279915244786,
                0.7688016756697167,
                0.7697408871321915,
                0.7697408871321915,
                0.7788089373680507
            ],
            "loss": [
                0.5976919531822205,
                0.5536835193634033,
                0.5249198079109192,
                0.5084573030471802,
                0.507457971572876,
                0.5212112665176392,
                0.5105599164962769
            ],
            "epochs": 7,
            "lr": 1e-06
        },
        {
            "accuracy_score": [
                0.7780373831775701,
                0.7686915887850467,
                0.7710280373831776,
                0.7733644859813084
            ],
            "f1_score": [
                0.776178968749828,
                0.7671343544424842,
                0.7693965517241379,
                0.7718387109183937
            ],
            "loss": [
                0.5010566115379333,
                0.5082396864891052,
                0.5117718577384949,
                0.5169733762741089
            ],
            "epochs": 4,
            "lr": 6e-07
        }
    ]
}