{"train": [{"accuracy_score": [0.7440559440559441, 0.7695804195804196, 0.8321678321678322, 0.8594405594405594, 0.8828671328671329, 0.9006993006993007, 0.894055944055944, 0.9283216783216783, 0.9384615384615385, 0.9433566433566434, 0.9527972027972028, 0.9636363636363636], "f1_score": [0.743475882674697, 0.7682462403063457, 0.8297041258045885, 0.8584437330706722, 0.8819136035504059, 0.899858906890877, 0.8934310782856937, 0.9279368440123359, 0.9380251169662644, 0.9429749051181784, 0.9525136583189835, 0.9633741310837681], "loss": [0.5234108567237854, 0.4595522880554199, 0.3937036395072937, 0.3312993049621582, 0.28849998116493225, 0.2600039541721344, 0.24051527678966522, 0.19975844025611877, 0.17291270196437836, 0.16792786121368408, 0.1379212737083435, 0.11495594680309296], "epochs": 12, "lr": 1e-06}, {"accuracy_score": [0.9433566433566434, 0.951048951048951, 0.9566433566433566], "f1_score": [0.943049597443304, 0.9507133516102603, 0.9563358778625954], "loss": [0.16369009017944336, 0.14968229830265045, 0.13083210587501526], "epochs": 3, "lr": 6e-07}], "val": [{"accuracy_score": [0.7956204379562044, 0.8102189781021898, 0.8467153284671532, 0.8552311435523114, 0.8576642335766423, 0.8552311435523114, 0.8613138686131386, 0.8576642335766423, 0.8637469586374696, 0.8576642335766423, 0.8613138686131386, 0.8698296836982968], "f1_score": [0.7954739336492891, 0.809930928171227, 0.8451745993781392, 0.8546717121068278, 0.8568232062705166, 0.8540803007361772, 0.860798830631744, 0.8570700352963032, 0.8630171228596426, 0.856712281825699, 0.8605710000535647, 0.8691088646249868], "loss": [0.49216943979263306, 0.434102863073349, 0.3997737467288971, 0.3580247759819031, 0.34573620557785034, 0.352519154548645, 0.3382628858089447, 0.34597983956336975, 0.3338991403579712, 0.3532768487930298, 0.34789741039276123, 0.343709260225296], "epochs": 12, "lr": 1e-06}, {"accuracy_score": [0.8600973236009732, 0.8564476885644768, 0.8686131386861314], "f1_score": [0.8593728382646313, 0.8555162305162305, 0.8679557353641123], "loss": [0.34465500712394714, 0.3448272943496704, 0.34103232622146606], "epochs": 3, "lr": 6e-07}]}