{"train": [{"accuracy": [0.8015075376884422, 0.8517587939698492, 0.8435929648241206, 0.8793969849246231, 0.9026381909547738, 0.9020100502512562, 0.9051507537688442, 0.925251256281407], "f1_score": [0.5095256502291687, 0.7219594475875889, 0.7460233791892087, 0.7643484934942222, 0.8081065779558245, 0.8288094094626756, 0.8234659812549259, 0.8697583823211962], "loss": [0.5868950486183167, 0.44783079624176025, 0.40781301259994507, 0.35902148485183716, 0.33052560687065125, 0.30091407895088196, 0.2836209535598755, 0.25559818744659424], "epochs": 8, "lr": 1e-06}, {"accuracy": [0.8988693467336684, 0.8976130653266332, 0.914572864321608], "f1_score": [0.8169038387631353, 0.8352687234596783, 0.8572695311388777], "loss": [0.3047328293323517, 0.2912718653678894, 0.275387704372406], "epochs": 3, "lr": 6e-07}], "val": [{"accuracy": [0.7469135802469137, 0.7469135802469137, 0.7515432098765432, 0.79320987654321, 0.8163580246913581, 0.7700617283950618, 0.7885802469135803, 0.779320987654321], "f1_score": [0.46197259530592877, 0.661461789239567, 0.6859884970996083, 0.7136172469505804, 0.7530777864111197, 0.7161716883939107, 0.7190254190254192, 0.7131251464584799], "loss": [0.6800442934036255, 0.609193742275238, 0.6506960391998291, 0.5845959186553955, 0.5800945162773132, 0.6423222422599792, 0.6306726336479187, 0.6479987502098083], "epochs": 8, "lr": 1e-06}, {"accuracy": [0.779320987654321, 0.7746913580246914, 0.79320987654321], "f1_score": [0.7137613415391194, 0.7211687489465268, 0.7392862281751171], "loss": [0.6139433979988098, 0.6380420327186584, 0.6214380264282227], "epochs": 3, "lr": 6e-07}]}