{"train": [{"accuracy_score": [0.759453781512605, 0.759453781512605, 0.7839635854341737, 0.8550420168067226, 0.8851540616246498, 0.9012605042016807, 0.9243697478991597, 0.9397759103641457], "f1_score": [0.7590766269067644, 0.7590766269067644, 0.7832044708683068, 0.8540791261215721, 0.8842815128707862, 0.900692471590909, 0.924019164685741, 0.9394422342190234], "loss": [0.5463248491287231, 0.5044758319854736, 0.42381739616394043, 0.3288297653198242, 0.2762424051761627, 0.23961278796195984, 0.20322780311107635, 0.17682737112045288], "epochs": 8, "lr": 1e-06}, {"accuracy_score": [0.8960084033613446, 0.9037114845938375, 0.9166666666666666], "f1_score": [0.8953819702894524, 0.9031419665732493, 0.9162136696383272], "loss": [0.2527760863304138, 0.2370442897081375, 0.21636800467967987], "epochs": 3, "lr": 6e-07}], "val": [{"accuracy_score": [0.7393617021276596, 0.7393617021276596, 0.7566489361702128, 0.7898936170212766, 0.7978723404255319, 0.800531914893617, 0.8085106382978723, 0.8031914893617021], "f1_score": [0.7389462348832103, 0.7389462348832103, 0.7559234014930218, 0.7889606468160084, 0.796901208244492, 0.7998466910825313, 0.8077272727272726, 0.8022459132906894], "loss": [0.5695098638534546, 0.5471761226654053, 0.5125628709793091, 0.47751572728157043, 0.471623957157135, 0.48775091767311096, 0.4846150279045105, 0.48259857296943665], "epochs": 8, "lr": 1e-06}, {"accuracy_score": [0.7978723404255319, 0.7978723404255319, 0.8058510638297872], "f1_score": [0.7970454545454546, 0.7971779802969651, 0.8049889521211218], "loss": [0.47217899560928345, 0.4977016746997833, 0.48356103897094727], "epochs": 3, "lr": 6e-07}]}