{"train": [{"accuracy_score": [0.7616206030150754, 0.7917713567839196, 0.8382537688442211, 0.8690326633165829, 0.8888190954773869, 0.9098618090452262, 0.9161432160804021], "f1_score": [0.44490934449093444, 0.5952582159624413, 0.7571956492751967, 0.8198463674007153, 0.855606562951628, 0.8888571629908859, 0.8996164875489197], "loss": [0.5214378833770752, 0.440784752368927, 0.3595186471939087, 0.3054395914077759, 0.2618783116340637, 0.22944460809230804, 0.2155824452638626], "epochs": 7, "lr": 1e-06}, {"accuracy_score": [0.8859924623115578, 0.8869346733668342, 0.8988693467336684], "f1_score": [0.8584640898073733, 0.851007286468322, 0.8714354805363578], "loss": [0.2849857211112976, 0.26146572828292847, 0.2424914836883545], "epochs": 3, "lr": 6e-07}], "val": [{"accuracy_score": [0.7102803738317757, 0.735981308411215, 0.7570093457943925, 0.7686915887850467, 0.7570093457943925, 0.7593457943925234, 0.7523364485981309], "f1_score": [0.42780748663101603, 0.5626376473636482, 0.7280958895185983, 0.7487282746926665, 0.7361226622310366, 0.7444610405775454, 0.7404897839680449], "loss": [0.5937233567237854, 0.5579984784126282, 0.517611026763916, 0.4976251423358917, 0.5108063817024231, 0.5177983641624451, 0.5539254546165466], "epochs": 7, "lr": 1e-06}, {"accuracy_score": [0.7663551401869159, 0.7686915887850467, 0.7686915887850467], "f1_score": [0.7575320512820514, 0.7498206069815543, 0.7532467532467533], "loss": [0.5199914574623108, 0.5041432976722717, 0.5101269483566284], "epochs": 3, "lr": 6e-07}]}