{"train": [{"accuracy_score": [0.7471910112359551, 0.7534699272967614, 0.780237937871778, 0.841044282881692, 0.8512888301387971, 0.8767349636483807, 0.8995373430270985, 0.8978849966953073, 0.9286186384666226, 0.9438202247191011, 0.9527428949107734, 0.956708526107072, 0.956708526107072, 0.9712491738268341], "f1_score": [0.7467163191919921, 0.7528463124832212, 0.7787154258316906, 0.8391193214632511, 0.8504095200053785, 0.8759997789590797, 0.8989120038259206, 0.8972864280759263, 0.9282182393252505, 0.9434937766482832, 0.9524259188468531, 0.9564503245137786, 0.956445845832714, 0.9710686951175085], "loss": [0.5294972658157349, 0.47868454456329346, 0.4230145514011383, 0.36072131991386414, 0.32328954339027405, 0.2705143094062805, 0.236491858959198, 0.2190827578306198, 0.19381187856197357, 0.16205652058124542, 0.13970784842967987, 0.12446723878383636, 0.11526002734899521, 0.09432529658079147], "epochs": 14, "lr": 1e-06}, {"accuracy_score": [0.9623265036351619, 0.9633179114342366, 0.9679444811632518], "f1_score": [0.9620758649803873, 0.9630513934847398, 0.9677329601850175], "loss": [0.12661069631576538, 0.11434531211853027, 0.10187875479459763], "epochs": 3, "lr": 6e-07}], "val": [{"accuracy_score": [0.7942073170731707, 0.7987804878048781, 0.8033536585365854, 0.8307926829268293, 0.8414634146341463, 0.864329268292683, 0.8704268292682927, 0.875, 0.875, 0.875, 0.8871951219512195, 0.875, 0.875, 0.8765243902439024], "f1_score": [0.7939079986316384, 0.7984639016897082, 0.8027922845137971, 0.8284288430680926, 0.8405370282070699, 0.8633688344086625, 0.8696389119431425, 0.8743823268413433, 0.8738733669095786, 0.8742096007782392, 0.8863670411985018, 0.8744351073762839, 0.8744351073762839, 0.8754474174607081], "loss": [0.4946540594100952, 0.4416598379611969, 0.40289679169654846, 0.3749779462814331, 0.34415125846862793, 0.3165656328201294, 0.30521059036254883, 0.2989312708377838, 0.29683732986450195, 0.28788313269615173, 0.27968570590019226, 0.3022766411304474, 0.30681490898132324, 0.3106948435306549], "epochs": 14, "lr": 1e-06}, {"accuracy_score": [0.8810975609756098, 0.8765243902439024, 0.8810975609756098], "f1_score": [0.8800258855969162, 0.87571311285603, 0.880286369379065], "loss": [0.2883773744106293, 0.2934120297431946, 0.3021963834762573], "epochs": 3, "lr": 6e-07}]}