{"train": [{"accuracy_score": [0.759453781512605, 0.759453781512605, 0.7794117647058824, 0.8378851540616247, 0.8665966386554622, 0.8900560224089635, 0.8991596638655462], "f1_score": [0.7590766269067644, 0.7590766269067644, 0.7784311475111063, 0.8352232476469997, 0.8653298196400077, 0.889220716589716, 0.8986219463134895], "loss": [0.5193166732788086, 0.4705790877342224, 0.4248117506504059, 0.38255906105041504, 0.3064750134944916, 0.26446637511253357, 0.22969016432762146], "epochs": 7, "lr": 1e-06}, {"accuracy_score": [0.8511904761904762, 0.8665966386554622, 0.8785014005602241], "f1_score": [0.8497978805142016, 0.8654204275904598, 0.8774781591162393], "loss": [0.33367595076560974, 0.3049497902393341, 0.28364628553390503], "epochs": 3, "lr": 6e-07}], "val": [{"accuracy_score": [0.7393617021276596, 0.7393617021276596, 0.7606382978723404, 0.7898936170212766, 0.7965425531914894, 0.800531914893617, 0.8058510638297872], "f1_score": [0.7389462348832103, 0.7389462348832103, 0.759659090909091, 0.7873653316153048, 0.7954483634055671, 0.7994980340853342, 0.8051218698303833], "loss": [0.5573323965072632, 0.5183794498443604, 0.4885379374027252, 0.45534467697143555, 0.4608231782913208, 0.46640193462371826, 0.5180718302726746], "epochs": 7, "lr": 1e-06}, {"accuracy_score": [0.7938829787234043, 0.7992021276595744, 0.7992021276595744], "f1_score": [0.7926063524090651, 0.7982743030326716, 0.7979584465404441], "loss": [0.47749796509742737, 0.4691180884838104, 0.46213439106941223], "epochs": 3, "lr": 6e-07}]}