{"train": [{"accuracy_score": [0.7566894835096453, 0.7719352831362788, 0.8453640323584318, 0.8752333540759178, 0.8911014312383323, 0.896701929060361, 0.9284380833851898, 0.9446172993154948, 0.9536403235843186], "f1_score": [0.7562658070722587, 0.7712256700610959, 0.8438642378807597, 0.8743266265032397, 0.8904385341573866, 0.8961702054783857, 0.9280632527998324, 0.9442855734916772, 0.9533737906308082], "loss": [0.5277154445648193, 0.45096519589424133, 0.3591516613960266, 0.30551254749298096, 0.2771238386631012, 0.23333647847175598, 0.1940394937992096, 0.16607965528964996, 0.1448901742696762], "epochs": 9, "lr": 1e-06}, {"accuracy_score": [0.9262601120099564, 0.9334163036714375, 0.9387056627255757, 0.9461729931549471], "f1_score": [0.9258148414533014, 0.9330366600618114, 0.9383818238846999, 0.9458886067616907], "loss": [0.20495478808879852, 0.19036158919334412, 0.17244946956634521, 0.16191330552101135], "epochs": 4, "lr": 6e-07}], "val": [{"accuracy_score": [0.7386934673366834, 0.7638190954773869, 0.8492462311557789, 0.8793969849246231, 0.8542713567839196, 0.8517587939698492, 0.8467336683417085, 0.8492462311557789, 0.8417085427135679], "f1_score": [0.7380319485582643, 0.7624695245835027, 0.8468288177339902, 0.8782874617737002, 0.8529306829765546, 0.8509675494881412, 0.8457981618744561, 0.8481379731379731, 0.8406127832692368], "loss": [0.5441278219223022, 0.46590790152549744, 0.39389556646347046, 0.367633581161499, 0.35930198431015015, 0.3540972173213959, 0.35597914457321167, 0.3654869496822357, 0.3729543387889862], "epochs": 9, "lr": 1e-06}, {"accuracy_score": [0.8592964824120602, 0.8542713567839196, 0.8442211055276382, 0.8417085427135679], "f1_score": [0.8583809886897955, 0.8532000407000406, 0.8433309630231614, 0.8403285891680199], "loss": [0.3419547975063324, 0.34669730067253113, 0.35860970616340637, 0.36160415410995483], "epochs": 4, "lr": 6e-07}]}