{"train": [{"accuracy_score": [0.7471910112359551, 0.7709847984137476, 0.8261731658955717, 0.8635161929940516, 0.880039656311963, 0.8975545274289491, 0.9167217448777264, 0.9289491077329808, 0.9398545935228024, 0.9547257105089226, 0.9573694646397884, 0.958030403172505, 0.9686054196959683], "f1_score": [0.7467726195577182, 0.7694983538014912, 0.8249592111531597, 0.8625706328849447, 0.8791680705852303, 0.8969696064402839, 0.9162378336198078, 0.9285253417592549, 0.9395111882971989, 0.9544694885211629, 0.9571239099166486, 0.9578012258114601, 0.9684016502325277], "loss": [0.5454954504966736, 0.47218069434165955, 0.3894549012184143, 0.33704718947410583, 0.29324764013290405, 0.26917099952697754, 0.2292485237121582, 0.20614998042583466, 0.18039259314537048, 0.15866529941558838, 0.1382599025964737, 0.12801873683929443, 0.10823071002960205], "epochs": 13, "lr": 1e-06}, {"accuracy_score": [0.9438202247191011, 0.9610046265697291, 0.9643093192333113], "f1_score": [0.9435050957652433, 0.9607659834435412, 0.9640871592539455], "loss": [0.15211611986160278, 0.13162004947662354, 0.12269335985183716], "epochs": 3, "lr": 6e-07}], "val": [{"accuracy_score": [0.7957317073170732, 0.801829268292683, 0.8262195121951219, 0.8551829268292683, 0.864329268292683, 0.8597560975609756, 0.8689024390243902, 0.8704268292682927, 0.8780487804878049, 0.8780487804878049, 0.8795731707317073, 0.8795731707317073, 0.8795731707317073], "f1_score": [0.7955017075644641, 0.8013565891472868, 0.8255042326610231, 0.8541577445935161, 0.8635680652435533, 0.8590630984073608, 0.8682546354677502, 0.8696389119431425, 0.8774461725281397, 0.8772776592958431, 0.878840871100097, 0.8787206507672397, 0.8787206507672397], "loss": [0.5164577960968018, 0.4405294358730316, 0.3822002708911896, 0.3466578423976898, 0.3197602331638336, 0.31420302391052246, 0.2932368218898773, 0.2923908531665802, 0.29359954595565796, 0.2815525531768799, 0.29165318608283997, 0.29640087485313416, 0.29903507232666016], "epochs": 13, "lr": 1e-06}, {"accuracy_score": [0.8719512195121951, 0.8810975609756098, 0.8826219512195121], "f1_score": [0.871261961722488, 0.880286369379065, 0.8816647339260405], "loss": [0.3050324320793152, 0.2891210615634918, 0.292083203792572], "epochs": 3, "lr": 6e-07}]}