{"train": [{"accuracy": [0.7894736842105263, 0.8111842105263158, 0.8513157894736842, 0.8598684210526316, 0.8644736842105263, 0.875, 0.8828947368421053, 0.8717105263157895, 0.8927631578947368, 0.8980263157894737, 0.9171052631578948, 0.9243421052631579, 0.9243421052631579], "f1_score": [0.5110973237289037, 0.6672475477738642, 0.7292840492840499, 0.7459263251368515, 0.7611960261960264, 0.7878788755104547, 0.7927303106250476, 0.792809091493302, 0.8307981784297575, 0.8341371786108627, 0.8599633115422587, 0.8655235699972541, 0.8654629873050924], "loss": [0.611038863658905, 0.5327206254005432, 0.4456116855144501, 0.40753304958343506, 0.37966781854629517, 0.354995995759964, 0.33268362283706665, 0.3296656906604767, 0.2919393479824066, 0.26967230439186096, 0.248930424451828, 0.22937148809432983, 0.2182973027229309], "epochs": 13, "lr": 1e-06}, {"accuracy": [0.9164473684210527, 0.9039473684210526, 0.9125], "f1_score": [0.8370854584012482, 0.8464326609063454, 0.865991026517342], "loss": [0.2527604103088379, 0.2447420209646225, 0.2291954755783081], "epochs": 3, "lr": 6e-07}], "val": [{"accuracy": [0.8292682926829268, 0.8384146341463414, 0.8658536585365854, 0.8658536585365854, 0.8536585365853658, 0.875, 0.8810975609756098, 0.8597560975609756, 0.8628048780487805, 0.875, 0.875, 0.8689024390243902, 0.8719512195121951], "f1_score": [0.5129813276154737, 0.625176449566693, 0.6769035842206571, 0.7214444092492872, 0.7224109224109224, 0.7403848184335988, 0.7655157850279802, 0.753873768507915, 0.7439487341926367, 0.7655953802295267, 0.748068191970631, 0.7319331075428637, 0.7391340366950123], "loss": [0.5563857555389404, 0.49105173349380493, 0.4142508804798126, 0.38588863611221313, 0.3774096965789795, 0.3588548004627228, 0.3539786636829376, 0.3763430416584015, 0.35724177956581116, 0.34866225719451904, 0.35090774297714233, 0.36478012800216675, 0.36942967772483826], "epochs": 13, "lr": 1e-06}, {"accuracy": [0.8719512195121951, 0.8689024390243902, 0.8719512195121951], "f1_score": [0.7430650650162846, 0.7495886227593546, 0.7481932701444896], "loss": [0.35626694560050964, 0.35004884004592896, 0.3536544442176819], "epochs": 3, "lr": 6e-07}]}