{"train": [{"accuracy_score": [0.7576228998133168, 0.7576228998133168, 0.7940261356565028, 0.8537647790914747, 0.8783447417548227, 0.8939016801493466, 0.9166148102053516, 0.9352831362787803, 0.9443061605476042], "f1_score": [0.7572673940903765, 0.7572673940903765, 0.7927316156987437, 0.8523915504232293, 0.8774993281186044, 0.8933017514601993, 0.9160397074190177, 0.934802342977407, 0.943980639879896], "loss": [0.5365209579467773, 0.4875663220882416, 0.43592584133148193, 0.3396073877811432, 0.2911836802959442, 0.2396184206008911, 0.22182904183864594, 0.17676904797554016, 0.1557314395904541], "epochs": 9, "lr": 1e-06}, {"accuracy_score": [0.9066583696328563, 0.9178593652769135, 0.9275046670815184], "f1_score": [0.9061862583203506, 0.9173987723754491, 0.9271015582601416], "loss": [0.22082963585853577, 0.20254935324192047, 0.18872550129890442], "epochs": 3, "lr": 6e-07}], "val": [{"accuracy_score": [0.7386934673366834, 0.7386934673366834, 0.7738693467336684, 0.8668341708542714, 0.871859296482412, 0.8567839195979899, 0.8467336683417085, 0.8266331658291457, 0.821608040201005], "f1_score": [0.7380319485582643, 0.7380319485582643, 0.7715619499502562, 0.8651097653777041, 0.8706169565854809, 0.8552477938783714, 0.8447489752460369, 0.8249523530274154, 0.8203731367002511], "loss": [0.5534137487411499, 0.5093668103218079, 0.4678099751472473, 0.37539491057395935, 0.3487362265586853, 0.3286086618900299, 0.34118202328681946, 0.36840569972991943, 0.3660178482532501], "epochs": 9, "lr": 1e-06}, {"accuracy_score": [0.8492462311557789, 0.8542713567839196, 0.8391959798994975], "f1_score": [0.8477079666335042, 0.8526302349336057, 0.8375551644090713], "loss": [0.338016539812088, 0.34017840027809143, 0.34179186820983887], "epochs": 3, "lr": 6e-07}]}