{"train": [{"accuracy": [0.7881750465549349, 0.8237895716945997, 0.8645251396648045, 0.880586592178771, 0.8775605214152701, 0.8894320297951583, 0.9050279329608939, 0.9057262569832403, 0.9264432029795159, 0.928538175046555], "f1_score": [0.49348528566405725, 0.6229805886230475, 0.7524389328858608, 0.770576413034514, 0.8097044172463166, 0.8223755139956264, 0.8455115957909255, 0.8445333375500974, 0.8669237342421698, 0.8771341321620653], "loss": [0.6073014736175537, 0.5164234042167664, 0.4230417013168335, 0.38934943079948425, 0.3556305766105652, 0.3220793604850769, 0.29653674364089966, 0.28130561113357544, 0.2658425271511078, 0.2440720647573471], "epochs": 10, "lr": 1e-06}, {"accuracy": [0.9061918063314712, 0.8861731843575419, 0.9257448789571695], "f1_score": [0.8479187169131304, 0.8235529833295199, 0.8680687096888212], "loss": [0.2814333140850067, 0.28659680485725403, 0.2666894793510437], "epochs": 3, "lr": 6e-07}], "val": [{"accuracy": [0.8245192307692307, 0.8509615384615384, 0.8677884615384616, 0.8629807692307693, 0.8493589743589743, 0.8557692307692307, 0.8533653846153846, 0.8565705128205128, 0.8605769230769231, 0.8653846153846154], "f1_score": [0.535812905043674, 0.6156010656010652, 0.7126915819223512, 0.6930893892432354, 0.7170035093112018, 0.7091421399113708, 0.7116434847204078, 0.711862496477881, 0.7072132995209918, 0.7195548041701887], "loss": [0.5297303199768066, 0.453911691904068, 0.40713852643966675, 0.39214038848876953, 0.39626041054725647, 0.39070647954940796, 0.38352373242378235, 0.3970068395137787, 0.40260422229766846, 0.4024708867073059], "epochs": 10, "lr": 1e-06}, {"accuracy": [0.8629807692307693, 0.8613782051282051, 0.8557692307692307], "f1_score": [0.7327057557826789, 0.7646229838537533, 0.6913778529163144], "loss": [0.3900825083255768, 0.40554437041282654, 0.4205396771430969], "epochs": 3, "lr": 6e-07}]}